electrode,T,j,step_name,expression,result,values
Ni-HER,298.0,0.01,Potencial reversible (aprox. lineal),V_rev = V_ref + (ΔS/(nF))·(T - T_ref),1.2298732968034478,"{'V_ref': 1.23, 'ΔS_ref': 163.0, 'n': 2, 'F': 96485.33212, 'T': 298.0, 'T_ref': 298.15, 'slope': 0.0008446879770143449}"
Ni-HER,298.0,0.01,j0(T) Ni-HER,j0 = j0_ref * exp(-Ea/R * (1/T - 1/Tref)),0.01,"{'j0_ref': 0.01, 'Ea': 40000.0, 'R': 8.314462618, 'T': 298.0, 'T_ref': 298.0}"
Ni-HER,298.0,0.01,η_act Tafel Ni-HER,η = (RT/(α·nF))·ln(j/j0),0.0,"{'R': 8.314462618, 'T': 298.0, 'alpha': 0.5, 'n': 2, 'F': 96485.33212, 'j': 0.01, 'j0': 0.01, 'prefactor': 0.025679653121600303}"
Ni-HER,298.0,0.01,R capa membrana,R = delta / kappa(T),0.05015252070648465,"{'delta': 0.005, 'kappa_ref': 0.1, 'Ea_kappa': 15000, 'T': 298.0, 'T_ref': 298.15, 'kappa(T)': 0.0996958862598806}"
Ni-HER,298.0,0.01,R capa electrolito,R = delta / kappa(T),0.020048791756168367,"{'delta': 0.01, 'kappa_ref': 0.5, 'Ea_kappa': 12000, 'T': 298.0, 'T_ref': 298.15, 'kappa(T)': 0.4987831746480843}"
Ni-HER,298.0,0.01,Perdida ohmica total,η_ohm = j · R_total,0.00090201312462653,"{'j': 0.01, 'R_total': 0.090201312462653}"
Ni-HER,298.0,0.01,j_lim (Arrhenius),j_lim = j_lim_ref * exp(-Ea/R * (1/T - 1/Tref)),3.9902653971846744,"{'j_lim_ref': 4.0, 'Ea': 12000.0, 'R': 8.314462618, 'T': 298.0, 'T_ref': 298.15}"
Ni-HER,298.0,0.01,η_conc,η = -(RT/(nF))·ln(1 - j/j_lim),3.221826407553266e-05,"{'R': 8.314462618, 'T': 298.0, 'n': 2, 'F': 96485.33212, 'j': 0.01, 'j_lim': 3.9902653971846744, 'prefactor': 0.012839826560800151}"
Ni-HER,298.0,0.01,V_cell,V = V_rev + η_act + η_ohm + η_conc,1.2308075281921498,"{'V_rev': 1.2298732968034478, 'eta_act': 0.0, 'eta_ohm': 0.00090201312462653, 'eta_conc': 3.221826407553266e-05}"
Ni-HER,298.0,0.030204081632653063,Potencial reversible (aprox. lineal),V_rev = V_ref + (ΔS/(nF))·(T - T_ref),1.2298732968034478,"{'V_ref': 1.23, 'ΔS_ref': 163.0, 'n': 2, 'F': 96485.33212, 'T': 298.0, 'T_ref': 298.15, 'slope': 0.0008446879770143449}"
Ni-HER,298.0,0.030204081632653063,j0(T) Ni-HER,j0 = j0_ref * exp(-Ea/R * (1/T - 1/Tref)),0.01,"{'j0_ref': 0.01, 'Ea': 40000.0, 'R': 8.314462618, 'T': 298.0, 'T_ref': 298.0}"
Ni-HER,298.0,0.030204081632653063,η_act Tafel Ni-HER,η = (RT/(α·nF))·ln(j/j0),0.02838608249818203,"{'R': 8.314462618, 'T': 298.0, 'alpha': 0.5, 'n': 2, 'F': 96485.33212, 'j': 0.030204081632653063, 'j0': 0.01, 'prefactor': 0.025679653121600303}"
Ni-HER,298.0,0.030204081632653063,R capa membrana,R = delta / kappa(T),0.05015252070648465,"{'delta': 0.005, 'kappa_ref': 0.1, 'Ea_kappa': 15000, 'T': 298.0, 'T_ref': 298.15, 'kappa(T)': 0.0996958862598806}"
Ni-HER,298.0,0.030204081632653063,R capa electrolito,R = delta / kappa(T),0.020048791756168367,"{'delta': 0.01, 'kappa_ref': 0.5, 'Ea_kappa': 12000, 'T': 298.0, 'T_ref': 298.15, 'kappa(T)': 0.4987831746480843}"
Ni-HER,298.0,0.030204081632653063,Perdida ohmica total,η_ohm = j · R_total,0.0027244478049944175,"{'j': 0.030204081632653063, 'R_total': 0.090201312462653}"
Ni-HER,298.0,0.030204081632653063,j_lim (Arrhenius),j_lim = j_lim_ref * exp(-Ea/R * (1/T - 1/Tref)),3.9902653971846744,"{'j_lim_ref': 4.0, 'Ea': 12000.0, 'R': 8.314462618, 'T': 298.0, 'T_ref': 298.15}"
Ni-HER,298.0,0.030204081632653063,η_conc,η = -(RT/(nF))·ln(1 - j/j_lim),9.756002474348098e-05,"{'R': 8.314462618, 'T': 298.0, 'n': 2, 'F': 96485.33212, 'j': 0.030204081632653063, 'j_lim': 3.9902653971846744, 'prefactor': 0.012839826560800151}"
Ni-HER,298.0,0.030204081632653063,V_cell,V = V_rev + η_act + η_ohm + η_conc,1.2610813871313677,"{'V_rev': 1.2298732968034478, 'eta_act': 0.02838608249818203, 'eta_ohm': 0.0027244478049944175, 'eta_conc': 9.756002474348098e-05}"
Ni-HER,298.0,0.05040816326530612,Potencial reversible (aprox. lineal),V_rev = V_ref + (ΔS/(nF))·(T - T_ref),1.2298732968034478,"{'V_ref': 1.23, 'ΔS_ref': 163.0, 'n': 2, 'F': 96485.33212, 'T': 298.0, 'T_ref': 298.15, 'slope': 0.0008446879770143449}"
Ni-HER,298.0,0.05040816326530612,j0(T) Ni-HER,j0 = j0_ref * exp(-Ea/R * (1/T - 1/Tref)),0.01,"{'j0_ref': 0.01, 'Ea': 40000.0, 'R': 8.314462618, 'T': 298.0, 'T_ref': 298.0}"
Ni-HER,298.0,0.05040816326530612,η_act Tafel Ni-HER,η = (RT/(α·nF))·ln(j/j0),0.04153858612971296,"{'R': 8.314462618, 'T': 298.0, 'alpha': 0.5, 'n': 2, 'F': 96485.33212, 'j': 0.05040816326530612, 'j0': 0.01, 'prefactor': 0.025679653121600303}"
Ni-HER,298.0,0.05040816326530612,R capa membrana,R = delta / kappa(T),0.05015252070648465,"{'delta': 0.005, 'kappa_ref': 0.1, 'Ea_kappa': 15000, 'T': 298.0, 'T_ref': 298.15, 'kappa(T)': 0.0996958862598806}"
Ni-HER,298.0,0.05040816326530612,R capa electrolito,R = delta / kappa(T),0.020048791756168367,"{'delta': 0.01, 'kappa_ref': 0.5, 'Ea_kappa': 12000, 'T': 298.0, 'T_ref': 298.15, 'kappa(T)': 0.4987831746480843}"
Ni-HER,298.0,0.05040816326530612,Perdida ohmica total,η_ohm = j · R_total,0.0045468824853623045,"{'j': 0.05040816326530612, 'R_total': 0.090201312462653}"
Ni-HER,298.0,0.05040816326530612,j_lim (Arrhenius),j_lim = j_lim_ref * exp(-Ea/R * (1/T - 1/Tref)),3.9902653971846744,"{'j_lim_ref': 4.0, 'Ea': 12000.0, 'R': 8.314462618, 'T': 298.0, 'T_ref': 298.15}"
Ni-HER,298.0,0.05040816326530612,η_conc,η = -(RT/(nF))·ln(1 - j/j_lim),0.00016323601063168914,"{'R': 8.314462618, 'T': 298.0, 'n': 2, 'F': 96485.33212, 'j': 0.05040816326530612, 'j_lim': 3.9902653971846744, 'prefactor': 0.012839826560800151}"
Ni-HER,298.0,0.05040816326530612,V_cell,V = V_rev + η_act + η_ohm + η_conc,1.2761220014291548,"{'V_rev': 1.2298732968034478, 'eta_act': 0.04153858612971296, 'eta_ohm': 0.0045468824853623045, 'eta_conc': 0.00016323601063168914}"
Ni-HER,298.0,0.07061224489795918,Potencial reversible (aprox. lineal),V_rev = V_ref + (ΔS/(nF))·(T - T_ref),1.2298732968034478,"{'V_ref': 1.23, 'ΔS_ref': 163.0, 'n': 2, 'F': 96485.33212, 'T': 298.0, 'T_ref': 298.15, 'slope': 0.0008446879770143449}"
Ni-HER,298.0,0.07061224489795918,j0(T) Ni-HER,j0 = j0_ref * exp(-Ea/R * (1/T - 1/Tref)),0.01,"{'j0_ref': 0.01, 'Ea': 40000.0, 'R': 8.314462618, 'T': 298.0, 'T_ref': 298.0}"
Ni-HER,298.0,0.07061224489795918,η_act Tafel Ni-HER,η = (RT/(α·nF))·ln(j/j0),0.05019392447307217,"{'R': 8.314462618, 'T': 298.0, 'alpha': 0.5, 'n': 2, 'F': 96485.33212, 'j': 0.07061224489795918, 'j0': 0.01, 'prefactor': 0.025679653121600303}"
Ni-HER,298.0,0.07061224489795918,R capa membrana,R = delta / kappa(T),0.05015252070648465,"{'delta': 0.005, 'kappa_ref': 0.1, 'Ea_kappa': 15000, 'T': 298.0, 'T_ref': 298.15, 'kappa(T)': 0.0996958862598806}"
Ni-HER,298.0,0.07061224489795918,R capa electrolito,R = delta / kappa(T),0.020048791756168367,"{'delta': 0.01, 'kappa_ref': 0.5, 'Ea_kappa': 12000, 'T': 298.0, 'T_ref': 298.15, 'kappa(T)': 0.4987831746480843}"
Ni-HER,298.0,0.07061224489795918,Perdida ohmica total,η_ohm = j · R_total,0.006369317165730192,"{'j': 0.07061224489795918, 'R_total': 0.090201312462653}"
Ni-HER,298.0,0.07061224489795918,j_lim (Arrhenius),j_lim = j_lim_ref * exp(-Ea/R * (1/T - 1/Tref)),3.9902653971846744,"{'j_lim_ref': 4.0, 'Ea': 12000.0, 'R': 8.314462618, 'T': 298.0, 'T_ref': 298.15}"
Ni-HER,298.0,0.07061224489795918,η_conc,η = -(RT/(nF))·ln(1 - j/j_lim),0.00022924965847231902,"{'R': 8.314462618, 'T': 298.0, 'n': 2, 'F': 96485.33212, 'j': 0.07061224489795918, 'j_lim': 3.9902653971846744, 'prefactor': 0.012839826560800151}"
Ni-HER,298.0,0.07061224489795918,V_cell,V = V_rev + η_act + η_ohm + η_conc,1.2866657881007226,"{'V_rev': 1.2298732968034478, 'eta_act': 0.05019392447307217, 'eta_ohm': 0.006369317165730192, 'eta_conc': 0.00022924965847231902}"
Ni-HER,298.0,0.09081632653061224,Potencial reversible (aprox. lineal),V_rev = V_ref + (ΔS/(nF))·(T - T_ref),1.2298732968034478,"{'V_ref': 1.23, 'ΔS_ref': 163.0, 'n': 2, 'F': 96485.33212, 'T': 298.0, 'T_ref': 298.15, 'slope': 0.0008446879770143449}"
Ni-HER,298.0,0.09081632653061224,j0(T) Ni-HER,j0 = j0_ref * exp(-Ea/R * (1/T - 1/Tref)),0.01,"{'j0_ref': 0.01, 'Ea': 40000.0, 'R': 8.314462618, 'T': 298.0, 'T_ref': 298.0}"
Ni-HER,298.0,0.09081632653061224,η_act Tafel Ni-HER,η = (RT/(α·nF))·ln(j/j0),0.05665583700869684,"{'R': 8.314462618, 'T': 298.0, 'alpha': 0.5, 'n': 2, 'F': 96485.33212, 'j': 0.09081632653061224, 'j0': 0.01, 'prefactor': 0.025679653121600303}"
Ni-HER,298.0,0.09081632653061224,R capa membrana,R = delta / kappa(T),0.05015252070648465,"{'delta': 0.005, 'kappa_ref': 0.1, 'Ea_kappa': 15000, 'T': 298.0, 'T_ref': 298.15, 'kappa(T)': 0.0996958862598806}"
Ni-HER,298.0,0.09081632653061224,R capa electrolito,R = delta / kappa(T),0.020048791756168367,"{'delta': 0.01, 'kappa_ref': 0.5, 'Ea_kappa': 12000, 'T': 298.0, 'T_ref': 298.15, 'kappa(T)': 0.4987831746480843}"
Ni-HER,298.0,0.09081632653061224,Perdida ohmica total,η_ohm = j · R_total,0.008191751846098078,"{'j': 0.09081632653061224, 'R_total': 0.090201312462653}"
Ni-HER,298.0,0.09081632653061224,j_lim (Arrhenius),j_lim = j_lim_ref * exp(-Ea/R * (1/T - 1/Tref)),3.9902653971846744,"{'j_lim_ref': 4.0, 'Ea': 12000.0, 'R': 8.314462618, 'T': 298.0, 'T_ref': 298.15}"
Ni-HER,298.0,0.09081632653061224,η_conc,η = -(RT/(nF))·ln(1 - j/j_lim),0.00029560445827983686,"{'R': 8.314462618, 'T': 298.0, 'n': 2, 'F': 96485.33212, 'j': 0.09081632653061224, 'j_lim': 3.9902653971846744, 'prefactor': 0.012839826560800151}"
Ni-HER,298.0,0.09081632653061224,V_cell,V = V_rev + η_act + η_ohm + η_conc,1.2950164901165226,"{'V_rev': 1.2298732968034478, 'eta_act': 0.05665583700869684, 'eta_ohm': 0.008191751846098078, 'eta_conc': 0.00029560445827983686}"
Ni-HER,298.0,0.1110204081632653,Potencial reversible (aprox. lineal),V_rev = V_ref + (ΔS/(nF))·(T - T_ref),1.2298732968034478,"{'V_ref': 1.23, 'ΔS_ref': 163.0, 'n': 2, 'F': 96485.33212, 'T': 298.0, 'T_ref': 298.15, 'slope': 0.0008446879770143449}"
Ni-HER,298.0,0.1110204081632653,j0(T) Ni-HER,j0 = j0_ref * exp(-Ea/R * (1/T - 1/Tref)),0.01,"{'j0_ref': 0.01, 'Ea': 40000.0, 'R': 8.314462618, 'T': 298.0, 'T_ref': 298.0}"
Ni-HER,298.0,0.1110204081632653,η_act Tafel Ni-HER,η = (RT/(α·nF))·ln(j/j0),0.06181423642274211,"{'R': 8.314462618, 'T': 298.0, 'alpha': 0.5, 'n': 2, 'F': 96485.33212, 'j': 0.1110204081632653, 'j0': 0.01, 'prefactor': 0.025679653121600303}"
Ni-HER,298.0,0.1110204081632653,R capa membrana,R = delta / kappa(T),0.05015252070648465,"{'delta': 0.005, 'kappa_ref': 0.1, 'Ea_kappa': 15000, 'T': 298.0, 'T_ref': 298.15, 'kappa(T)': 0.0996958862598806}"
Ni-HER,298.0,0.1110204081632653,R capa electrolito,R = delta / kappa(T),0.020048791756168367,"{'delta': 0.01, 'kappa_ref': 0.5, 'Ea_kappa': 12000, 'T': 298.0, 'T_ref': 298.15, 'kappa(T)': 0.4987831746480843}"
Ni-HER,298.0,0.1110204081632653,Perdida ohmica total,η_ohm = j · R_total,0.010014186526465966,"{'j': 0.1110204081632653, 'R_total': 0.090201312462653}"
Ni-HER,298.0,0.1110204081632653,j_lim (Arrhenius),j_lim = j_lim_ref * exp(-Ea/R * (1/T - 1/Tref)),3.9902653971846744,"{'j_lim_ref': 4.0, 'Ea': 12000.0, 'R': 8.314462618, 'T': 298.0, 'T_ref': 298.15}"
Ni-HER,298.0,0.1110204081632653,η_conc,η = -(RT/(nF))·ln(1 - j/j_lim),0.00036230395445817256,"{'R': 8.314462618, 'T': 298.0, 'n': 2, 'F': 96485.33212, 'j': 0.1110204081632653, 'j_lim': 3.9902653971846744, 'prefactor': 0.012839826560800151}"
Ni-HER,298.0,0.1110204081632653,V_cell,V = V_rev + η_act + η_ohm + η_conc,1.3020640237071142,"{'V_rev': 1.2298732968034478, 'eta_act': 0.06181423642274211, 'eta_ohm': 0.010014186526465966, 'eta_conc': 0.00036230395445817256}"
Ni-HER,298.0,0.13122448979591836,Potencial reversible (aprox. lineal),V_rev = V_ref + (ΔS/(nF))·(T - T_ref),1.2298732968034478,"{'V_ref': 1.23, 'ΔS_ref': 163.0, 'n': 2, 'F': 96485.33212, 'T': 298.0, 'T_ref': 298.15, 'slope': 0.0008446879770143449}"
Ni-HER,298.0,0.13122448979591836,j0(T) Ni-HER,j0 = j0_ref * exp(-Ea/R * (1/T - 1/Tref)),0.01,"{'j0_ref': 0.01, 'Ea': 40000.0, 'R': 8.314462618, 'T': 298.0, 'T_ref': 298.0}"
Ni-HER,298.0,0.13122448979591836,η_act Tafel Ni-HER,η = (RT/(α·nF))·ln(j/j0),0.06610775828540394,"{'R': 8.314462618, 'T': 298.0, 'alpha': 0.5, 'n': 2, 'F': 96485.33212, 'j': 0.13122448979591836, 'j0': 0.01, 'prefactor': 0.025679653121600303}"
Ni-HER,298.0,0.13122448979591836,R capa membrana,R = delta / kappa(T),0.05015252070648465,"{'delta': 0.005, 'kappa_ref': 0.1, 'Ea_kappa': 15000, 'T': 298.0, 'T_ref': 298.15, 'kappa(T)': 0.0996958862598806}"
Ni-HER,298.0,0.13122448979591836,R capa electrolito,R = delta / kappa(T),0.020048791756168367,"{'delta': 0.01, 'kappa_ref': 0.5, 'Ea_kappa': 12000, 'T': 298.0, 'T_ref': 298.15, 'kappa(T)': 0.4987831746480843}"
Ni-HER,298.0,0.13122448979591836,Perdida ohmica total,η_ohm = j · R_total,0.011836621206833852,"{'j': 0.13122448979591836, 'R_total': 0.090201312462653}"
Ni-HER,298.0,0.13122448979591836,j_lim (Arrhenius),j_lim = j_lim_ref * exp(-Ea/R * (1/T - 1/Tref)),3.9902653971846744,"{'j_lim_ref': 4.0, 'Ea': 12000.0, 'R': 8.314462618, 'T': 298.0, 'T_ref': 298.15}"
Ni-HER,298.0,0.13122448979591836,η_conc,η = -(RT/(nF))·ln(1 - j/j_lim),0.0004293517469367872,"{'R': 8.314462618, 'T': 298.0, 'n': 2, 'F': 96485.33212, 'j': 0.13122448979591836, 'j_lim': 3.9902653971846744, 'prefactor': 0.012839826560800151}"
Ni-HER,298.0,0.13122448979591836,V_cell,V = V_rev + η_act + η_ohm + η_conc,1.3082470280426224,"{'V_rev': 1.2298732968034478, 'eta_act': 0.06610775828540394, 'eta_ohm': 0.011836621206833852, 'eta_conc': 0.0004293517469367872}"
Ni-HER,298.0,0.15142857142857144,Potencial reversible (aprox. lineal),V_rev = V_ref + (ΔS/(nF))·(T - T_ref),1.2298732968034478,"{'V_ref': 1.23, 'ΔS_ref': 163.0, 'n': 2, 'F': 96485.33212, 'T': 298.0, 'T_ref': 298.15, 'slope': 0.0008446879770143449}"
Ni-HER,298.0,0.15142857142857144,j0(T) Ni-HER,j0 = j0_ref * exp(-Ea/R * (1/T - 1/Tref)),0.01,"{'j0_ref': 0.01, 'Ea': 40000.0, 'R': 8.314462618, 'T': 298.0, 'T_ref': 298.0}"
Ni-HER,298.0,0.15142857142857144,η_act Tafel Ni-HER,η = (RT/(α·nF))·ln(j/j0),0.06978520065696585,"{'R': 8.314462618, 'T': 298.0, 'alpha': 0.5, 'n': 2, 'F': 96485.33212, 'j': 0.15142857142857144, 'j0': 0.01, 'prefactor': 0.025679653121600303}"
Ni-HER,298.0,0.15142857142857144,R capa membrana,R = delta / kappa(T),0.05015252070648465,"{'delta': 0.005, 'kappa_ref': 0.1, 'Ea_kappa': 15000, 'T': 298.0, 'T_ref': 298.15, 'kappa(T)': 0.0996958862598806}"
Ni-HER,298.0,0.15142857142857144,R capa electrolito,R = delta / kappa(T),0.020048791756168367,"{'delta': 0.01, 'kappa_ref': 0.5, 'Ea_kappa': 12000, 'T': 298.0, 'T_ref': 298.15, 'kappa(T)': 0.4987831746480843}"
Ni-HER,298.0,0.15142857142857144,Perdida ohmica total,η_ohm = j · R_total,0.013659055887201742,"{'j': 0.15142857142857144, 'R_total': 0.090201312462653}"
Ni-HER,298.0,0.15142857142857144,j_lim (Arrhenius),j_lim = j_lim_ref * exp(-Ea/R * (1/T - 1/Tref)),3.9902653971846744,"{'j_lim_ref': 4.0, 'Ea': 12000.0, 'R': 8.314462618, 'T': 298.0, 'T_ref': 298.15}"
Ni-HER,298.0,0.15142857142857144,η_conc,η = -(RT/(nF))·ln(1 - j/j_lim),0.0004967514923365578,"{'R': 8.314462618, 'T': 298.0, 'n': 2, 'F': 96485.33212, 'j': 0.15142857142857144, 'j_lim': 3.9902653971846744, 'prefactor': 0.012839826560800151}"
Ni-HER,298.0,0.15142857142857144,V_cell,V = V_rev + η_act + η_ohm + η_conc,1.3138143048399522,"{'V_rev': 1.2298732968034478, 'eta_act': 0.06978520065696585, 'eta_ohm': 0.013659055887201742, 'eta_conc': 0.0004967514923365578}"
Ni-HER,298.0,0.1716326530612245,Potencial reversible (aprox. lineal),V_rev = V_ref + (ΔS/(nF))·(T - T_ref),1.2298732968034478,"{'V_ref': 1.23, 'ΔS_ref': 163.0, 'n': 2, 'F': 96485.33212, 'T': 298.0, 'T_ref': 298.15, 'slope': 0.0008446879770143449}"
Ni-HER,298.0,0.1716326530612245,j0(T) Ni-HER,j0 = j0_ref * exp(-Ea/R * (1/T - 1/Tref)),0.01,"{'j0_ref': 0.01, 'Ea': 40000.0, 'R': 8.314462618, 'T': 298.0, 'T_ref': 298.0}"
Ni-HER,298.0,0.1716326530612245,η_act Tafel Ni-HER,η = (RT/(α·nF))·ln(j/j0),0.0730013824766437,"{'R': 8.314462618, 'T': 298.0, 'alpha': 0.5, 'n': 2, 'F': 96485.33212, 'j': 0.1716326530612245, 'j0': 0.01, 'prefactor': 0.025679653121600303}"
Ni-HER,298.0,0.1716326530612245,R capa membrana,R = delta / kappa(T),0.05015252070648465,"{'delta': 0.005, 'kappa_ref': 0.1, 'Ea_kappa': 15000, 'T': 298.0, 'T_ref': 298.15, 'kappa(T)': 0.0996958862598806}"
Ni-HER,298.0,0.1716326530612245,R capa electrolito,R = delta / kappa(T),0.020048791756168367,"{'delta': 0.01, 'kappa_ref': 0.5, 'Ea_kappa': 12000, 'T': 298.0, 'T_ref': 298.15, 'kappa(T)': 0.4987831746480843}"
Ni-HER,298.0,0.1716326530612245,Perdida ohmica total,η_ohm = j · R_total,0.015481490567569629,"{'j': 0.1716326530612245, 'R_total': 0.090201312462653}"
Ni-HER,298.0,0.1716326530612245,j_lim (Arrhenius),j_lim = j_lim_ref * exp(-Ea/R * (1/T - 1/Tref)),3.9902653971846744,"{'j_lim_ref': 4.0, 'Ea': 12000.0, 'R': 8.314462618, 'T': 298.0, 'T_ref': 298.15}"
Ni-HER,298.0,0.1716326530612245,η_conc,η = -(RT/(nF))·ln(1 - j/j_lim),0.0005645069051664246,"{'R': 8.314462618, 'T': 298.0, 'n': 2, 'F': 96485.33212, 'j': 0.1716326530612245, 'j_lim': 3.9902653971846744, 'prefactor': 0.012839826560800151}"
Ni-HER,298.0,0.1716326530612245,V_cell,V = V_rev + η_act + η_ohm + η_conc,1.3189206767528276,"{'V_rev': 1.2298732968034478, 'eta_act': 0.0730013824766437, 'eta_ohm': 0.015481490567569629, 'eta_conc': 0.0005645069051664246}"
Ni-HER,298.0,0.19183673469387758,Potencial reversible (aprox. lineal),V_rev = V_ref + (ΔS/(nF))·(T - T_ref),1.2298732968034478,"{'V_ref': 1.23, 'ΔS_ref': 163.0, 'n': 2, 'F': 96485.33212, 'T': 298.0, 'T_ref': 298.15, 'slope': 0.0008446879770143449}"
Ni-HER,298.0,0.19183673469387758,j0(T) Ni-HER,j0 = j0_ref * exp(-Ea/R * (1/T - 1/Tref)),0.01,"{'j0_ref': 0.01, 'Ea': 40000.0, 'R': 8.314462618, 'T': 298.0, 'T_ref': 298.0}"
Ni-HER,298.0,0.19183673469387758,η_act Tafel Ni-HER,η = (RT/(α·nF))·ln(j/j0),0.07585922524184116,"{'R': 8.314462618, 'T': 298.0, 'alpha': 0.5, 'n': 2, 'F': 96485.33212, 'j': 0.19183673469387758, 'j0': 0.01, 'prefactor': 0.025679653121600303}"
Ni-HER,298.0,0.19183673469387758,R capa membrana,R = delta / kappa(T),0.05015252070648465,"{'delta': 0.005, 'kappa_ref': 0.1, 'Ea_kappa': 15000, 'T': 298.0, 'T_ref': 298.15, 'kappa(T)': 0.0996958862598806}"
Ni-HER,298.0,0.19183673469387758,R capa electrolito,R = delta / kappa(T),0.020048791756168367,"{'delta': 0.01, 'kappa_ref': 0.5, 'Ea_kappa': 12000, 'T': 298.0, 'T_ref': 298.15, 'kappa(T)': 0.4987831746480843}"
Ni-HER,298.0,0.19183673469387758,Perdida ohmica total,η_ohm = j · R_total,0.01730392524793752,"{'j': 0.19183673469387758, 'R_total': 0.090201312462653}"
Ni-HER,298.0,0.19183673469387758,j_lim (Arrhenius),j_lim = j_lim_ref * exp(-Ea/R * (1/T - 1/Tref)),3.9902653971846744,"{'j_lim_ref': 4.0, 'Ea': 12000.0, 'R': 8.314462618, 'T': 298.0, 'T_ref': 298.15}"
Ni-HER,298.0,0.19183673469387758,η_conc,η = -(RT/(nF))·ln(1 - j/j_lim),0.0006326217590517792,"{'R': 8.314462618, 'T': 298.0, 'n': 2, 'F': 96485.33212, 'j': 0.19183673469387758, 'j_lim': 3.9902653971846744, 'prefactor': 0.012839826560800151}"
Ni-HER,298.0,0.19183673469387758,V_cell,V = V_rev + η_act + η_ohm + η_conc,1.323669069052278,"{'V_rev': 1.2298732968034478, 'eta_act': 0.07585922524184116, 'eta_ohm': 0.01730392524793752, 'eta_conc': 0.0006326217590517792}"
Ni-HER,298.0,0.21204081632653063,Potencial reversible (aprox. lineal),V_rev = V_ref + (ΔS/(nF))·(T - T_ref),1.2298732968034478,"{'V_ref': 1.23, 'ΔS_ref': 163.0, 'n': 2, 'F': 96485.33212, 'T': 298.0, 'T_ref': 298.15, 'slope': 0.0008446879770143449}"
Ni-HER,298.0,0.21204081632653063,j0(T) Ni-HER,j0 = j0_ref * exp(-Ea/R * (1/T - 1/Tref)),0.01,"{'j0_ref': 0.01, 'Ea': 40000.0, 'R': 8.314462618, 'T': 298.0, 'T_ref': 298.0}"
Ni-HER,298.0,0.21204081632653063,η_act Tafel Ni-HER,η = (RT/(α·nF))·ln(j/j0),0.07843063460212668,"{'R': 8.314462618, 'T': 298.0, 'alpha': 0.5, 'n': 2, 'F': 96485.33212, 'j': 0.21204081632653063, 'j0': 0.01, 'prefactor': 0.025679653121600303}"
Ni-HER,298.0,0.21204081632653063,R capa membrana,R = delta / kappa(T),0.05015252070648465,"{'delta': 0.005, 'kappa_ref': 0.1, 'Ea_kappa': 15000, 'T': 298.0, 'T_ref': 298.15, 'kappa(T)': 0.0996958862598806}"
Ni-HER,298.0,0.21204081632653063,R capa electrolito,R = delta / kappa(T),0.020048791756168367,"{'delta': 0.01, 'kappa_ref': 0.5, 'Ea_kappa': 12000, 'T': 298.0, 'T_ref': 298.15, 'kappa(T)': 0.4987831746480843}"
Ni-HER,298.0,0.21204081632653063,Perdida ohmica total,η_ohm = j · R_total,0.019126359928305404,"{'j': 0.21204081632653063, 'R_total': 0.090201312462653}"
Ni-HER,298.0,0.21204081632653063,j_lim (Arrhenius),j_lim = j_lim_ref * exp(-Ea/R * (1/T - 1/Tref)),3.9902653971846744,"{'j_lim_ref': 4.0, 'Ea': 12000.0, 'R': 8.314462618, 'T': 298.0, 'T_ref': 298.15}"
Ni-HER,298.0,0.21204081632653063,η_conc,η = -(RT/(nF))·ln(1 - j/j_lim),0.0007010998879956109,"{'R': 8.314462618, 'T': 298.0, 'n': 2, 'F': 96485.33212, 'j': 0.21204081632653063, 'j_lim': 3.9902653971846744, 'prefactor': 0.012839826560800151}"
Ni-HER,298.0,0.21204081632653063,V_cell,V = V_rev + η_act + η_ohm + η_conc,1.3281313912218755,"{'V_rev': 1.2298732968034478, 'eta_act': 0.07843063460212668, 'eta_ohm': 0.019126359928305404, 'eta_conc': 0.0007010998879956109}"
Ni-HER,298.0,0.23224489795918368,Potencial reversible (aprox. lineal),V_rev = V_ref + (ΔS/(nF))·(T - T_ref),1.2298732968034478,"{'V_ref': 1.23, 'ΔS_ref': 163.0, 'n': 2, 'F': 96485.33212, 'T': 298.0, 'T_ref': 298.15, 'slope': 0.0008446879770143449}"
Ni-HER,298.0,0.23224489795918368,j0(T) Ni-HER,j0 = j0_ref * exp(-Ea/R * (1/T - 1/Tref)),0.01,"{'j0_ref': 0.01, 'Ea': 40000.0, 'R': 8.314462618, 'T': 298.0, 'T_ref': 298.0}"
Ni-HER,298.0,0.23224489795918368,η_act Tafel Ni-HER,η = (RT/(α·nF))·ln(j/j0),0.080767832885182,"{'R': 8.314462618, 'T': 298.0, 'alpha': 0.5, 'n': 2, 'F': 96485.33212, 'j': 0.23224489795918368, 'j0': 0.01, 'prefactor': 0.025679653121600303}"
Ni-HER,298.0,0.23224489795918368,R capa membrana,R = delta / kappa(T),0.05015252070648465,"{'delta': 0.005, 'kappa_ref': 0.1, 'Ea_kappa': 15000, 'T': 298.0, 'T_ref': 298.15, 'kappa(T)': 0.0996958862598806}"
Ni-HER,298.0,0.23224489795918368,R capa electrolito,R = delta / kappa(T),0.020048791756168367,"{'delta': 0.01, 'kappa_ref': 0.5, 'Ea_kappa': 12000, 'T': 298.0, 'T_ref': 298.15, 'kappa(T)': 0.4987831746480843}"
Ni-HER,298.0,0.23224489795918368,Perdida ohmica total,η_ohm = j · R_total,0.020948794608673292,"{'j': 0.23224489795918368, 'R_total': 0.090201312462653}"
Ni-HER,298.0,0.23224489795918368,j_lim (Arrhenius),j_lim = j_lim_ref * exp(-Ea/R * (1/T - 1/Tref)),3.9902653971846744,"{'j_lim_ref': 4.0, 'Ea': 12000.0, 'R': 8.314462618, 'T': 298.0, 'T_ref': 298.15}"
Ni-HER,298.0,0.23224489795918368,η_conc,η = -(RT/(nF))·ln(1 - j/j_lim),0.0007699451876734614,"{'R': 8.314462618, 'T': 298.0, 'n': 2, 'F': 96485.33212, 'j': 0.23224489795918368, 'j_lim': 3.9902653971846744, 'prefactor': 0.012839826560800151}"
Ni-HER,298.0,0.23224489795918368,V_cell,V = V_rev + η_act + η_ohm + η_conc,1.3323598694849765,"{'V_rev': 1.2298732968034478, 'eta_act': 0.080767832885182, 'eta_ohm': 0.020948794608673292, 'eta_conc': 0.0007699451876734614}"
Ni-HER,298.0,0.2524489795918367,Potencial reversible (aprox. lineal),V_rev = V_ref + (ΔS/(nF))·(T - T_ref),1.2298732968034478,"{'V_ref': 1.23, 'ΔS_ref': 163.0, 'n': 2, 'F': 96485.33212, 'T': 298.0, 'T_ref': 298.15, 'slope': 0.0008446879770143449}"
Ni-HER,298.0,0.2524489795918367,j0(T) Ni-HER,j0 = j0_ref * exp(-Ea/R * (1/T - 1/Tref)),0.01,"{'j0_ref': 0.01, 'Ea': 40000.0, 'R': 8.314462618, 'T': 298.0, 'T_ref': 298.0}"
Ni-HER,298.0,0.2524489795918367,η_act Tafel Ni-HER,η = (RT/(α·nF))·ln(j/j0),0.08290994628760608,"{'R': 8.314462618, 'T': 298.0, 'alpha': 0.5, 'n': 2, 'F': 96485.33212, 'j': 0.2524489795918367, 'j0': 0.01, 'prefactor': 0.025679653121600303}"
Ni-HER,298.0,0.2524489795918367,R capa membrana,R = delta / kappa(T),0.05015252070648465,"{'delta': 0.005, 'kappa_ref': 0.1, 'Ea_kappa': 15000, 'T': 298.0, 'T_ref': 298.15, 'kappa(T)': 0.0996958862598806}"
Ni-HER,298.0,0.2524489795918367,R capa electrolito,R = delta / kappa(T),0.020048791756168367,"{'delta': 0.01, 'kappa_ref': 0.5, 'Ea_kappa': 12000, 'T': 298.0, 'T_ref': 298.15, 'kappa(T)': 0.4987831746480843}"
Ni-HER,298.0,0.2524489795918367,Perdida ohmica total,η_ohm = j · R_total,0.022771229289041173,"{'j': 0.2524489795918367, 'R_total': 0.090201312462653}"
Ni-HER,298.0,0.2524489795918367,j_lim (Arrhenius),j_lim = j_lim_ref * exp(-Ea/R * (1/T - 1/Tref)),3.9902653971846744,"{'j_lim_ref': 4.0, 'Ea': 12000.0, 'R': 8.314462618, 'T': 298.0, 'T_ref': 298.15}"
Ni-HER,298.0,0.2524489795918367,η_conc,η = -(RT/(nF))·ln(1 - j/j_lim),0.0008391616167632861,"{'R': 8.314462618, 'T': 298.0, 'n': 2, 'F': 96485.33212, 'j': 0.2524489795918367, 'j_lim': 3.9902653971846744, 'prefactor': 0.012839826560800151}"
Ni-HER,298.0,0.2524489795918367,V_cell,V = V_rev + η_act + η_ohm + η_conc,1.3363936339968585,"{'V_rev': 1.2298732968034478, 'eta_act': 0.08290994628760608, 'eta_ohm': 0.022771229289041173, 'eta_conc': 0.0008391616167632861}"
Ni-HER,298.0,0.2726530612244898,Potencial reversible (aprox. lineal),V_rev = V_ref + (ΔS/(nF))·(T - T_ref),1.2298732968034478,"{'V_ref': 1.23, 'ΔS_ref': 163.0, 'n': 2, 'F': 96485.33212, 'T': 298.0, 'T_ref': 298.15, 'slope': 0.0008446879770143449}"
Ni-HER,298.0,0.2726530612244898,j0(T) Ni-HER,j0 = j0_ref * exp(-Ea/R * (1/T - 1/Tref)),0.01,"{'j0_ref': 0.01, 'Ea': 40000.0, 'R': 8.314462618, 'T': 298.0, 'T_ref': 298.0}"
Ni-HER,298.0,0.2726530612244898,η_act Tafel Ni-HER,η = (RT/(α·nF))·ln(j/j0),0.08488704799125893,"{'R': 8.314462618, 'T': 298.0, 'alpha': 0.5, 'n': 2, 'F': 96485.33212, 'j': 0.2726530612244898, 'j0': 0.01, 'prefactor': 0.025679653121600303}"
Ni-HER,298.0,0.2726530612244898,R capa membrana,R = delta / kappa(T),0.05015252070648465,"{'delta': 0.005, 'kappa_ref': 0.1, 'Ea_kappa': 15000, 'T': 298.0, 'T_ref': 298.15, 'kappa(T)': 0.0996958862598806}"
Ni-HER,298.0,0.2726530612244898,R capa electrolito,R = delta / kappa(T),0.020048791756168367,"{'delta': 0.01, 'kappa_ref': 0.5, 'Ea_kappa': 12000, 'T': 298.0, 'T_ref': 298.15, 'kappa(T)': 0.4987831746480843}"
Ni-HER,298.0,0.2726530612244898,Perdida ohmica total,η_ohm = j · R_total,0.024593663969409065,"{'j': 0.2726530612244898, 'R_total': 0.090201312462653}"
Ni-HER,298.0,0.2726530612244898,j_lim (Arrhenius),j_lim = j_lim_ref * exp(-Ea/R * (1/T - 1/Tref)),3.9902653971846744,"{'j_lim_ref': 4.0, 'Ea': 12000.0, 'R': 8.314462618, 'T': 298.0, 'T_ref': 298.15}"
Ni-HER,298.0,0.2726530612244898,η_conc,η = -(RT/(nF))·ln(1 - j/j_lim),0.0009087531983113544,"{'R': 8.314462618, 'T': 298.0, 'n': 2, 'F': 96485.33212, 'j': 0.2726530612244898, 'j_lim': 3.9902653971846744, 'prefactor': 0.012839826560800151}"
Ni-HER,298.0,0.2726530612244898,V_cell,V = V_rev + η_act + η_ohm + η_conc,1.3402627619624272,"{'V_rev': 1.2298732968034478, 'eta_act': 0.08488704799125893, 'eta_ohm': 0.024593663969409065, 'eta_conc': 0.0009087531983113544}"
Ni-HER,298.0,0.29285714285714287,Potencial reversible (aprox. lineal),V_rev = V_ref + (ΔS/(nF))·(T - T_ref),1.2298732968034478,"{'V_ref': 1.23, 'ΔS_ref': 163.0, 'n': 2, 'F': 96485.33212, 'T': 298.0, 'T_ref': 298.15, 'slope': 0.0008446879770143449}"
Ni-HER,298.0,0.29285714285714287,j0(T) Ni-HER,j0 = j0_ref * exp(-Ea/R * (1/T - 1/Tref)),0.01,"{'j0_ref': 0.01, 'Ea': 40000.0, 'R': 8.314462618, 'T': 298.0, 'T_ref': 298.0}"
Ni-HER,298.0,0.29285714285714287,η_act Tafel Ni-HER,η = (RT/(α·nF))·ln(j/j0),0.0867227521935492,"{'R': 8.314462618, 'T': 298.0, 'alpha': 0.5, 'n': 2, 'F': 96485.33212, 'j': 0.29285714285714287, 'j0': 0.01, 'prefactor': 0.025679653121600303}"
Ni-HER,298.0,0.29285714285714287,R capa membrana,R = delta / kappa(T),0.05015252070648465,"{'delta': 0.005, 'kappa_ref': 0.1, 'Ea_kappa': 15000, 'T': 298.0, 'T_ref': 298.15, 'kappa(T)': 0.0996958862598806}"
Ni-HER,298.0,0.29285714285714287,R capa electrolito,R = delta / kappa(T),0.020048791756168367,"{'delta': 0.01, 'kappa_ref': 0.5, 'Ea_kappa': 12000, 'T': 298.0, 'T_ref': 298.15, 'kappa(T)': 0.4987831746480843}"
Ni-HER,298.0,0.29285714285714287,Perdida ohmica total,η_ohm = j · R_total,0.026416098649776953,"{'j': 0.29285714285714287, 'R_total': 0.090201312462653}"
Ni-HER,298.0,0.29285714285714287,j_lim (Arrhenius),j_lim = j_lim_ref * exp(-Ea/R * (1/T - 1/Tref)),3.9902653971846744,"{'j_lim_ref': 4.0, 'Ea': 12000.0, 'R': 8.314462618, 'T': 298.0, 'T_ref': 298.15}"
Ni-HER,298.0,0.29285714285714287,η_conc,η = -(RT/(nF))·ln(1 - j/j_lim),0.0009787240211353674,"{'R': 8.314462618, 'T': 298.0, 'n': 2, 'F': 96485.33212, 'j': 0.29285714285714287, 'j_lim': 3.9902653971846744, 'prefactor': 0.012839826560800151}"
Ni-HER,298.0,0.29285714285714287,V_cell,V = V_rev + η_act + η_ohm + η_conc,1.3439908716679094,"{'V_rev': 1.2298732968034478, 'eta_act': 0.0867227521935492, 'eta_ohm': 0.026416098649776953, 'eta_conc': 0.0009787240211353674}"
Ni-HER,298.0,0.3130612244897959,Potencial reversible (aprox. lineal),V_rev = V_ref + (ΔS/(nF))·(T - T_ref),1.2298732968034478,"{'V_ref': 1.23, 'ΔS_ref': 163.0, 'n': 2, 'F': 96485.33212, 'T': 298.0, 'T_ref': 298.15, 'slope': 0.0008446879770143449}"
Ni-HER,298.0,0.3130612244897959,j0(T) Ni-HER,j0 = j0_ref * exp(-Ea/R * (1/T - 1/Tref)),0.01,"{'j0_ref': 0.01, 'Ea': 40000.0, 'R': 8.314462618, 'T': 298.0, 'T_ref': 298.0}"
Ni-HER,298.0,0.3130612244897959,η_act Tafel Ni-HER,η = (RT/(α·nF))·ln(j/j0),0.08843594081583014,"{'R': 8.314462618, 'T': 298.0, 'alpha': 0.5, 'n': 2, 'F': 96485.33212, 'j': 0.3130612244897959, 'j0': 0.01, 'prefactor': 0.025679653121600303}"
Ni-HER,298.0,0.3130612244897959,R capa membrana,R = delta / kappa(T),0.05015252070648465,"{'delta': 0.005, 'kappa_ref': 0.1, 'Ea_kappa': 15000, 'T': 298.0, 'T_ref': 298.15, 'kappa(T)': 0.0996958862598806}"
Ni-HER,298.0,0.3130612244897959,R capa electrolito,R = delta / kappa(T),0.020048791756168367,"{'delta': 0.01, 'kappa_ref': 0.5, 'Ea_kappa': 12000, 'T': 298.0, 'T_ref': 298.15, 'kappa(T)': 0.4987831746480843}"
Ni-HER,298.0,0.3130612244897959,Perdida ohmica total,η_ohm = j · R_total,0.028238533330144838,"{'j': 0.3130612244897959, 'R_total': 0.090201312462653}"
Ni-HER,298.0,0.3130612244897959,j_lim (Arrhenius),j_lim = j_lim_ref * exp(-Ea/R * (1/T - 1/Tref)),3.9902653971846744,"{'j_lim_ref': 4.0, 'Ea': 12000.0, 'R': 8.314462618, 'T': 298.0, 'T_ref': 298.15}"
Ni-HER,298.0,0.3130612244897959,η_conc,η = -(RT/(nF))·ln(1 - j/j_lim),0.0010490782412660169,"{'R': 8.314462618, 'T': 298.0, 'n': 2, 'F': 96485.33212, 'j': 0.3130612244897959, 'j_lim': 3.9902653971846744, 'prefactor': 0.012839826560800151}"
Ni-HER,298.0,0.3130612244897959,V_cell,V = V_rev + η_act + η_ohm + η_conc,1.347596849190689,"{'V_rev': 1.2298732968034478, 'eta_act': 0.08843594081583014, 'eta_ohm': 0.028238533330144838, 'eta_conc': 0.0010490782412660169}"
Ni-HER,298.0,0.333265306122449,Potencial reversible (aprox. lineal),V_rev = V_ref + (ΔS/(nF))·(T - T_ref),1.2298732968034478,"{'V_ref': 1.23, 'ΔS_ref': 163.0, 'n': 2, 'F': 96485.33212, 'T': 298.0, 'T_ref': 298.15, 'slope': 0.0008446879770143449}"
Ni-HER,298.0,0.333265306122449,j0(T) Ni-HER,j0 = j0_ref * exp(-Ea/R * (1/T - 1/Tref)),0.01,"{'j0_ref': 0.01, 'Ea': 40000.0, 'R': 8.314462618, 'T': 298.0, 'T_ref': 298.0}"
Ni-HER,298.0,0.333265306122449,η_act Tafel Ni-HER,η = (RT/(α·nF))·ln(j/j0),0.09004194917360751,"{'R': 8.314462618, 'T': 298.0, 'alpha': 0.5, 'n': 2, 'F': 96485.33212, 'j': 0.333265306122449, 'j0': 0.01, 'prefactor': 0.025679653121600303}"
Ni-HER,298.0,0.333265306122449,R capa membrana,R = delta / kappa(T),0.05015252070648465,"{'delta': 0.005, 'kappa_ref': 0.1, 'Ea_kappa': 15000, 'T': 298.0, 'T_ref': 298.15, 'kappa(T)': 0.0996958862598806}"
Ni-HER,298.0,0.333265306122449,R capa electrolito,R = delta / kappa(T),0.020048791756168367,"{'delta': 0.01, 'kappa_ref': 0.5, 'Ea_kappa': 12000, 'T': 298.0, 'T_ref': 298.15, 'kappa(T)': 0.4987831746480843}"
Ni-HER,298.0,0.333265306122449,Perdida ohmica total,η_ohm = j · R_total,0.030060968010512727,"{'j': 0.333265306122449, 'R_total': 0.090201312462653}"
Ni-HER,298.0,0.333265306122449,j_lim (Arrhenius),j_lim = j_lim_ref * exp(-Ea/R * (1/T - 1/Tref)),3.9902653971846744,"{'j_lim_ref': 4.0, 'Ea': 12000.0, 'R': 8.314462618, 'T': 298.0, 'T_ref': 298.15}"
Ni-HER,298.0,0.333265306122449,η_conc,η = -(RT/(nF))·ln(1 - j/j_lim),0.0011198200834282581,"{'R': 8.314462618, 'T': 298.0, 'n': 2, 'F': 96485.33212, 'j': 0.333265306122449, 'j_lim': 3.9902653971846744, 'prefactor': 0.012839826560800151}"
Ni-HER,298.0,0.333265306122449,V_cell,V = V_rev + η_act + η_ohm + η_conc,1.3510960340709965,"{'V_rev': 1.2298732968034478, 'eta_act': 0.09004194917360751, 'eta_ohm': 0.030060968010512727, 'eta_conc': 0.0011198200834282581}"
Ni-HER,298.0,0.353469387755102,Potencial reversible (aprox. lineal),V_rev = V_ref + (ΔS/(nF))·(T - T_ref),1.2298732968034478,"{'V_ref': 1.23, 'ΔS_ref': 163.0, 'n': 2, 'F': 96485.33212, 'T': 298.0, 'T_ref': 298.15, 'slope': 0.0008446879770143449}"
Ni-HER,298.0,0.353469387755102,j0(T) Ni-HER,j0 = j0_ref * exp(-Ea/R * (1/T - 1/Tref)),0.01,"{'j0_ref': 0.01, 'Ea': 40000.0, 'R': 8.314462618, 'T': 298.0, 'T_ref': 298.0}"
Ni-HER,298.0,0.353469387755102,η_act Tafel Ni-HER,η = (RT/(α·nF))·ln(j/j0),0.09155340209822119,"{'R': 8.314462618, 'T': 298.0, 'alpha': 0.5, 'n': 2, 'F': 96485.33212, 'j': 0.353469387755102, 'j0': 0.01, 'prefactor': 0.025679653121600303}"
Ni-HER,298.0,0.353469387755102,R capa membrana,R = delta / kappa(T),0.05015252070648465,"{'delta': 0.005, 'kappa_ref': 0.1, 'Ea_kappa': 15000, 'T': 298.0, 'T_ref': 298.15, 'kappa(T)': 0.0996958862598806}"
Ni-HER,298.0,0.353469387755102,R capa electrolito,R = delta / kappa(T),0.020048791756168367,"{'delta': 0.01, 'kappa_ref': 0.5, 'Ea_kappa': 12000, 'T': 298.0, 'T_ref': 298.15, 'kappa(T)': 0.4987831746480843}"
Ni-HER,298.0,0.353469387755102,Perdida ohmica total,η_ohm = j · R_total,0.03188340269088061,"{'j': 0.353469387755102, 'R_total': 0.090201312462653}"
Ni-HER,298.0,0.353469387755102,j_lim (Arrhenius),j_lim = j_lim_ref * exp(-Ea/R * (1/T - 1/Tref)),3.9902653971846744,"{'j_lim_ref': 4.0, 'Ea': 12000.0, 'R': 8.314462618, 'T': 298.0, 'T_ref': 298.15}"
Ni-HER,298.0,0.353469387755102,η_conc,η = -(RT/(nF))·ln(1 - j/j_lim),0.0011909538425636133,"{'R': 8.314462618, 'T': 298.0, 'n': 2, 'F': 96485.33212, 'j': 0.353469387755102, 'j_lim': 3.9902653971846744, 'prefactor': 0.012839826560800151}"
Ni-HER,298.0,0.353469387755102,V_cell,V = V_rev + η_act + η_ohm + η_conc,1.3545010554351131,"{'V_rev': 1.2298732968034478, 'eta_act': 0.09155340209822119, 'eta_ohm': 0.03188340269088061, 'eta_conc': 0.0011909538425636133}"
Ni-HER,298.0,0.37367346938775514,Potencial reversible (aprox. lineal),V_rev = V_ref + (ΔS/(nF))·(T - T_ref),1.2298732968034478,"{'V_ref': 1.23, 'ΔS_ref': 163.0, 'n': 2, 'F': 96485.33212, 'T': 298.0, 'T_ref': 298.15, 'slope': 0.0008446879770143449}"
Ni-HER,298.0,0.37367346938775514,j0(T) Ni-HER,j0 = j0_ref * exp(-Ea/R * (1/T - 1/Tref)),0.01,"{'j0_ref': 0.01, 'Ea': 40000.0, 'R': 8.314462618, 'T': 298.0, 'T_ref': 298.0}"
Ni-HER,298.0,0.37367346938775514,η_act Tafel Ni-HER,η = (RT/(α·nF))·ln(j/j0),0.09298081731540603,"{'R': 8.314462618, 'T': 298.0, 'alpha': 0.5, 'n': 2, 'F': 96485.33212, 'j': 0.37367346938775514, 'j0': 0.01, 'prefactor': 0.025679653121600303}"
Ni-HER,298.0,0.37367346938775514,R capa membrana,R = delta / kappa(T),0.05015252070648465,"{'delta': 0.005, 'kappa_ref': 0.1, 'Ea_kappa': 15000, 'T': 298.0, 'T_ref': 298.15, 'kappa(T)': 0.0996958862598806}"
Ni-HER,298.0,0.37367346938775514,R capa electrolito,R = delta / kappa(T),0.020048791756168367,"{'delta': 0.01, 'kappa_ref': 0.5, 'Ea_kappa': 12000, 'T': 298.0, 'T_ref': 298.15, 'kappa(T)': 0.4987831746480843}"
Ni-HER,298.0,0.37367346938775514,Perdida ohmica total,η_ohm = j · R_total,0.03370583737124851,"{'j': 0.37367346938775514, 'R_total': 0.090201312462653}"
Ni-HER,298.0,0.37367346938775514,j_lim (Arrhenius),j_lim = j_lim_ref * exp(-Ea/R * (1/T - 1/Tref)),3.9902653971846744,"{'j_lim_ref': 4.0, 'Ea': 12000.0, 'R': 8.314462618, 'T': 298.0, 'T_ref': 298.15}"
Ni-HER,298.0,0.37367346938775514,η_conc,η = -(RT/(nF))·ln(1 - j/j_lim),0.00126248388539488,"{'R': 8.314462618, 'T': 298.0, 'n': 2, 'F': 96485.33212, 'j': 0.37367346938775514, 'j_lim': 3.9902653971846744, 'prefactor': 0.012839826560800151}"
Ni-HER,298.0,0.37367346938775514,V_cell,V = V_rev + η_act + η_ohm + η_conc,1.3578224353754973,"{'V_rev': 1.2298732968034478, 'eta_act': 0.09298081731540603, 'eta_ohm': 0.03370583737124851, 'eta_conc': 0.00126248388539488}"
Ni-HER,298.0,0.39387755102040817,Potencial reversible (aprox. lineal),V_rev = V_ref + (ΔS/(nF))·(T - T_ref),1.2298732968034478,"{'V_ref': 1.23, 'ΔS_ref': 163.0, 'n': 2, 'F': 96485.33212, 'T': 298.0, 'T_ref': 298.15, 'slope': 0.0008446879770143449}"
Ni-HER,298.0,0.39387755102040817,j0(T) Ni-HER,j0 = j0_ref * exp(-Ea/R * (1/T - 1/Tref)),0.01,"{'j0_ref': 0.01, 'Ea': 40000.0, 'R': 8.314462618, 'T': 298.0, 'T_ref': 298.0}"
Ni-HER,298.0,0.39387755102040817,η_act Tafel Ni-HER,η = (RT/(α·nF))·ln(j/j0),0.09433304974149753,"{'R': 8.314462618, 'T': 298.0, 'alpha': 0.5, 'n': 2, 'F': 96485.33212, 'j': 0.39387755102040817, 'j0': 0.01, 'prefactor': 0.025679653121600303}"
Ni-HER,298.0,0.39387755102040817,R capa membrana,R = delta / kappa(T),0.05015252070648465,"{'delta': 0.005, 'kappa_ref': 0.1, 'Ea_kappa': 15000, 'T': 298.0, 'T_ref': 298.15, 'kappa(T)': 0.0996958862598806}"
Ni-HER,298.0,0.39387755102040817,R capa electrolito,R = delta / kappa(T),0.020048791756168367,"{'delta': 0.01, 'kappa_ref': 0.5, 'Ea_kappa': 12000, 'T': 298.0, 'T_ref': 298.15, 'kappa(T)': 0.4987831746480843}"
Ni-HER,298.0,0.39387755102040817,Perdida ohmica total,η_ohm = j · R_total,0.03552827205161639,"{'j': 0.39387755102040817, 'R_total': 0.090201312462653}"
Ni-HER,298.0,0.39387755102040817,j_lim (Arrhenius),j_lim = j_lim_ref * exp(-Ea/R * (1/T - 1/Tref)),3.9902653971846744,"{'j_lim_ref': 4.0, 'Ea': 12000.0, 'R': 8.314462618, 'T': 298.0, 'T_ref': 298.15}"
Ni-HER,298.0,0.39387755102040817,η_conc,η = -(RT/(nF))·ln(1 - j/j_lim),0.001334414652034669,"{'R': 8.314462618, 'T': 298.0, 'n': 2, 'F': 96485.33212, 'j': 0.39387755102040817, 'j_lim': 3.9902653971846744, 'prefactor': 0.012839826560800151}"
Ni-HER,298.0,0.39387755102040817,V_cell,V = V_rev + η_act + η_ohm + η_conc,1.3610690332485964,"{'V_rev': 1.2298732968034478, 'eta_act': 0.09433304974149753, 'eta_ohm': 0.03552827205161639, 'eta_conc': 0.001334414652034669}"
Ni-HER,298.0,0.41408163265306125,Potencial reversible (aprox. lineal),V_rev = V_ref + (ΔS/(nF))·(T - T_ref),1.2298732968034478,"{'V_ref': 1.23, 'ΔS_ref': 163.0, 'n': 2, 'F': 96485.33212, 'T': 298.0, 'T_ref': 298.15, 'slope': 0.0008446879770143449}"
Ni-HER,298.0,0.41408163265306125,j0(T) Ni-HER,j0 = j0_ref * exp(-Ea/R * (1/T - 1/Tref)),0.01,"{'j0_ref': 0.01, 'Ea': 40000.0, 'R': 8.314462618, 'T': 298.0, 'T_ref': 298.0}"
Ni-HER,298.0,0.41408163265306125,η_act Tafel Ni-HER,η = (RT/(α·nF))·ln(j/j0),0.09561762451714162,"{'R': 8.314462618, 'T': 298.0, 'alpha': 0.5, 'n': 2, 'F': 96485.33212, 'j': 0.41408163265306125, 'j0': 0.01, 'prefactor': 0.025679653121600303}"
Ni-HER,298.0,0.41408163265306125,R capa membrana,R = delta / kappa(T),0.05015252070648465,"{'delta': 0.005, 'kappa_ref': 0.1, 'Ea_kappa': 15000, 'T': 298.0, 'T_ref': 298.15, 'kappa(T)': 0.0996958862598806}"
Ni-HER,298.0,0.41408163265306125,R capa electrolito,R = delta / kappa(T),0.020048791756168367,"{'delta': 0.01, 'kappa_ref': 0.5, 'Ea_kappa': 12000, 'T': 298.0, 'T_ref': 298.15, 'kappa(T)': 0.4987831746480843}"
Ni-HER,298.0,0.41408163265306125,Perdida ohmica total,η_ohm = j · R_total,0.037350706731984276,"{'j': 0.41408163265306125, 'R_total': 0.090201312462653}"
Ni-HER,298.0,0.41408163265306125,j_lim (Arrhenius),j_lim = j_lim_ref * exp(-Ea/R * (1/T - 1/Tref)),3.9902653971846744,"{'j_lim_ref': 4.0, 'Ea': 12000.0, 'R': 8.314462618, 'T': 298.0, 'T_ref': 298.15}"
Ni-HER,298.0,0.41408163265306125,η_conc,η = -(RT/(nF))·ln(1 - j/j_lim),0.001406750657639251,"{'R': 8.314462618, 'T': 298.0, 'n': 2, 'F': 96485.33212, 'j': 0.41408163265306125, 'j_lim': 3.9902653971846744, 'prefactor': 0.012839826560800151}"
Ni-HER,298.0,0.41408163265306125,V_cell,V = V_rev + η_act + η_ohm + η_conc,1.3642483787102129,"{'V_rev': 1.2298732968034478, 'eta_act': 0.09561762451714162, 'eta_ohm': 0.037350706731984276, 'eta_conc': 0.001406750657639251}"
Ni-HER,298.0,0.4342857142857143,Potencial reversible (aprox. lineal),V_rev = V_ref + (ΔS/(nF))·(T - T_ref),1.2298732968034478,"{'V_ref': 1.23, 'ΔS_ref': 163.0, 'n': 2, 'F': 96485.33212, 'T': 298.0, 'T_ref': 298.15, 'slope': 0.0008446879770143449}"
Ni-HER,298.0,0.4342857142857143,j0(T) Ni-HER,j0 = j0_ref * exp(-Ea/R * (1/T - 1/Tref)),0.01,"{'j0_ref': 0.01, 'Ea': 40000.0, 'R': 8.314462618, 'T': 298.0, 'T_ref': 298.0}"
Ni-HER,298.0,0.4342857142857143,η_act Tafel Ni-HER,η = (RT/(α·nF))·ln(j/j0),0.0968409906251497,"{'R': 8.314462618, 'T': 298.0, 'alpha': 0.5, 'n': 2, 'F': 96485.33212, 'j': 0.4342857142857143, 'j0': 0.01, 'prefactor': 0.025679653121600303}"
Ni-HER,298.0,0.4342857142857143,R capa membrana,R = delta / kappa(T),0.05015252070648465,"{'delta': 0.005, 'kappa_ref': 0.1, 'Ea_kappa': 15000, 'T': 298.0, 'T_ref': 298.15, 'kappa(T)': 0.0996958862598806}"
Ni-HER,298.0,0.4342857142857143,R capa electrolito,R = delta / kappa(T),0.020048791756168367,"{'delta': 0.01, 'kappa_ref': 0.5, 'Ea_kappa': 12000, 'T': 298.0, 'T_ref': 298.15, 'kappa(T)': 0.4987831746480843}"
Ni-HER,298.0,0.4342857142857143,Perdida ohmica total,η_ohm = j · R_total,0.03917314141235216,"{'j': 0.4342857142857143, 'R_total': 0.090201312462653}"
Ni-HER,298.0,0.4342857142857143,j_lim (Arrhenius),j_lim = j_lim_ref * exp(-Ea/R * (1/T - 1/Tref)),3.9902653971846744,"{'j_lim_ref': 4.0, 'Ea': 12000.0, 'R': 8.314462618, 'T': 298.0, 'T_ref': 298.15}"
Ni-HER,298.0,0.4342857142857143,η_conc,η = -(RT/(nF))·ln(1 - j/j_lim),0.0014794964941092586,"{'R': 8.314462618, 'T': 298.0, 'n': 2, 'F': 96485.33212, 'j': 0.4342857142857143, 'j_lim': 3.9902653971846744, 'prefactor': 0.012839826560800151}"
Ni-HER,298.0,0.4342857142857143,V_cell,V = V_rev + η_act + η_ohm + η_conc,1.3673669253350589,"{'V_rev': 1.2298732968034478, 'eta_act': 0.0968409906251497, 'eta_ohm': 0.03917314141235216, 'eta_conc': 0.0014794964941092586}"
Ni-HER,298.0,0.45448979591836736,Potencial reversible (aprox. lineal),V_rev = V_ref + (ΔS/(nF))·(T - T_ref),1.2298732968034478,"{'V_ref': 1.23, 'ΔS_ref': 163.0, 'n': 2, 'F': 96485.33212, 'T': 298.0, 'T_ref': 298.15, 'slope': 0.0008446879770143449}"
Ni-HER,298.0,0.45448979591836736,j0(T) Ni-HER,j0 = j0_ref * exp(-Ea/R * (1/T - 1/Tref)),0.01,"{'j0_ref': 0.01, 'Ea': 40000.0, 'R': 8.314462618, 'T': 298.0, 'T_ref': 298.0}"
Ni-HER,298.0,0.45448979591836736,η_act Tafel Ni-HER,η = (RT/(α·nF))·ln(j/j0),0.09800871678692875,"{'R': 8.314462618, 'T': 298.0, 'alpha': 0.5, 'n': 2, 'F': 96485.33212, 'j': 0.45448979591836736, 'j0': 0.01, 'prefactor': 0.025679653121600303}"
Ni-HER,298.0,0.45448979591836736,R capa membrana,R = delta / kappa(T),0.05015252070648465,"{'delta': 0.005, 'kappa_ref': 0.1, 'Ea_kappa': 15000, 'T': 298.0, 'T_ref': 298.15, 'kappa(T)': 0.0996958862598806}"
Ni-HER,298.0,0.45448979591836736,R capa electrolito,R = delta / kappa(T),0.020048791756168367,"{'delta': 0.01, 'kappa_ref': 0.5, 'Ea_kappa': 12000, 'T': 298.0, 'T_ref': 298.15, 'kappa(T)': 0.4987831746480843}"
Ni-HER,298.0,0.45448979591836736,Perdida ohmica total,η_ohm = j · R_total,0.04099557609272005,"{'j': 0.45448979591836736, 'R_total': 0.090201312462653}"
Ni-HER,298.0,0.45448979591836736,j_lim (Arrhenius),j_lim = j_lim_ref * exp(-Ea/R * (1/T - 1/Tref)),3.9902653971846744,"{'j_lim_ref': 4.0, 'Ea': 12000.0, 'R': 8.314462618, 'T': 298.0, 'T_ref': 298.15}"
Ni-HER,298.0,0.45448979591836736,η_conc,η = -(RT/(nF))·ln(1 - j/j_lim),0.001552656831838836,"{'R': 8.314462618, 'T': 298.0, 'n': 2, 'F': 96485.33212, 'j': 0.45448979591836736, 'j_lim': 3.9902653971846744, 'prefactor': 0.012839826560800151}"
Ni-HER,298.0,0.45448979591836736,V_cell,V = V_rev + η_act + η_ohm + η_conc,1.3704302465149356,"{'V_rev': 1.2298732968034478, 'eta_act': 0.09800871678692875, 'eta_ohm': 0.04099557609272005, 'eta_conc': 0.001552656831838836}"
Ni-HER,298.0,0.4746938775510204,Potencial reversible (aprox. lineal),V_rev = V_ref + (ΔS/(nF))·(T - T_ref),1.2298732968034478,"{'V_ref': 1.23, 'ΔS_ref': 163.0, 'n': 2, 'F': 96485.33212, 'T': 298.0, 'T_ref': 298.15, 'slope': 0.0008446879770143449}"
Ni-HER,298.0,0.4746938775510204,j0(T) Ni-HER,j0 = j0_ref * exp(-Ea/R * (1/T - 1/Tref)),0.01,"{'j0_ref': 0.01, 'Ea': 40000.0, 'R': 8.314462618, 'T': 298.0, 'T_ref': 298.0}"
Ni-HER,298.0,0.4746938775510204,η_act Tafel Ni-HER,η = (RT/(α·nF))·ln(j/j0),0.09912564471785817,"{'R': 8.314462618, 'T': 298.0, 'alpha': 0.5, 'n': 2, 'F': 96485.33212, 'j': 0.4746938775510204, 'j0': 0.01, 'prefactor': 0.025679653121600303}"
Ni-HER,298.0,0.4746938775510204,R capa membrana,R = delta / kappa(T),0.05015252070648465,"{'delta': 0.005, 'kappa_ref': 0.1, 'Ea_kappa': 15000, 'T': 298.0, 'T_ref': 298.15, 'kappa(T)': 0.0996958862598806}"
Ni-HER,298.0,0.4746938775510204,R capa electrolito,R = delta / kappa(T),0.020048791756168367,"{'delta': 0.01, 'kappa_ref': 0.5, 'Ea_kappa': 12000, 'T': 298.0, 'T_ref': 298.15, 'kappa(T)': 0.4987831746480843}"
Ni-HER,298.0,0.4746938775510204,Perdida ohmica total,η_ohm = j · R_total,0.04281801077308794,"{'j': 0.4746938775510204, 'R_total': 0.090201312462653}"
Ni-HER,298.0,0.4746938775510204,j_lim (Arrhenius),j_lim = j_lim_ref * exp(-Ea/R * (1/T - 1/Tref)),3.9902653971846744,"{'j_lim_ref': 4.0, 'Ea': 12000.0, 'R': 8.314462618, 'T': 298.0, 'T_ref': 298.15}"
Ni-HER,298.0,0.4746938775510204,η_conc,η = -(RT/(nF))·ln(1 - j/j_lim),0.0016262364215149125,"{'R': 8.314462618, 'T': 298.0, 'n': 2, 'F': 96485.33212, 'j': 0.4746938775510204, 'j_lim': 3.9902653971846744, 'prefactor': 0.012839826560800151}"
Ni-HER,298.0,0.4746938775510204,V_cell,V = V_rev + η_act + η_ohm + η_conc,1.3734431887159089,"{'V_rev': 1.2298732968034478, 'eta_act': 0.09912564471785817, 'eta_ohm': 0.04281801077308794, 'eta_conc': 0.0016262364215149125}"
Ni-HER,298.0,0.49489795918367346,Potencial reversible (aprox. lineal),V_rev = V_ref + (ΔS/(nF))·(T - T_ref),1.2298732968034478,"{'V_ref': 1.23, 'ΔS_ref': 163.0, 'n': 2, 'F': 96485.33212, 'T': 298.0, 'T_ref': 298.15, 'slope': 0.0008446879770143449}"
Ni-HER,298.0,0.49489795918367346,j0(T) Ni-HER,j0 = j0_ref * exp(-Ea/R * (1/T - 1/Tref)),0.01,"{'j0_ref': 0.01, 'Ea': 40000.0, 'R': 8.314462618, 'T': 298.0, 'T_ref': 298.0}"
Ni-HER,298.0,0.49489795918367346,η_act Tafel Ni-HER,η = (RT/(α·nF))·ln(j/j0),0.10019601041658004,"{'R': 8.314462618, 'T': 298.0, 'alpha': 0.5, 'n': 2, 'F': 96485.33212, 'j': 0.49489795918367346, 'j0': 0.01, 'prefactor': 0.025679653121600303}"
Ni-HER,298.0,0.49489795918367346,R capa membrana,R = delta / kappa(T),0.05015252070648465,"{'delta': 0.005, 'kappa_ref': 0.1, 'Ea_kappa': 15000, 'T': 298.0, 'T_ref': 298.15, 'kappa(T)': 0.0996958862598806}"
Ni-HER,298.0,0.49489795918367346,R capa electrolito,R = delta / kappa(T),0.020048791756168367,"{'delta': 0.01, 'kappa_ref': 0.5, 'Ea_kappa': 12000, 'T': 298.0, 'T_ref': 298.15, 'kappa(T)': 0.4987831746480843}"
Ni-HER,298.0,0.49489795918367346,Perdida ohmica total,η_ohm = j · R_total,0.04464044545345582,"{'j': 0.49489795918367346, 'R_total': 0.090201312462653}"
Ni-HER,298.0,0.49489795918367346,j_lim (Arrhenius),j_lim = j_lim_ref * exp(-Ea/R * (1/T - 1/Tref)),3.9902653971846744,"{'j_lim_ref': 4.0, 'Ea': 12000.0, 'R': 8.314462618, 'T': 298.0, 'T_ref': 298.15}"
Ni-HER,298.0,0.49489795918367346,η_conc,η = -(RT/(nF))·ln(1 - j/j_lim),0.0017002400959683244,"{'R': 8.314462618, 'T': 298.0, 'n': 2, 'F': 96485.33212, 'j': 0.49489795918367346, 'j_lim': 3.9902653971846744, 'prefactor': 0.012839826560800151}"
Ni-HER,298.0,0.49489795918367346,V_cell,V = V_rev + η_act + η_ohm + η_conc,1.376409992769452,"{'V_rev': 1.2298732968034478, 'eta_act': 0.10019601041658004, 'eta_ohm': 0.04464044545345582, 'eta_conc': 0.0017002400959683244}"
Ni-HER,298.0,0.5151020408163265,Potencial reversible (aprox. lineal),V_rev = V_ref + (ΔS/(nF))·(T - T_ref),1.2298732968034478,"{'V_ref': 1.23, 'ΔS_ref': 163.0, 'n': 2, 'F': 96485.33212, 'T': 298.0, 'T_ref': 298.15, 'slope': 0.0008446879770143449}"
Ni-HER,298.0,0.5151020408163265,j0(T) Ni-HER,j0 = j0_ref * exp(-Ea/R * (1/T - 1/Tref)),0.01,"{'j0_ref': 0.01, 'Ea': 40000.0, 'R': 8.314462618, 'T': 298.0, 'T_ref': 298.0}"
Ni-HER,298.0,0.5151020408163265,η_act Tafel Ni-HER,η = (RT/(α·nF))·ln(j/j0),0.10122354116982372,"{'R': 8.314462618, 'T': 298.0, 'alpha': 0.5, 'n': 2, 'F': 96485.33212, 'j': 0.5151020408163265, 'j0': 0.01, 'prefactor': 0.025679653121600303}"
Ni-HER,298.0,0.5151020408163265,R capa membrana,R = delta / kappa(T),0.05015252070648465,"{'delta': 0.005, 'kappa_ref': 0.1, 'Ea_kappa': 15000, 'T': 298.0, 'T_ref': 298.15, 'kappa(T)': 0.0996958862598806}"
Ni-HER,298.0,0.5151020408163265,R capa electrolito,R = delta / kappa(T),0.020048791756168367,"{'delta': 0.01, 'kappa_ref': 0.5, 'Ea_kappa': 12000, 'T': 298.0, 'T_ref': 298.15, 'kappa(T)': 0.4987831746480843}"
Ni-HER,298.0,0.5151020408163265,Perdida ohmica total,η_ohm = j · R_total,0.04646288013382371,"{'j': 0.5151020408163265, 'R_total': 0.090201312462653}"
Ni-HER,298.0,0.5151020408163265,j_lim (Arrhenius),j_lim = j_lim_ref * exp(-Ea/R * (1/T - 1/Tref)),3.9902653971846744,"{'j_lim_ref': 4.0, 'Ea': 12000.0, 'R': 8.314462618, 'T': 298.0, 'T_ref': 298.15}"
Ni-HER,298.0,0.5151020408163265,η_conc,η = -(RT/(nF))·ln(1 - j/j_lim),0.0017746727720785948,"{'R': 8.314462618, 'T': 298.0, 'n': 2, 'F': 96485.33212, 'j': 0.5151020408163265, 'j_lim': 3.9902653971846744, 'prefactor': 0.012839826560800151}"
Ni-HER,298.0,0.5151020408163265,V_cell,V = V_rev + η_act + η_ohm + η_conc,1.3793343908791738,"{'V_rev': 1.2298732968034478, 'eta_act': 0.10122354116982372, 'eta_ohm': 0.04646288013382371, 'eta_conc': 0.0017746727720785948}"
Ni-HER,298.0,0.5353061224489796,Potencial reversible (aprox. lineal),V_rev = V_ref + (ΔS/(nF))·(T - T_ref),1.2298732968034478,"{'V_ref': 1.23, 'ΔS_ref': 163.0, 'n': 2, 'F': 96485.33212, 'T': 298.0, 'T_ref': 298.15, 'slope': 0.0008446879770143449}"
Ni-HER,298.0,0.5353061224489796,j0(T) Ni-HER,j0 = j0_ref * exp(-Ea/R * (1/T - 1/Tref)),0.01,"{'j0_ref': 0.01, 'Ea': 40000.0, 'R': 8.314462618, 'T': 298.0, 'T_ref': 298.0}"
Ni-HER,298.0,0.5353061224489796,η_act Tafel Ni-HER,η = (RT/(α·nF))·ln(j/j0),0.10221153388347291,"{'R': 8.314462618, 'T': 298.0, 'alpha': 0.5, 'n': 2, 'F': 96485.33212, 'j': 0.5353061224489796, 'j0': 0.01, 'prefactor': 0.025679653121600303}"
Ni-HER,298.0,0.5353061224489796,R capa membrana,R = delta / kappa(T),0.05015252070648465,"{'delta': 0.005, 'kappa_ref': 0.1, 'Ea_kappa': 15000, 'T': 298.0, 'T_ref': 298.15, 'kappa(T)': 0.0996958862598806}"
Ni-HER,298.0,0.5353061224489796,R capa electrolito,R = delta / kappa(T),0.020048791756168367,"{'delta': 0.01, 'kappa_ref': 0.5, 'Ea_kappa': 12000, 'T': 298.0, 'T_ref': 298.15, 'kappa(T)': 0.4987831746480843}"
Ni-HER,298.0,0.5353061224489796,Perdida ohmica total,η_ohm = j · R_total,0.0482853148141916,"{'j': 0.5353061224489796, 'R_total': 0.090201312462653}"
Ni-HER,298.0,0.5353061224489796,j_lim (Arrhenius),j_lim = j_lim_ref * exp(-Ea/R * (1/T - 1/Tref)),3.9902653971846744,"{'j_lim_ref': 4.0, 'Ea': 12000.0, 'R': 8.314462618, 'T': 298.0, 'T_ref': 298.15}"
Ni-HER,298.0,0.5353061224489796,η_conc,η = -(RT/(nF))·ln(1 - j/j_lim),0.001849539452734246,"{'R': 8.314462618, 'T': 298.0, 'n': 2, 'F': 96485.33212, 'j': 0.5353061224489796, 'j_lim': 3.9902653971846744, 'prefactor': 0.012839826560800151}"
Ni-HER,298.0,0.5353061224489796,V_cell,V = V_rev + η_act + η_ohm + η_conc,1.3822196849538464,"{'V_rev': 1.2298732968034478, 'eta_act': 0.10221153388347291, 'eta_ohm': 0.0482853148141916, 'eta_conc': 0.001849539452734246}"
Ni-HER,298.0,0.5555102040816327,Potencial reversible (aprox. lineal),V_rev = V_ref + (ΔS/(nF))·(T - T_ref),1.2298732968034478,"{'V_ref': 1.23, 'ΔS_ref': 163.0, 'n': 2, 'F': 96485.33212, 'T': 298.0, 'T_ref': 298.15, 'slope': 0.0008446879770143449}"
Ni-HER,298.0,0.5555102040816327,j0(T) Ni-HER,j0 = j0_ref * exp(-Ea/R * (1/T - 1/Tref)),0.01,"{'j0_ref': 0.01, 'Ea': 40000.0, 'R': 8.314462618, 'T': 298.0, 'T_ref': 298.0}"
Ni-HER,298.0,0.5555102040816327,η_act Tafel Ni-HER,η = (RT/(α·nF))·ln(j/j0),0.10316291889413914,"{'R': 8.314462618, 'T': 298.0, 'alpha': 0.5, 'n': 2, 'F': 96485.33212, 'j': 0.5555102040816327, 'j0': 0.01, 'prefactor': 0.025679653121600303}"
Ni-HER,298.0,0.5555102040816327,R capa membrana,R = delta / kappa(T),0.05015252070648465,"{'delta': 0.005, 'kappa_ref': 0.1, 'Ea_kappa': 15000, 'T': 298.0, 'T_ref': 298.15, 'kappa(T)': 0.0996958862598806}"
Ni-HER,298.0,0.5555102040816327,R capa electrolito,R = delta / kappa(T),0.020048791756168367,"{'delta': 0.01, 'kappa_ref': 0.5, 'Ea_kappa': 12000, 'T': 298.0, 'T_ref': 298.15, 'kappa(T)': 0.4987831746480843}"
Ni-HER,298.0,0.5555102040816327,Perdida ohmica total,η_ohm = j · R_total,0.050107749494559484,"{'j': 0.5555102040816327, 'R_total': 0.090201312462653}"
Ni-HER,298.0,0.5555102040816327,j_lim (Arrhenius),j_lim = j_lim_ref * exp(-Ea/R * (1/T - 1/Tref)),3.9902653971846744,"{'j_lim_ref': 4.0, 'Ea': 12000.0, 'R': 8.314462618, 'T': 298.0, 'T_ref': 298.15}"
Ni-HER,298.0,0.5555102040816327,η_conc,η = -(RT/(nF))·ln(1 - j/j_lim),0.001924845228850597,"{'R': 8.314462618, 'T': 298.0, 'n': 2, 'F': 96485.33212, 'j': 0.5555102040816327, 'j_lim': 3.9902653971846744, 'prefactor': 0.012839826560800151}"
Ni-HER,298.0,0.5555102040816327,V_cell,V = V_rev + η_act + η_ohm + η_conc,1.385068810420997,"{'V_rev': 1.2298732968034478, 'eta_act': 0.10316291889413914, 'eta_ohm': 0.050107749494559484, 'eta_conc': 0.001924845228850597}"
Ni-HER,298.0,0.5757142857142857,Potencial reversible (aprox. lineal),V_rev = V_ref + (ΔS/(nF))·(T - T_ref),1.2298732968034478,"{'V_ref': 1.23, 'ΔS_ref': 163.0, 'n': 2, 'F': 96485.33212, 'T': 298.0, 'T_ref': 298.15, 'slope': 0.0008446879770143449}"
Ni-HER,298.0,0.5757142857142857,j0(T) Ni-HER,j0 = j0_ref * exp(-Ea/R * (1/T - 1/Tref)),0.01,"{'j0_ref': 0.01, 'Ea': 40000.0, 'R': 8.314462618, 'T': 298.0, 'T_ref': 298.0}"
Ni-HER,298.0,0.5757142857142857,η_act Tafel Ni-HER,η = (RT/(α·nF))·ln(j/j0),0.10408031237573435,"{'R': 8.314462618, 'T': 298.0, 'alpha': 0.5, 'n': 2, 'F': 96485.33212, 'j': 0.5757142857142857, 'j0': 0.01, 'prefactor': 0.025679653121600303}"
Ni-HER,298.0,0.5757142857142857,R capa membrana,R = delta / kappa(T),0.05015252070648465,"{'delta': 0.005, 'kappa_ref': 0.1, 'Ea_kappa': 15000, 'T': 298.0, 'T_ref': 298.15, 'kappa(T)': 0.0996958862598806}"
Ni-HER,298.0,0.5757142857142857,R capa electrolito,R = delta / kappa(T),0.020048791756168367,"{'delta': 0.01, 'kappa_ref': 0.5, 'Ea_kappa': 12000, 'T': 298.0, 'T_ref': 298.15, 'kappa(T)': 0.4987831746480843}"
Ni-HER,298.0,0.5757142857142857,Perdida ohmica total,η_ohm = j · R_total,0.051930184174927375,"{'j': 0.5757142857142857, 'R_total': 0.090201312462653}"
Ni-HER,298.0,0.5757142857142857,j_lim (Arrhenius),j_lim = j_lim_ref * exp(-Ea/R * (1/T - 1/Tref)),3.9902653971846744,"{'j_lim_ref': 4.0, 'Ea': 12000.0, 'R': 8.314462618, 'T': 298.0, 'T_ref': 298.15}"
Ni-HER,298.0,0.5757142857142857,η_conc,η = -(RT/(nF))·ln(1 - j/j_lim),0.002000595281447087,"{'R': 8.314462618, 'T': 298.0, 'n': 2, 'F': 96485.33212, 'j': 0.5757142857142857, 'j_lim': 3.9902653971846744, 'prefactor': 0.012839826560800151}"
Ni-HER,298.0,0.5757142857142857,V_cell,V = V_rev + η_act + η_ohm + η_conc,1.3878843886355565,"{'V_rev': 1.2298732968034478, 'eta_act': 0.10408031237573435, 'eta_ohm': 0.051930184174927375, 'eta_conc': 0.002000595281447087}"
Ni-HER,298.0,0.5959183673469388,Potencial reversible (aprox. lineal),V_rev = V_ref + (ΔS/(nF))·(T - T_ref),1.2298732968034478,"{'V_ref': 1.23, 'ΔS_ref': 163.0, 'n': 2, 'F': 96485.33212, 'T': 298.0, 'T_ref': 298.15, 'slope': 0.0008446879770143449}"
Ni-HER,298.0,0.5959183673469388,j0(T) Ni-HER,j0 = j0_ref * exp(-Ea/R * (1/T - 1/Tref)),0.01,"{'j0_ref': 0.01, 'Ea': 40000.0, 'R': 8.314462618, 'T': 298.0, 'T_ref': 298.0}"
Ni-HER,298.0,0.5959183673469388,η_act Tafel Ni-HER,η = (RT/(α·nF))·ln(j/j0),0.10496605970294597,"{'R': 8.314462618, 'T': 298.0, 'alpha': 0.5, 'n': 2, 'F': 96485.33212, 'j': 0.5959183673469388, 'j0': 0.01, 'prefactor': 0.025679653121600303}"
Ni-HER,298.0,0.5959183673469388,R capa membrana,R = delta / kappa(T),0.05015252070648465,"{'delta': 0.005, 'kappa_ref': 0.1, 'Ea_kappa': 15000, 'T': 298.0, 'T_ref': 298.15, 'kappa(T)': 0.0996958862598806}"
Ni-HER,298.0,0.5959183673469388,R capa electrolito,R = delta / kappa(T),0.020048791756168367,"{'delta': 0.01, 'kappa_ref': 0.5, 'Ea_kappa': 12000, 'T': 298.0, 'T_ref': 298.15, 'kappa(T)': 0.4987831746480843}"
Ni-HER,298.0,0.5959183673469388,Perdida ohmica total,η_ohm = j · R_total,0.05375261885529526,"{'j': 0.5959183673469388, 'R_total': 0.090201312462653}"
Ni-HER,298.0,0.5959183673469388,j_lim (Arrhenius),j_lim = j_lim_ref * exp(-Ea/R * (1/T - 1/Tref)),3.9902653971846744,"{'j_lim_ref': 4.0, 'Ea': 12000.0, 'R': 8.314462618, 'T': 298.0, 'T_ref': 298.15}"
Ni-HER,298.0,0.5959183673469388,η_conc,η = -(RT/(nF))·ln(1 - j/j_lim),0.0020767948837862355,"{'R': 8.314462618, 'T': 298.0, 'n': 2, 'F': 96485.33212, 'j': 0.5959183673469388, 'j_lim': 3.9902653971846744, 'prefactor': 0.012839826560800151}"
Ni-HER,298.0,0.5959183673469388,V_cell,V = V_rev + η_act + η_ohm + η_conc,1.3906687702454754,"{'V_rev': 1.2298732968034478, 'eta_act': 0.10496605970294597, 'eta_ohm': 0.05375261885529526, 'eta_conc': 0.0020767948837862355}"
Ni-HER,298.0,0.6161224489795918,Potencial reversible (aprox. lineal),V_rev = V_ref + (ΔS/(nF))·(T - T_ref),1.2298732968034478,"{'V_ref': 1.23, 'ΔS_ref': 163.0, 'n': 2, 'F': 96485.33212, 'T': 298.0, 'T_ref': 298.15, 'slope': 0.0008446879770143449}"
Ni-HER,298.0,0.6161224489795918,j0(T) Ni-HER,j0 = j0_ref * exp(-Ea/R * (1/T - 1/Tref)),0.01,"{'j0_ref': 0.01, 'Ea': 40000.0, 'R': 8.314462618, 'T': 298.0, 'T_ref': 298.0}"
Ni-HER,298.0,0.6161224489795918,η_act Tafel Ni-HER,η = (RT/(α·nF))·ln(j/j0),0.10582227158184947,"{'R': 8.314462618, 'T': 298.0, 'alpha': 0.5, 'n': 2, 'F': 96485.33212, 'j': 0.6161224489795918, 'j0': 0.01, 'prefactor': 0.025679653121600303}"
Ni-HER,298.0,0.6161224489795918,R capa membrana,R = delta / kappa(T),0.05015252070648465,"{'delta': 0.005, 'kappa_ref': 0.1, 'Ea_kappa': 15000, 'T': 298.0, 'T_ref': 298.15, 'kappa(T)': 0.0996958862598806}"
Ni-HER,298.0,0.6161224489795918,R capa electrolito,R = delta / kappa(T),0.020048791756168367,"{'delta': 0.01, 'kappa_ref': 0.5, 'Ea_kappa': 12000, 'T': 298.0, 'T_ref': 298.15, 'kappa(T)': 0.4987831746480843}"
Ni-HER,298.0,0.6161224489795918,Perdida ohmica total,η_ohm = j · R_total,0.055575053535663145,"{'j': 0.6161224489795918, 'R_total': 0.090201312462653}"
Ni-HER,298.0,0.6161224489795918,j_lim (Arrhenius),j_lim = j_lim_ref * exp(-Ea/R * (1/T - 1/Tref)),3.9902653971846744,"{'j_lim_ref': 4.0, 'Ea': 12000.0, 'R': 8.314462618, 'T': 298.0, 'T_ref': 298.15}"
Ni-HER,298.0,0.6161224489795918,η_conc,η = -(RT/(nF))·ln(1 - j/j_lim),0.0021534494035764552,"{'R': 8.314462618, 'T': 298.0, 'n': 2, 'F': 96485.33212, 'j': 0.6161224489795918, 'j_lim': 3.9902653971846744, 'prefactor': 0.012839826560800151}"
Ni-HER,298.0,0.6161224489795918,V_cell,V = V_rev + η_act + η_ohm + η_conc,1.393424071324537,"{'V_rev': 1.2298732968034478, 'eta_act': 0.10582227158184947, 'eta_ohm': 0.055575053535663145, 'eta_conc': 0.0021534494035764552}"
Ni-HER,298.0,0.636326530612245,Potencial reversible (aprox. lineal),V_rev = V_ref + (ΔS/(nF))·(T - T_ref),1.2298732968034478,"{'V_ref': 1.23, 'ΔS_ref': 163.0, 'n': 2, 'F': 96485.33212, 'T': 298.0, 'T_ref': 298.15, 'slope': 0.0008446879770143449}"
Ni-HER,298.0,0.636326530612245,j0(T) Ni-HER,j0 = j0_ref * exp(-Ea/R * (1/T - 1/Tref)),0.01,"{'j0_ref': 0.01, 'Ea': 40000.0, 'R': 8.314462618, 'T': 298.0, 'T_ref': 298.0}"
Ni-HER,298.0,0.636326530612245,η_act Tafel Ni-HER,η = (RT/(α·nF))·ln(j/j0),0.1066508543487409,"{'R': 8.314462618, 'T': 298.0, 'alpha': 0.5, 'n': 2, 'F': 96485.33212, 'j': 0.636326530612245, 'j0': 0.01, 'prefactor': 0.025679653121600303}"
Ni-HER,298.0,0.636326530612245,R capa membrana,R = delta / kappa(T),0.05015252070648465,"{'delta': 0.005, 'kappa_ref': 0.1, 'Ea_kappa': 15000, 'T': 298.0, 'T_ref': 298.15, 'kappa(T)': 0.0996958862598806}"
Ni-HER,298.0,0.636326530612245,R capa electrolito,R = delta / kappa(T),0.020048791756168367,"{'delta': 0.01, 'kappa_ref': 0.5, 'Ea_kappa': 12000, 'T': 298.0, 'T_ref': 298.15, 'kappa(T)': 0.4987831746480843}"
Ni-HER,298.0,0.636326530612245,Perdida ohmica total,η_ohm = j · R_total,0.057397488216031044,"{'j': 0.636326530612245, 'R_total': 0.090201312462653}"
Ni-HER,298.0,0.636326530612245,j_lim (Arrhenius),j_lim = j_lim_ref * exp(-Ea/R * (1/T - 1/Tref)),3.9902653971846744,"{'j_lim_ref': 4.0, 'Ea': 12000.0, 'R': 8.314462618, 'T': 298.0, 'T_ref': 298.15}"
Ni-HER,298.0,0.636326530612245,η_conc,η = -(RT/(nF))·ln(1 - j/j_lim),0.0022305643052410217,"{'R': 8.314462618, 'T': 298.0, 'n': 2, 'F': 96485.33212, 'j': 0.636326530612245, 'j_lim': 3.9902653971846744, 'prefactor': 0.012839826560800151}"
Ni-HER,298.0,0.636326530612245,V_cell,V = V_rev + η_act + η_ohm + η_conc,1.3961522036734608,"{'V_rev': 1.2298732968034478, 'eta_act': 0.1066508543487409, 'eta_ohm': 0.057397488216031044, 'eta_conc': 0.0022305643052410217}"
Ni-HER,298.0,0.656530612244898,Potencial reversible (aprox. lineal),V_rev = V_ref + (ΔS/(nF))·(T - T_ref),1.2298732968034478,"{'V_ref': 1.23, 'ΔS_ref': 163.0, 'n': 2, 'F': 96485.33212, 'T': 298.0, 'T_ref': 298.15, 'slope': 0.0008446879770143449}"
Ni-HER,298.0,0.656530612244898,j0(T) Ni-HER,j0 = j0_ref * exp(-Ea/R * (1/T - 1/Tref)),0.01,"{'j0_ref': 0.01, 'Ea': 40000.0, 'R': 8.314462618, 'T': 298.0, 'T_ref': 298.0}"
Ni-HER,298.0,0.656530612244898,η_act Tafel Ni-HER,η = (RT/(α·nF))·ln(j/j0),0.10745353553151218,"{'R': 8.314462618, 'T': 298.0, 'alpha': 0.5, 'n': 2, 'F': 96485.33212, 'j': 0.656530612244898, 'j0': 0.01, 'prefactor': 0.025679653121600303}"
Ni-HER,298.0,0.656530612244898,R capa membrana,R = delta / kappa(T),0.05015252070648465,"{'delta': 0.005, 'kappa_ref': 0.1, 'Ea_kappa': 15000, 'T': 298.0, 'T_ref': 298.15, 'kappa(T)': 0.0996958862598806}"
Ni-HER,298.0,0.656530612244898,R capa electrolito,R = delta / kappa(T),0.020048791756168367,"{'delta': 0.01, 'kappa_ref': 0.5, 'Ea_kappa': 12000, 'T': 298.0, 'T_ref': 298.15, 'kappa(T)': 0.4987831746480843}"
Ni-HER,298.0,0.656530612244898,Perdida ohmica total,η_ohm = j · R_total,0.05921992289639892,"{'j': 0.656530612244898, 'R_total': 0.090201312462653}"
Ni-HER,298.0,0.656530612244898,j_lim (Arrhenius),j_lim = j_lim_ref * exp(-Ea/R * (1/T - 1/Tref)),3.9902653971846744,"{'j_lim_ref': 4.0, 'Ea': 12000.0, 'R': 8.314462618, 'T': 298.0, 'T_ref': 298.15}"
Ni-HER,298.0,0.656530612244898,η_conc,η = -(RT/(nF))·ln(1 - j/j_lim),0.002308145152255567,"{'R': 8.314462618, 'T': 298.0, 'n': 2, 'F': 96485.33212, 'j': 0.656530612244898, 'j_lim': 3.9902653971846744, 'prefactor': 0.012839826560800151}"
Ni-HER,298.0,0.656530612244898,V_cell,V = V_rev + η_act + η_ohm + η_conc,1.3988549003836146,"{'V_rev': 1.2298732968034478, 'eta_act': 0.10745353553151218, 'eta_ohm': 0.05921992289639892, 'eta_conc': 0.002308145152255567}"
Ni-HER,298.0,0.676734693877551,Potencial reversible (aprox. lineal),V_rev = V_ref + (ΔS/(nF))·(T - T_ref),1.2298732968034478,"{'V_ref': 1.23, 'ΔS_ref': 163.0, 'n': 2, 'F': 96485.33212, 'T': 298.0, 'T_ref': 298.15, 'slope': 0.0008446879770143449}"
Ni-HER,298.0,0.676734693877551,j0(T) Ni-HER,j0 = j0_ref * exp(-Ea/R * (1/T - 1/Tref)),0.01,"{'j0_ref': 0.01, 'Ea': 40000.0, 'R': 8.314462618, 'T': 298.0, 'T_ref': 298.0}"
Ni-HER,298.0,0.676734693877551,η_act Tafel Ni-HER,η = (RT/(α·nF))·ln(j/j0),0.10823188553556667,"{'R': 8.314462618, 'T': 298.0, 'alpha': 0.5, 'n': 2, 'F': 96485.33212, 'j': 0.676734693877551, 'j0': 0.01, 'prefactor': 0.025679653121600303}"
Ni-HER,298.0,0.676734693877551,R capa membrana,R = delta / kappa(T),0.05015252070648465,"{'delta': 0.005, 'kappa_ref': 0.1, 'Ea_kappa': 15000, 'T': 298.0, 'T_ref': 298.15, 'kappa(T)': 0.0996958862598806}"
Ni-HER,298.0,0.676734693877551,R capa electrolito,R = delta / kappa(T),0.020048791756168367,"{'delta': 0.01, 'kappa_ref': 0.5, 'Ea_kappa': 12000, 'T': 298.0, 'T_ref': 298.15, 'kappa(T)': 0.4987831746480843}"
Ni-HER,298.0,0.676734693877551,Perdida ohmica total,η_ohm = j · R_total,0.06104235757676681,"{'j': 0.676734693877551, 'R_total': 0.090201312462653}"
Ni-HER,298.0,0.676734693877551,j_lim (Arrhenius),j_lim = j_lim_ref * exp(-Ea/R * (1/T - 1/Tref)),3.9902653971846744,"{'j_lim_ref': 4.0, 'Ea': 12000.0, 'R': 8.314462618, 'T': 298.0, 'T_ref': 298.15}"
Ni-HER,298.0,0.676734693877551,η_conc,η = -(RT/(nF))·ln(1 - j/j_lim),0.002386197609556665,"{'R': 8.314462618, 'T': 298.0, 'n': 2, 'F': 96485.33212, 'j': 0.676734693877551, 'j_lim': 3.9902653971846744, 'prefactor': 0.012839826560800151}"
Ni-HER,298.0,0.676734693877551,V_cell,V = V_rev + η_act + η_ohm + η_conc,1.401533737525338,"{'V_rev': 1.2298732968034478, 'eta_act': 0.10823188553556667, 'eta_ohm': 0.06104235757676681, 'eta_conc': 0.002386197609556665}"
Ni-HER,298.0,0.696938775510204,Potencial reversible (aprox. lineal),V_rev = V_ref + (ΔS/(nF))·(T - T_ref),1.2298732968034478,"{'V_ref': 1.23, 'ΔS_ref': 163.0, 'n': 2, 'F': 96485.33212, 'T': 298.0, 'T_ref': 298.15, 'slope': 0.0008446879770143449}"
Ni-HER,298.0,0.696938775510204,j0(T) Ni-HER,j0 = j0_ref * exp(-Ea/R * (1/T - 1/Tref)),0.01,"{'j0_ref': 0.01, 'Ea': 40000.0, 'R': 8.314462618, 'T': 298.0, 'T_ref': 298.0}"
Ni-HER,298.0,0.696938775510204,η_act Tafel Ni-HER,η = (RT/(α·nF))·ln(j/j0),0.10898733613866161,"{'R': 8.314462618, 'T': 298.0, 'alpha': 0.5, 'n': 2, 'F': 96485.33212, 'j': 0.696938775510204, 'j0': 0.01, 'prefactor': 0.025679653121600303}"
Ni-HER,298.0,0.696938775510204,R capa membrana,R = delta / kappa(T),0.05015252070648465,"{'delta': 0.005, 'kappa_ref': 0.1, 'Ea_kappa': 15000, 'T': 298.0, 'T_ref': 298.15, 'kappa(T)': 0.0996958862598806}"
Ni-HER,298.0,0.696938775510204,R capa electrolito,R = delta / kappa(T),0.020048791756168367,"{'delta': 0.01, 'kappa_ref': 0.5, 'Ea_kappa': 12000, 'T': 298.0, 'T_ref': 298.15, 'kappa(T)': 0.4987831746480843}"
Ni-HER,298.0,0.696938775510204,Perdida ohmica total,η_ohm = j · R_total,0.06286479225713469,"{'j': 0.696938775510204, 'R_total': 0.090201312462653}"
Ni-HER,298.0,0.696938775510204,j_lim (Arrhenius),j_lim = j_lim_ref * exp(-Ea/R * (1/T - 1/Tref)),3.9902653971846744,"{'j_lim_ref': 4.0, 'Ea': 12000.0, 'R': 8.314462618, 'T': 298.0, 'T_ref': 298.15}"
Ni-HER,298.0,0.696938775510204,η_conc,η = -(RT/(nF))·ln(1 - j/j_lim),0.0024647274460240214,"{'R': 8.314462618, 'T': 298.0, 'n': 2, 'F': 96485.33212, 'j': 0.696938775510204, 'j_lim': 3.9902653971846744, 'prefactor': 0.012839826560800151}"
Ni-HER,298.0,0.696938775510204,V_cell,V = V_rev + η_act + η_ohm + η_conc,1.404190152645268,"{'V_rev': 1.2298732968034478, 'eta_act': 0.10898733613866161, 'eta_ohm': 0.06286479225713469, 'eta_conc': 0.0024647274460240214}"
Ni-HER,298.0,0.7171428571428571,Potencial reversible (aprox. lineal),V_rev = V_ref + (ΔS/(nF))·(T - T_ref),1.2298732968034478,"{'V_ref': 1.23, 'ΔS_ref': 163.0, 'n': 2, 'F': 96485.33212, 'T': 298.0, 'T_ref': 298.15, 'slope': 0.0008446879770143449}"
Ni-HER,298.0,0.7171428571428571,j0(T) Ni-HER,j0 = j0_ref * exp(-Ea/R * (1/T - 1/Tref)),0.01,"{'j0_ref': 0.01, 'Ea': 40000.0, 'R': 8.314462618, 'T': 298.0, 'T_ref': 298.0}"
Ni-HER,298.0,0.7171428571428571,η_act Tafel Ni-HER,η = (RT/(α·nF))·ln(j/j0),0.10972119634208373,"{'R': 8.314462618, 'T': 298.0, 'alpha': 0.5, 'n': 2, 'F': 96485.33212, 'j': 0.7171428571428571, 'j0': 0.01, 'prefactor': 0.025679653121600303}"
Ni-HER,298.0,0.7171428571428571,R capa membrana,R = delta / kappa(T),0.05015252070648465,"{'delta': 0.005, 'kappa_ref': 0.1, 'Ea_kappa': 15000, 'T': 298.0, 'T_ref': 298.15, 'kappa(T)': 0.0996958862598806}"
Ni-HER,298.0,0.7171428571428571,R capa electrolito,R = delta / kappa(T),0.020048791756168367,"{'delta': 0.01, 'kappa_ref': 0.5, 'Ea_kappa': 12000, 'T': 298.0, 'T_ref': 298.15, 'kappa(T)': 0.4987831746480843}"
Ni-HER,298.0,0.7171428571428571,Perdida ohmica total,η_ohm = j · R_total,0.06468722693750258,"{'j': 0.7171428571428571, 'R_total': 0.090201312462653}"
Ni-HER,298.0,0.7171428571428571,j_lim (Arrhenius),j_lim = j_lim_ref * exp(-Ea/R * (1/T - 1/Tref)),3.9902653971846744,"{'j_lim_ref': 4.0, 'Ea': 12000.0, 'R': 8.314462618, 'T': 298.0, 'T_ref': 298.15}"
Ni-HER,298.0,0.7171428571428571,η_conc,η = -(RT/(nF))·ln(1 - j/j_lim),0.002543740537039094,"{'R': 8.314462618, 'T': 298.0, 'n': 2, 'F': 96485.33212, 'j': 0.7171428571428571, 'j_lim': 3.9902653971846744, 'prefactor': 0.012839826560800151}"
Ni-HER,298.0,0.7171428571428571,V_cell,V = V_rev + η_act + η_ohm + η_conc,1.406825460620073,"{'V_rev': 1.2298732968034478, 'eta_act': 0.10972119634208373, 'eta_ohm': 0.06468722693750258, 'eta_conc': 0.002543740537039094}"
Ni-HER,298.0,0.7373469387755103,Potencial reversible (aprox. lineal),V_rev = V_ref + (ΔS/(nF))·(T - T_ref),1.2298732968034478,"{'V_ref': 1.23, 'ΔS_ref': 163.0, 'n': 2, 'F': 96485.33212, 'T': 298.0, 'T_ref': 298.15, 'slope': 0.0008446879770143449}"
Ni-HER,298.0,0.7373469387755103,j0(T) Ni-HER,j0 = j0_ref * exp(-Ea/R * (1/T - 1/Tref)),0.01,"{'j0_ref': 0.01, 'Ea': 40000.0, 'R': 8.314462618, 'T': 298.0, 'T_ref': 298.0}"
Ni-HER,298.0,0.7373469387755103,η_act Tafel Ni-HER,η = (RT/(α·nF))·ln(j/j0),0.11043466601904811,"{'R': 8.314462618, 'T': 298.0, 'alpha': 0.5, 'n': 2, 'F': 96485.33212, 'j': 0.7373469387755103, 'j0': 0.01, 'prefactor': 0.025679653121600303}"
Ni-HER,298.0,0.7373469387755103,R capa membrana,R = delta / kappa(T),0.05015252070648465,"{'delta': 0.005, 'kappa_ref': 0.1, 'Ea_kappa': 15000, 'T': 298.0, 'T_ref': 298.15, 'kappa(T)': 0.0996958862598806}"
Ni-HER,298.0,0.7373469387755103,R capa electrolito,R = delta / kappa(T),0.020048791756168367,"{'delta': 0.01, 'kappa_ref': 0.5, 'Ea_kappa': 12000, 'T': 298.0, 'T_ref': 298.15, 'kappa(T)': 0.4987831746480843}"
Ni-HER,298.0,0.7373469387755103,Perdida ohmica total,η_ohm = j · R_total,0.06650966161787047,"{'j': 0.7373469387755103, 'R_total': 0.090201312462653}"
Ni-HER,298.0,0.7373469387755103,j_lim (Arrhenius),j_lim = j_lim_ref * exp(-Ea/R * (1/T - 1/Tref)),3.9902653971846744,"{'j_lim_ref': 4.0, 'Ea': 12000.0, 'R': 8.314462618, 'T': 298.0, 'T_ref': 298.15}"
Ni-HER,298.0,0.7373469387755103,η_conc,η = -(RT/(nF))·ln(1 - j/j_lim),0.0026232428671228705,"{'R': 8.314462618, 'T': 298.0, 'n': 2, 'F': 96485.33212, 'j': 0.7373469387755103, 'j_lim': 3.9902653971846744, 'prefactor': 0.012839826560800151}"
Ni-HER,298.0,0.7373469387755103,V_cell,V = V_rev + η_act + η_ohm + η_conc,1.4094408673074892,"{'V_rev': 1.2298732968034478, 'eta_act': 0.11043466601904811, 'eta_ohm': 0.06650966161787047, 'eta_conc': 0.0026232428671228705}"
Ni-HER,298.0,0.7575510204081634,Potencial reversible (aprox. lineal),V_rev = V_ref + (ΔS/(nF))·(T - T_ref),1.2298732968034478,"{'V_ref': 1.23, 'ΔS_ref': 163.0, 'n': 2, 'F': 96485.33212, 'T': 298.0, 'T_ref': 298.15, 'slope': 0.0008446879770143449}"
Ni-HER,298.0,0.7575510204081634,j0(T) Ni-HER,j0 = j0_ref * exp(-Ea/R * (1/T - 1/Tref)),0.01,"{'j0_ref': 0.01, 'Ea': 40000.0, 'R': 8.314462618, 'T': 298.0, 'T_ref': 298.0}"
Ni-HER,298.0,0.7575510204081634,η_act Tafel Ni-HER,η = (RT/(α·nF))·ln(j/j0),0.11112884771774241,"{'R': 8.314462618, 'T': 298.0, 'alpha': 0.5, 'n': 2, 'F': 96485.33212, 'j': 0.7575510204081634, 'j0': 0.01, 'prefactor': 0.025679653121600303}"
Ni-HER,298.0,0.7575510204081634,R capa membrana,R = delta / kappa(T),0.05015252070648465,"{'delta': 0.005, 'kappa_ref': 0.1, 'Ea_kappa': 15000, 'T': 298.0, 'T_ref': 298.15, 'kappa(T)': 0.0996958862598806}"
Ni-HER,298.0,0.7575510204081634,R capa electrolito,R = delta / kappa(T),0.020048791756168367,"{'delta': 0.01, 'kappa_ref': 0.5, 'Ea_kappa': 12000, 'T': 298.0, 'T_ref': 298.15, 'kappa(T)': 0.4987831746480843}"
Ni-HER,298.0,0.7575510204081634,Perdida ohmica total,η_ohm = j · R_total,0.06833209629823836,"{'j': 0.7575510204081634, 'R_total': 0.090201312462653}"
Ni-HER,298.0,0.7575510204081634,j_lim (Arrhenius),j_lim = j_lim_ref * exp(-Ea/R * (1/T - 1/Tref)),3.9902653971846744,"{'j_lim_ref': 4.0, 'Ea': 12000.0, 'R': 8.314462618, 'T': 298.0, 'T_ref': 298.15}"
Ni-HER,298.0,0.7575510204081634,η_conc,η = -(RT/(nF))·ln(1 - j/j_lim),0.002703240532655872,"{'R': 8.314462618, 'T': 298.0, 'n': 2, 'F': 96485.33212, 'j': 0.7575510204081634, 'j_lim': 3.9902653971846744, 'prefactor': 0.012839826560800151}"
Ni-HER,298.0,0.7575510204081634,V_cell,V = V_rev + η_act + η_ohm + η_conc,1.4120374813520844,"{'V_rev': 1.2298732968034478, 'eta_act': 0.11112884771774241, 'eta_ohm': 0.06833209629823836, 'eta_conc': 0.002703240532655872}"
Ni-HER,298.0,0.7777551020408163,Potencial reversible (aprox. lineal),V_rev = V_ref + (ΔS/(nF))·(T - T_ref),1.2298732968034478,"{'V_ref': 1.23, 'ΔS_ref': 163.0, 'n': 2, 'F': 96485.33212, 'T': 298.0, 'T_ref': 298.15, 'slope': 0.0008446879770143449}"
Ni-HER,298.0,0.7777551020408163,j0(T) Ni-HER,j0 = j0_ref * exp(-Ea/R * (1/T - 1/Tref)),0.01,"{'j0_ref': 0.01, 'Ea': 40000.0, 'R': 8.314462618, 'T': 298.0, 'T_ref': 298.0}"
Ni-HER,298.0,0.7777551020408163,η_act Tafel Ni-HER,η = (RT/(α·nF))·ln(j/j0),0.11180475691055532,"{'R': 8.314462618, 'T': 298.0, 'alpha': 0.5, 'n': 2, 'F': 96485.33212, 'j': 0.7777551020408163, 'j0': 0.01, 'prefactor': 0.025679653121600303}"
Ni-HER,298.0,0.7777551020408163,R capa membrana,R = delta / kappa(T),0.05015252070648465,"{'delta': 0.005, 'kappa_ref': 0.1, 'Ea_kappa': 15000, 'T': 298.0, 'T_ref': 298.15, 'kappa(T)': 0.0996958862598806}"
Ni-HER,298.0,0.7777551020408163,R capa electrolito,R = delta / kappa(T),0.020048791756168367,"{'delta': 0.01, 'kappa_ref': 0.5, 'Ea_kappa': 12000, 'T': 298.0, 'T_ref': 298.15, 'kappa(T)': 0.4987831746480843}"
Ni-HER,298.0,0.7777551020408163,Perdida ohmica total,η_ohm = j · R_total,0.07015453097860624,"{'j': 0.7777551020408163, 'R_total': 0.090201312462653}"
Ni-HER,298.0,0.7777551020408163,j_lim (Arrhenius),j_lim = j_lim_ref * exp(-Ea/R * (1/T - 1/Tref)),3.9902653971846744,"{'j_lim_ref': 4.0, 'Ea': 12000.0, 'R': 8.314462618, 'T': 298.0, 'T_ref': 298.15}"
Ni-HER,298.0,0.7777551020408163,η_conc,η = -(RT/(nF))·ln(1 - j/j_lim),0.002783739744683387,"{'R': 8.314462618, 'T': 298.0, 'n': 2, 'F': 96485.33212, 'j': 0.7777551020408163, 'j_lim': 3.9902653971846744, 'prefactor': 0.012839826560800151}"
Ni-HER,298.0,0.7777551020408163,V_cell,V = V_rev + η_act + η_ohm + η_conc,1.414616324437293,"{'V_rev': 1.2298732968034478, 'eta_act': 0.11180475691055532, 'eta_ohm': 0.07015453097860624, 'eta_conc': 0.002783739744683387}"
Ni-HER,298.0,0.7979591836734694,Potencial reversible (aprox. lineal),V_rev = V_ref + (ΔS/(nF))·(T - T_ref),1.2298732968034478,"{'V_ref': 1.23, 'ΔS_ref': 163.0, 'n': 2, 'F': 96485.33212, 'T': 298.0, 'T_ref': 298.15, 'slope': 0.0008446879770143449}"
Ni-HER,298.0,0.7979591836734694,j0(T) Ni-HER,j0 = j0_ref * exp(-Ea/R * (1/T - 1/Tref)),0.01,"{'j0_ref': 0.01, 'Ea': 40000.0, 'R': 8.314462618, 'T': 298.0, 'T_ref': 298.0}"
Ni-HER,298.0,0.7979591836734694,η_act Tafel Ni-HER,η = (RT/(α·nF))·ln(j/j0),0.11246333092866842,"{'R': 8.314462618, 'T': 298.0, 'alpha': 0.5, 'n': 2, 'F': 96485.33212, 'j': 0.7979591836734694, 'j0': 0.01, 'prefactor': 0.025679653121600303}"
Ni-HER,298.0,0.7979591836734694,R capa membrana,R = delta / kappa(T),0.05015252070648465,"{'delta': 0.005, 'kappa_ref': 0.1, 'Ea_kappa': 15000, 'T': 298.0, 'T_ref': 298.15, 'kappa(T)': 0.0996958862598806}"
Ni-HER,298.0,0.7979591836734694,R capa electrolito,R = delta / kappa(T),0.020048791756168367,"{'delta': 0.01, 'kappa_ref': 0.5, 'Ea_kappa': 12000, 'T': 298.0, 'T_ref': 298.15, 'kappa(T)': 0.4987831746480843}"
Ni-HER,298.0,0.7979591836734694,Perdida ohmica total,η_ohm = j · R_total,0.07197696565897413,"{'j': 0.7979591836734694, 'R_total': 0.090201312462653}"
Ni-HER,298.0,0.7979591836734694,j_lim (Arrhenius),j_lim = j_lim_ref * exp(-Ea/R * (1/T - 1/Tref)),3.9902653971846744,"{'j_lim_ref': 4.0, 'Ea': 12000.0, 'R': 8.314462618, 'T': 298.0, 'T_ref': 298.15}"
Ni-HER,298.0,0.7979591836734694,η_conc,η = -(RT/(nF))·ln(1 - j/j_lim),0.0028647468318092205,"{'R': 8.314462618, 'T': 298.0, 'n': 2, 'F': 96485.33212, 'j': 0.7979591836734694, 'j_lim': 3.9902653971846744, 'prefactor': 0.012839826560800151}"
Ni-HER,298.0,0.7979591836734694,V_cell,V = V_rev + η_act + η_ohm + η_conc,1.4171783402228997,"{'V_rev': 1.2298732968034478, 'eta_act': 0.11246333092866842, 'eta_ohm': 0.07197696565897413, 'eta_conc': 0.0028647468318092205}"
Ni-HER,298.0,0.8181632653061225,Potencial reversible (aprox. lineal),V_rev = V_ref + (ΔS/(nF))·(T - T_ref),1.2298732968034478,"{'V_ref': 1.23, 'ΔS_ref': 163.0, 'n': 2, 'F': 96485.33212, 'T': 298.0, 'T_ref': 298.15, 'slope': 0.0008446879770143449}"
Ni-HER,298.0,0.8181632653061225,j0(T) Ni-HER,j0 = j0_ref * exp(-Ea/R * (1/T - 1/Tref)),0.01,"{'j0_ref': 0.01, 'Ea': 40000.0, 'R': 8.314462618, 'T': 298.0, 'T_ref': 298.0}"
Ni-HER,298.0,0.8181632653061225,η_act Tafel Ni-HER,η = (RT/(α·nF))·ln(j/j0),0.11310543677930975,"{'R': 8.314462618, 'T': 298.0, 'alpha': 0.5, 'n': 2, 'F': 96485.33212, 'j': 0.8181632653061225, 'j0': 0.01, 'prefactor': 0.025679653121600303}"
Ni-HER,298.0,0.8181632653061225,R capa membrana,R = delta / kappa(T),0.05015252070648465,"{'delta': 0.005, 'kappa_ref': 0.1, 'Ea_kappa': 15000, 'T': 298.0, 'T_ref': 298.15, 'kappa(T)': 0.0996958862598806}"
Ni-HER,298.0,0.8181632653061225,R capa electrolito,R = delta / kappa(T),0.020048791756168367,"{'delta': 0.01, 'kappa_ref': 0.5, 'Ea_kappa': 12000, 'T': 298.0, 'T_ref': 298.15, 'kappa(T)': 0.4987831746480843}"
Ni-HER,298.0,0.8181632653061225,Perdida ohmica total,η_ohm = j · R_total,0.07379940033934203,"{'j': 0.8181632653061225, 'R_total': 0.090201312462653}"
Ni-HER,298.0,0.8181632653061225,j_lim (Arrhenius),j_lim = j_lim_ref * exp(-Ea/R * (1/T - 1/Tref)),3.9902653971846744,"{'j_lim_ref': 4.0, 'Ea': 12000.0, 'R': 8.314462618, 'T': 298.0, 'T_ref': 298.15}"
Ni-HER,298.0,0.8181632653061225,η_conc,η = -(RT/(nF))·ln(1 - j/j_lim),0.002946268243181283,"{'R': 8.314462618, 'T': 298.0, 'n': 2, 'F': 96485.33212, 'j': 0.8181632653061225, 'j_lim': 3.9902653971846744, 'prefactor': 0.012839826560800151}"
Ni-HER,298.0,0.8181632653061225,V_cell,V = V_rev + η_act + η_ohm + η_conc,1.419724402165281,"{'V_rev': 1.2298732968034478, 'eta_act': 0.11310543677930975, 'eta_ohm': 0.07379940033934203, 'eta_conc': 0.002946268243181283}"
Ni-HER,298.0,0.8383673469387755,Potencial reversible (aprox. lineal),V_rev = V_ref + (ΔS/(nF))·(T - T_ref),1.2298732968034478,"{'V_ref': 1.23, 'ΔS_ref': 163.0, 'n': 2, 'F': 96485.33212, 'T': 298.0, 'T_ref': 298.15, 'slope': 0.0008446879770143449}"
Ni-HER,298.0,0.8383673469387755,j0(T) Ni-HER,j0 = j0_ref * exp(-Ea/R * (1/T - 1/Tref)),0.01,"{'j0_ref': 0.01, 'Ea': 40000.0, 'R': 8.314462618, 'T': 298.0, 'T_ref': 298.0}"
Ni-HER,298.0,0.8383673469387755,η_act Tafel Ni-HER,η = (RT/(α·nF))·ln(j/j0),0.11373187800926367,"{'R': 8.314462618, 'T': 298.0, 'alpha': 0.5, 'n': 2, 'F': 96485.33212, 'j': 0.8383673469387755, 'j0': 0.01, 'prefactor': 0.025679653121600303}"
Ni-HER,298.0,0.8383673469387755,R capa membrana,R = delta / kappa(T),0.05015252070648465,"{'delta': 0.005, 'kappa_ref': 0.1, 'Ea_kappa': 15000, 'T': 298.0, 'T_ref': 298.15, 'kappa(T)': 0.0996958862598806}"
Ni-HER,298.0,0.8383673469387755,R capa electrolito,R = delta / kappa(T),0.020048791756168367,"{'delta': 0.01, 'kappa_ref': 0.5, 'Ea_kappa': 12000, 'T': 298.0, 'T_ref': 298.15, 'kappa(T)': 0.4987831746480843}"
Ni-HER,298.0,0.8383673469387755,Perdida ohmica total,η_ohm = j · R_total,0.0756218350197099,"{'j': 0.8383673469387755, 'R_total': 0.090201312462653}"
Ni-HER,298.0,0.8383673469387755,j_lim (Arrhenius),j_lim = j_lim_ref * exp(-Ea/R * (1/T - 1/Tref)),3.9902653971846744,"{'j_lim_ref': 4.0, 'Ea': 12000.0, 'R': 8.314462618, 'T': 298.0, 'T_ref': 298.15}"
Ni-HER,298.0,0.8383673469387755,η_conc,η = -(RT/(nF))·ln(1 - j/j_lim),0.003028310551572607,"{'R': 8.314462618, 'T': 298.0, 'n': 2, 'F': 96485.33212, 'j': 0.8383673469387755, 'j_lim': 3.9902653971846744, 'prefactor': 0.012839826560800151}"
Ni-HER,298.0,0.8383673469387755,V_cell,V = V_rev + η_act + η_ohm + η_conc,1.4222553203839943,"{'V_rev': 1.2298732968034478, 'eta_act': 0.11373187800926367, 'eta_ohm': 0.0756218350197099, 'eta_conc': 0.003028310551572607}"
Ni-HER,298.0,0.8585714285714285,Potencial reversible (aprox. lineal),V_rev = V_ref + (ΔS/(nF))·(T - T_ref),1.2298732968034478,"{'V_ref': 1.23, 'ΔS_ref': 163.0, 'n': 2, 'F': 96485.33212, 'T': 298.0, 'T_ref': 298.15, 'slope': 0.0008446879770143449}"
Ni-HER,298.0,0.8585714285714285,j0(T) Ni-HER,j0 = j0_ref * exp(-Ea/R * (1/T - 1/Tref)),0.01,"{'j0_ref': 0.01, 'Ea': 40000.0, 'R': 8.314462618, 'T': 298.0, 'T_ref': 298.0}"
Ni-HER,298.0,0.8585714285714285,η_act Tafel Ni-HER,η = (RT/(α·nF))·ln(j/j0),0.11434340075095094,"{'R': 8.314462618, 'T': 298.0, 'alpha': 0.5, 'n': 2, 'F': 96485.33212, 'j': 0.8585714285714285, 'j0': 0.01, 'prefactor': 0.025679653121600303}"
Ni-HER,298.0,0.8585714285714285,R capa membrana,R = delta / kappa(T),0.05015252070648465,"{'delta': 0.005, 'kappa_ref': 0.1, 'Ea_kappa': 15000, 'T': 298.0, 'T_ref': 298.15, 'kappa(T)': 0.0996958862598806}"
Ni-HER,298.0,0.8585714285714285,R capa electrolito,R = delta / kappa(T),0.020048791756168367,"{'delta': 0.01, 'kappa_ref': 0.5, 'Ea_kappa': 12000, 'T': 298.0, 'T_ref': 298.15, 'kappa(T)': 0.4987831746480843}"
Ni-HER,298.0,0.8585714285714285,Perdida ohmica total,η_ohm = j · R_total,0.0774442697000778,"{'j': 0.8585714285714285, 'R_total': 0.090201312462653}"
Ni-HER,298.0,0.8585714285714285,j_lim (Arrhenius),j_lim = j_lim_ref * exp(-Ea/R * (1/T - 1/Tref)),3.9902653971846744,"{'j_lim_ref': 4.0, 'Ea': 12000.0, 'R': 8.314462618, 'T': 298.0, 'T_ref': 298.15}"
Ni-HER,298.0,0.8585714285714285,η_conc,η = -(RT/(nF))·ln(1 - j/j_lim),0.0031108804565613763,"{'R': 8.314462618, 'T': 298.0, 'n': 2, 'F': 96485.33212, 'j': 0.8585714285714285, 'j_lim': 3.9902653971846744, 'prefactor': 0.012839826560800151}"
Ni-HER,298.0,0.8585714285714285,V_cell,V = V_rev + η_act + η_ohm + η_conc,1.424771847711038,"{'V_rev': 1.2298732968034478, 'eta_act': 0.11434340075095094, 'eta_ohm': 0.0774442697000778, 'eta_conc': 0.0031108804565613763}"
Ni-HER,298.0,0.8787755102040816,Potencial reversible (aprox. lineal),V_rev = V_ref + (ΔS/(nF))·(T - T_ref),1.2298732968034478,"{'V_ref': 1.23, 'ΔS_ref': 163.0, 'n': 2, 'F': 96485.33212, 'T': 298.0, 'T_ref': 298.15, 'slope': 0.0008446879770143449}"
Ni-HER,298.0,0.8787755102040816,j0(T) Ni-HER,j0 = j0_ref * exp(-Ea/R * (1/T - 1/Tref)),0.01,"{'j0_ref': 0.01, 'Ea': 40000.0, 'R': 8.314462618, 'T': 298.0, 'T_ref': 298.0}"
Ni-HER,298.0,0.8787755102040816,η_act Tafel Ni-HER,η = (RT/(α·nF))·ln(j/j0),0.11494069906519175,"{'R': 8.314462618, 'T': 298.0, 'alpha': 0.5, 'n': 2, 'F': 96485.33212, 'j': 0.8787755102040816, 'j0': 0.01, 'prefactor': 0.025679653121600303}"
Ni-HER,298.0,0.8787755102040816,R capa membrana,R = delta / kappa(T),0.05015252070648465,"{'delta': 0.005, 'kappa_ref': 0.1, 'Ea_kappa': 15000, 'T': 298.0, 'T_ref': 298.15, 'kappa(T)': 0.0996958862598806}"
Ni-HER,298.0,0.8787755102040816,R capa electrolito,R = delta / kappa(T),0.020048791756168367,"{'delta': 0.01, 'kappa_ref': 0.5, 'Ea_kappa': 12000, 'T': 298.0, 'T_ref': 298.15, 'kappa(T)': 0.4987831746480843}"
Ni-HER,298.0,0.8787755102040816,Perdida ohmica total,η_ohm = j · R_total,0.07926670438044568,"{'j': 0.8787755102040816, 'R_total': 0.090201312462653}"
Ni-HER,298.0,0.8787755102040816,j_lim (Arrhenius),j_lim = j_lim_ref * exp(-Ea/R * (1/T - 1/Tref)),3.9902653971846744,"{'j_lim_ref': 4.0, 'Ea': 12000.0, 'R': 8.314462618, 'T': 298.0, 'T_ref': 298.15}"
Ni-HER,298.0,0.8787755102040816,η_conc,η = -(RT/(nF))·ln(1 - j/j_lim),0.0031939847878139313,"{'R': 8.314462618, 'T': 298.0, 'n': 2, 'F': 96485.33212, 'j': 0.8787755102040816, 'j_lim': 3.9902653971846744, 'prefactor': 0.012839826560800151}"
Ni-HER,298.0,0.8787755102040816,V_cell,V = V_rev + η_act + η_ohm + η_conc,1.4272746850368991,"{'V_rev': 1.2298732968034478, 'eta_act': 0.11494069906519175, 'eta_ohm': 0.07926670438044568, 'eta_conc': 0.0031939847878139313}"
Ni-HER,298.0,0.8989795918367347,Potencial reversible (aprox. lineal),V_rev = V_ref + (ΔS/(nF))·(T - T_ref),1.2298732968034478,"{'V_ref': 1.23, 'ΔS_ref': 163.0, 'n': 2, 'F': 96485.33212, 'T': 298.0, 'T_ref': 298.15, 'slope': 0.0008446879770143449}"
Ni-HER,298.0,0.8989795918367347,j0(T) Ni-HER,j0 = j0_ref * exp(-Ea/R * (1/T - 1/Tref)),0.01,"{'j0_ref': 0.01, 'Ea': 40000.0, 'R': 8.314462618, 'T': 298.0, 'T_ref': 298.0}"
Ni-HER,298.0,0.8989795918367347,η_act Tafel Ni-HER,η = (RT/(α·nF))·ln(j/j0),0.11552441967659981,"{'R': 8.314462618, 'T': 298.0, 'alpha': 0.5, 'n': 2, 'F': 96485.33212, 'j': 0.8989795918367347, 'j0': 0.01, 'prefactor': 0.025679653121600303}"
Ni-HER,298.0,0.8989795918367347,R capa membrana,R = delta / kappa(T),0.05015252070648465,"{'delta': 0.005, 'kappa_ref': 0.1, 'Ea_kappa': 15000, 'T': 298.0, 'T_ref': 298.15, 'kappa(T)': 0.0996958862598806}"
Ni-HER,298.0,0.8989795918367347,R capa electrolito,R = delta / kappa(T),0.020048791756168367,"{'delta': 0.01, 'kappa_ref': 0.5, 'Ea_kappa': 12000, 'T': 298.0, 'T_ref': 298.15, 'kappa(T)': 0.4987831746480843}"
Ni-HER,298.0,0.8989795918367347,Perdida ohmica total,η_ohm = j · R_total,0.08108913906081357,"{'j': 0.8989795918367347, 'R_total': 0.090201312462653}"
Ni-HER,298.0,0.8989795918367347,j_lim (Arrhenius),j_lim = j_lim_ref * exp(-Ea/R * (1/T - 1/Tref)),3.9902653971846744,"{'j_lim_ref': 4.0, 'Ea': 12000.0, 'R': 8.314462618, 'T': 298.0, 'T_ref': 298.15}"
Ni-HER,298.0,0.8989795918367347,η_conc,η = -(RT/(nF))·ln(1 - j/j_lim),0.0032776305084746492,"{'R': 8.314462618, 'T': 298.0, 'n': 2, 'F': 96485.33212, 'j': 0.8989795918367347, 'j_lim': 3.9902653971846744, 'prefactor': 0.012839826560800151}"
Ni-HER,298.0,0.8989795918367347,V_cell,V = V_rev + η_act + η_ohm + η_conc,1.429764486049336,"{'V_rev': 1.2298732968034478, 'eta_act': 0.11552441967659981, 'eta_ohm': 0.08108913906081357, 'eta_conc': 0.0032776305084746492}"
Ni-HER,298.0,0.9191836734693877,Potencial reversible (aprox. lineal),V_rev = V_ref + (ΔS/(nF))·(T - T_ref),1.2298732968034478,"{'V_ref': 1.23, 'ΔS_ref': 163.0, 'n': 2, 'F': 96485.33212, 'T': 298.0, 'T_ref': 298.15, 'slope': 0.0008446879770143449}"
Ni-HER,298.0,0.9191836734693877,j0(T) Ni-HER,j0 = j0_ref * exp(-Ea/R * (1/T - 1/Tref)),0.01,"{'j0_ref': 0.01, 'Ea': 40000.0, 'R': 8.314462618, 'T': 298.0, 'T_ref': 298.0}"
Ni-HER,298.0,0.9191836734693877,η_act Tafel Ni-HER,η = (RT/(α·nF))·ln(j/j0),0.11609516618262498,"{'R': 8.314462618, 'T': 298.0, 'alpha': 0.5, 'n': 2, 'F': 96485.33212, 'j': 0.9191836734693877, 'j0': 0.01, 'prefactor': 0.025679653121600303}"
Ni-HER,298.0,0.9191836734693877,R capa membrana,R = delta / kappa(T),0.05015252070648465,"{'delta': 0.005, 'kappa_ref': 0.1, 'Ea_kappa': 15000, 'T': 298.0, 'T_ref': 298.15, 'kappa(T)': 0.0996958862598806}"
Ni-HER,298.0,0.9191836734693877,R capa electrolito,R = delta / kappa(T),0.020048791756168367,"{'delta': 0.01, 'kappa_ref': 0.5, 'Ea_kappa': 12000, 'T': 298.0, 'T_ref': 298.15, 'kappa(T)': 0.4987831746480843}"
Ni-HER,298.0,0.9191836734693877,Perdida ohmica total,η_ohm = j · R_total,0.08291157374118145,"{'j': 0.9191836734693877, 'R_total': 0.090201312462653}"
Ni-HER,298.0,0.9191836734693877,j_lim (Arrhenius),j_lim = j_lim_ref * exp(-Ea/R * (1/T - 1/Tref)),3.9902653971846744,"{'j_lim_ref': 4.0, 'Ea': 12000.0, 'R': 8.314462618, 'T': 298.0, 'T_ref': 298.15}"
Ni-HER,298.0,0.9191836734693877,η_conc,η = -(RT/(nF))·ln(1 - j/j_lim),0.0033618247186670293,"{'R': 8.314462618, 'T': 298.0, 'n': 2, 'F': 96485.33212, 'j': 0.9191836734693877, 'j_lim': 3.9902653971846744, 'prefactor': 0.012839826560800151}"
Ni-HER,298.0,0.9191836734693877,V_cell,V = V_rev + η_act + η_ohm + η_conc,1.4322418614459214,"{'V_rev': 1.2298732968034478, 'eta_act': 0.11609516618262498, 'eta_ohm': 0.08291157374118145, 'eta_conc': 0.0033618247186670293}"
Ni-HER,298.0,0.9393877551020408,Potencial reversible (aprox. lineal),V_rev = V_ref + (ΔS/(nF))·(T - T_ref),1.2298732968034478,"{'V_ref': 1.23, 'ΔS_ref': 163.0, 'n': 2, 'F': 96485.33212, 'T': 298.0, 'T_ref': 298.15, 'slope': 0.0008446879770143449}"
Ni-HER,298.0,0.9393877551020408,j0(T) Ni-HER,j0 = j0_ref * exp(-Ea/R * (1/T - 1/Tref)),0.01,"{'j0_ref': 0.01, 'Ea': 40000.0, 'R': 8.314462618, 'T': 298.0, 'T_ref': 298.0}"
Ni-HER,298.0,0.9393877551020408,η_act Tafel Ni-HER,η = (RT/(α·nF))·ln(j/j0),0.11665350280492641,"{'R': 8.314462618, 'T': 298.0, 'alpha': 0.5, 'n': 2, 'F': 96485.33212, 'j': 0.9393877551020408, 'j0': 0.01, 'prefactor': 0.025679653121600303}"
Ni-HER,298.0,0.9393877551020408,R capa membrana,R = delta / kappa(T),0.05015252070648465,"{'delta': 0.005, 'kappa_ref': 0.1, 'Ea_kappa': 15000, 'T': 298.0, 'T_ref': 298.15, 'kappa(T)': 0.0996958862598806}"
Ni-HER,298.0,0.9393877551020408,R capa electrolito,R = delta / kappa(T),0.020048791756168367,"{'delta': 0.01, 'kappa_ref': 0.5, 'Ea_kappa': 12000, 'T': 298.0, 'T_ref': 298.15, 'kappa(T)': 0.4987831746480843}"
Ni-HER,298.0,0.9393877551020408,Perdida ohmica total,η_ohm = j · R_total,0.08473400842154934,"{'j': 0.9393877551020408, 'R_total': 0.090201312462653}"
Ni-HER,298.0,0.9393877551020408,j_lim (Arrhenius),j_lim = j_lim_ref * exp(-Ea/R * (1/T - 1/Tref)),3.9902653971846744,"{'j_lim_ref': 4.0, 'Ea': 12000.0, 'R': 8.314462618, 'T': 298.0, 'T_ref': 298.15}"
Ni-HER,298.0,0.9393877551020408,η_conc,η = -(RT/(nF))·ln(1 - j/j_lim),0.0034465746591102716,"{'R': 8.314462618, 'T': 298.0, 'n': 2, 'F': 96485.33212, 'j': 0.9393877551020408, 'j_lim': 3.9902653971846744, 'prefactor': 0.012839826560800151}"
Ni-HER,298.0,0.9393877551020408,V_cell,V = V_rev + η_act + η_ohm + η_conc,1.434707382689034,"{'V_rev': 1.2298732968034478, 'eta_act': 0.11665350280492641, 'eta_ohm': 0.08473400842154934, 'eta_conc': 0.0034465746591102716}"
Ni-HER,298.0,0.959591836734694,Potencial reversible (aprox. lineal),V_rev = V_ref + (ΔS/(nF))·(T - T_ref),1.2298732968034478,"{'V_ref': 1.23, 'ΔS_ref': 163.0, 'n': 2, 'F': 96485.33212, 'T': 298.0, 'T_ref': 298.15, 'slope': 0.0008446879770143449}"
Ni-HER,298.0,0.959591836734694,j0(T) Ni-HER,j0 = j0_ref * exp(-Ea/R * (1/T - 1/Tref)),0.01,"{'j0_ref': 0.01, 'Ea': 40000.0, 'R': 8.314462618, 'T': 298.0, 'T_ref': 298.0}"
Ni-HER,298.0,0.959591836734694,η_act Tafel Ni-HER,η = (RT/(α·nF))·ln(j/j0),0.11719995774152485,"{'R': 8.314462618, 'T': 298.0, 'alpha': 0.5, 'n': 2, 'F': 96485.33212, 'j': 0.959591836734694, 'j0': 0.01, 'prefactor': 0.025679653121600303}"
Ni-HER,298.0,0.959591836734694,R capa membrana,R = delta / kappa(T),0.05015252070648465,"{'delta': 0.005, 'kappa_ref': 0.1, 'Ea_kappa': 15000, 'T': 298.0, 'T_ref': 298.15, 'kappa(T)': 0.0996958862598806}"
Ni-HER,298.0,0.959591836734694,R capa electrolito,R = delta / kappa(T),0.020048791756168367,"{'delta': 0.01, 'kappa_ref': 0.5, 'Ea_kappa': 12000, 'T': 298.0, 'T_ref': 298.15, 'kappa(T)': 0.4987831746480843}"
Ni-HER,298.0,0.959591836734694,Perdida ohmica total,η_ohm = j · R_total,0.08655644310191724,"{'j': 0.959591836734694, 'R_total': 0.090201312462653}"
Ni-HER,298.0,0.959591836734694,j_lim (Arrhenius),j_lim = j_lim_ref * exp(-Ea/R * (1/T - 1/Tref)),3.9902653971846744,"{'j_lim_ref': 4.0, 'Ea': 12000.0, 'R': 8.314462618, 'T': 298.0, 'T_ref': 298.15}"
Ni-HER,298.0,0.959591836734694,η_conc,η = -(RT/(nF))·ln(1 - j/j_lim),0.0035318877148560464,"{'R': 8.314462618, 'T': 298.0, 'n': 2, 'F': 96485.33212, 'j': 0.959591836734694, 'j_lim': 3.9902653971846744, 'prefactor': 0.012839826560800151}"
Ni-HER,298.0,0.959591836734694,V_cell,V = V_rev + η_act + η_ohm + η_conc,1.4371615853617459,"{'V_rev': 1.2298732968034478, 'eta_act': 0.11719995774152485, 'eta_ohm': 0.08655644310191724, 'eta_conc': 0.0035318877148560464}"
Ni-HER,298.0,0.9797959183673469,Potencial reversible (aprox. lineal),V_rev = V_ref + (ΔS/(nF))·(T - T_ref),1.2298732968034478,"{'V_ref': 1.23, 'ΔS_ref': 163.0, 'n': 2, 'F': 96485.33212, 'T': 298.0, 'T_ref': 298.15, 'slope': 0.0008446879770143449}"
Ni-HER,298.0,0.9797959183673469,j0(T) Ni-HER,j0 = j0_ref * exp(-Ea/R * (1/T - 1/Tref)),0.01,"{'j0_ref': 0.01, 'Ea': 40000.0, 'R': 8.314462618, 'T': 298.0, 'T_ref': 298.0}"
Ni-HER,298.0,0.9797959183673469,η_act Tafel Ni-HER,η = (RT/(α·nF))·ln(j/j0),0.11773502616965574,"{'R': 8.314462618, 'T': 298.0, 'alpha': 0.5, 'n': 2, 'F': 96485.33212, 'j': 0.9797959183673469, 'j0': 0.01, 'prefactor': 0.025679653121600303}"
Ni-HER,298.0,0.9797959183673469,R capa membrana,R = delta / kappa(T),0.05015252070648465,"{'delta': 0.005, 'kappa_ref': 0.1, 'Ea_kappa': 15000, 'T': 298.0, 'T_ref': 298.15, 'kappa(T)': 0.0996958862598806}"
Ni-HER,298.0,0.9797959183673469,R capa electrolito,R = delta / kappa(T),0.020048791756168367,"{'delta': 0.01, 'kappa_ref': 0.5, 'Ea_kappa': 12000, 'T': 298.0, 'T_ref': 298.15, 'kappa(T)': 0.4987831746480843}"
Ni-HER,298.0,0.9797959183673469,Perdida ohmica total,η_ohm = j · R_total,0.08837887778228512,"{'j': 0.9797959183673469, 'R_total': 0.090201312462653}"
Ni-HER,298.0,0.9797959183673469,j_lim (Arrhenius),j_lim = j_lim_ref * exp(-Ea/R * (1/T - 1/Tref)),3.9902653971846744,"{'j_lim_ref': 4.0, 'Ea': 12000.0, 'R': 8.314462618, 'T': 298.0, 'T_ref': 298.15}"
Ni-HER,298.0,0.9797959183673469,η_conc,η = -(RT/(nF))·ln(1 - j/j_lim),0.0036177714191502155,"{'R': 8.314462618, 'T': 298.0, 'n': 2, 'F': 96485.33212, 'j': 0.9797959183673469, 'j_lim': 3.9902653971846744, 'prefactor': 0.012839826560800151}"
Ni-HER,298.0,0.9797959183673469,V_cell,V = V_rev + η_act + η_ohm + η_conc,1.439604972174539,"{'V_rev': 1.2298732968034478, 'eta_act': 0.11773502616965574, 'eta_ohm': 0.08837887778228512, 'eta_conc': 0.0036177714191502155}"
Ni-HER,298.0,1.0,Potencial reversible (aprox. lineal),V_rev = V_ref + (ΔS/(nF))·(T - T_ref),1.2298732968034478,"{'V_ref': 1.23, 'ΔS_ref': 163.0, 'n': 2, 'F': 96485.33212, 'T': 298.0, 'T_ref': 298.15, 'slope': 0.0008446879770143449}"
Ni-HER,298.0,1.0,j0(T) Ni-HER,j0 = j0_ref * exp(-Ea/R * (1/T - 1/Tref)),0.01,"{'j0_ref': 0.01, 'Ea': 40000.0, 'R': 8.314462618, 'T': 298.0, 'T_ref': 298.0}"
Ni-HER,298.0,1.0,η_act Tafel Ni-HER,η = (RT/(α·nF))·ln(j/j0),0.11825917294210975,"{'R': 8.314462618, 'T': 298.0, 'alpha': 0.5, 'n': 2, 'F': 96485.33212, 'j': 1.0, 'j0': 0.01, 'prefactor': 0.025679653121600303}"
Ni-HER,298.0,1.0,R capa membrana,R = delta / kappa(T),0.05015252070648465,"{'delta': 0.005, 'kappa_ref': 0.1, 'Ea_kappa': 15000, 'T': 298.0, 'T_ref': 298.15, 'kappa(T)': 0.0996958862598806}"
Ni-HER,298.0,1.0,R capa electrolito,R = delta / kappa(T),0.020048791756168367,"{'delta': 0.01, 'kappa_ref': 0.5, 'Ea_kappa': 12000, 'T': 298.0, 'T_ref': 298.15, 'kappa(T)': 0.4987831746480843}"
Ni-HER,298.0,1.0,Perdida ohmica total,η_ohm = j · R_total,0.090201312462653,"{'j': 1.0, 'R_total': 0.090201312462653}"
Ni-HER,298.0,1.0,j_lim (Arrhenius),j_lim = j_lim_ref * exp(-Ea/R * (1/T - 1/Tref)),3.9902653971846744,"{'j_lim_ref': 4.0, 'Ea': 12000.0, 'R': 8.314462618, 'T': 298.0, 'T_ref': 298.15}"
Ni-HER,298.0,1.0,η_conc,η = -(RT/(nF))·ln(1 - j/j_lim),0.0037042334574246025,"{'R': 8.314462618, 'T': 298.0, 'n': 2, 'F': 96485.33212, 'j': 1.0, 'j_lim': 3.9902653971846744, 'prefactor': 0.012839826560800151}"
Ni-HER,298.0,1.0,V_cell,V = V_rev + η_act + η_ohm + η_conc,1.4420380156656354,"{'V_rev': 1.2298732968034478, 'eta_act': 0.11825917294210975, 'eta_ohm': 0.090201312462653, 'eta_conc': 0.0037042334574246025}"
Ni-HER,333.0,0.01,Potencial reversible (aprox. lineal),V_rev = V_ref + (ΔS/(nF))·(T - T_ref),1.25943737599895,"{'V_ref': 1.23, 'ΔS_ref': 163.0, 'n': 2, 'F': 96485.33212, 'T': 333.0, 'T_ref': 298.15, 'slope': 0.0008446879770143449}"
Ni-HER,333.0,0.01,j0(T) Ni-HER,j0 = j0_ref * exp(-Ea/R * (1/T - 1/Tref)),0.05456516264703203,"{'j0_ref': 0.01, 'Ea': 40000.0, 'R': 8.314462618, 'T': 333.0, 'T_ref': 298.0}"
Ni-HER,333.0,0.01,η_act Tafel Ni-HER,η = (RT/(α·nF))·ln(j/j0),-0.048691199729076574,"{'R': 8.314462618, 'T': 333.0, 'alpha': 0.5, 'n': 2, 'F': 96485.33212, 'j': 0.01, 'j0': 0.05456516264703203, 'prefactor': 0.028695719763398995}"
Ni-HER,333.0,0.01,R capa membrana,R = delta / kappa(T),0.026542967213653592,"{'delta': 0.005, 'kappa_ref': 0.1, 'Ea_kappa': 15000, 'T': 333.0, 'T_ref': 298.15, 'kappa(T)': 0.1883738151711999}"
Ni-HER,333.0,0.01,R capa electrolito,R = delta / kappa(T),0.01205073589975269,"{'delta': 0.01, 'kappa_ref': 0.5, 'Ea_kappa': 12000, 'T': 333.0, 'T_ref': 298.15, 'kappa(T)': 0.8298248408385768}"
Ni-HER,333.0,0.01,Perdida ohmica total,η_ohm = j · R_total,0.0005859370311340628,"{'j': 0.01, 'R_total': 0.05859370311340628}"
Ni-HER,333.0,0.01,j_lim (Arrhenius),j_lim = j_lim_ref * exp(-Ea/R * (1/T - 1/Tref)),6.638598726708614,"{'j_lim_ref': 4.0, 'Ea': 12000.0, 'R': 8.314462618, 'T': 333.0, 'T_ref': 298.15}"
Ni-HER,333.0,0.01,η_conc,η = -(RT/(nF))·ln(1 - j/j_lim),2.1629078257393257e-05,"{'R': 8.314462618, 'T': 333.0, 'n': 2, 'F': 96485.33212, 'j': 0.01, 'j_lim': 6.638598726708614, 'prefactor': 0.014347859881699497}"
Ni-HER,333.0,0.01,V_cell,V = V_rev + η_act + η_ohm + η_conc,1.2113537423792646,"{'V_rev': 1.25943737599895, 'eta_act': -0.048691199729076574, 'eta_ohm': 0.0005859370311340628, 'eta_conc': 2.1629078257393257e-05}"
Ni-HER,333.0,0.030204081632653063,Potencial reversible (aprox. lineal),V_rev = V_ref + (ΔS/(nF))·(T - T_ref),1.25943737599895,"{'V_ref': 1.23, 'ΔS_ref': 163.0, 'n': 2, 'F': 96485.33212, 'T': 333.0, 'T_ref': 298.15, 'slope': 0.0008446879770143449}"
Ni-HER,333.0,0.030204081632653063,j0(T) Ni-HER,j0 = j0_ref * exp(-Ea/R * (1/T - 1/Tref)),0.05456516264703203,"{'j0_ref': 0.01, 'Ea': 40000.0, 'R': 8.314462618, 'T': 333.0, 'T_ref': 298.0}"
Ni-HER,333.0,0.030204081632653063,η_act Tafel Ni-HER,η = (RT/(α·nF))·ln(j/j0),-0.016971181367014105,"{'R': 8.314462618, 'T': 333.0, 'alpha': 0.5, 'n': 2, 'F': 96485.33212, 'j': 0.030204081632653063, 'j0': 0.05456516264703203, 'prefactor': 0.028695719763398995}"
Ni-HER,333.0,0.030204081632653063,R capa membrana,R = delta / kappa(T),0.026542967213653592,"{'delta': 0.005, 'kappa_ref': 0.1, 'Ea_kappa': 15000, 'T': 333.0, 'T_ref': 298.15, 'kappa(T)': 0.1883738151711999}"
Ni-HER,333.0,0.030204081632653063,R capa electrolito,R = delta / kappa(T),0.01205073589975269,"{'delta': 0.01, 'kappa_ref': 0.5, 'Ea_kappa': 12000, 'T': 333.0, 'T_ref': 298.15, 'kappa(T)': 0.8298248408385768}"
Ni-HER,333.0,0.030204081632653063,Perdida ohmica total,η_ohm = j · R_total,0.0017697689919967613,"{'j': 0.030204081632653063, 'R_total': 0.05859370311340628}"
Ni-HER,333.0,0.030204081632653063,j_lim (Arrhenius),j_lim = j_lim_ref * exp(-Ea/R * (1/T - 1/Tref)),6.638598726708614,"{'j_lim_ref': 4.0, 'Ea': 12000.0, 'R': 8.314462618, 'T': 333.0, 'T_ref': 298.15}"
Ni-HER,333.0,0.030204081632653063,η_conc,η = -(RT/(nF))·ln(1 - j/j_lim),6.542838362487649e-05,"{'R': 8.314462618, 'T': 333.0, 'n': 2, 'F': 96485.33212, 'j': 0.030204081632653063, 'j_lim': 6.638598726708614, 'prefactor': 0.014347859881699497}"
Ni-HER,333.0,0.030204081632653063,V_cell,V = V_rev + η_act + η_ohm + η_conc,1.2443013920075572,"{'V_rev': 1.25943737599895, 'eta_act': -0.016971181367014105, 'eta_ohm': 0.0017697689919967613, 'eta_conc': 6.542838362487649e-05}"
Ni-HER,333.0,0.05040816326530612,Potencial reversible (aprox. lineal),V_rev = V_ref + (ΔS/(nF))·(T - T_ref),1.25943737599895,"{'V_ref': 1.23, 'ΔS_ref': 163.0, 'n': 2, 'F': 96485.33212, 'T': 333.0, 'T_ref': 298.15, 'slope': 0.0008446879770143449}"
Ni-HER,333.0,0.05040816326530612,j0(T) Ni-HER,j0 = j0_ref * exp(-Ea/R * (1/T - 1/Tref)),0.05456516264703203,"{'j0_ref': 0.01, 'Ea': 40000.0, 'R': 8.314462618, 'T': 333.0, 'T_ref': 298.0}"
Ni-HER,333.0,0.05040816326530612,η_act Tafel Ni-HER,η = (RT/(α·nF))·ln(j/j0),-0.00227392059755169,"{'R': 8.314462618, 'T': 333.0, 'alpha': 0.5, 'n': 2, 'F': 96485.33212, 'j': 0.05040816326530612, 'j0': 0.05456516264703203, 'prefactor': 0.028695719763398995}"
Ni-HER,333.0,0.05040816326530612,R capa membrana,R = delta / kappa(T),0.026542967213653592,"{'delta': 0.005, 'kappa_ref': 0.1, 'Ea_kappa': 15000, 'T': 333.0, 'T_ref': 298.15, 'kappa(T)': 0.1883738151711999}"
Ni-HER,333.0,0.05040816326530612,R capa electrolito,R = delta / kappa(T),0.01205073589975269,"{'delta': 0.01, 'kappa_ref': 0.5, 'Ea_kappa': 12000, 'T': 333.0, 'T_ref': 298.15, 'kappa(T)': 0.8298248408385768}"
Ni-HER,333.0,0.05040816326530612,Perdida ohmica total,η_ohm = j · R_total,0.0029536009528594595,"{'j': 0.05040816326530612, 'R_total': 0.05859370311340628}"
Ni-HER,333.0,0.05040816326530612,j_lim (Arrhenius),j_lim = j_lim_ref * exp(-Ea/R * (1/T - 1/Tref)),6.638598726708614,"{'j_lim_ref': 4.0, 'Ea': 12000.0, 'R': 8.314462618, 'T': 333.0, 'T_ref': 298.15}"
Ni-HER,333.0,0.05040816326530612,η_conc,η = -(RT/(nF))·ln(1 - j/j_lim),0.00010936180340269428,"{'R': 8.314462618, 'T': 333.0, 'n': 2, 'F': 96485.33212, 'j': 0.05040816326530612, 'j_lim': 6.638598726708614, 'prefactor': 0.014347859881699497}"
Ni-HER,333.0,0.05040816326530612,V_cell,V = V_rev + η_act + η_ohm + η_conc,1.2602264181576603,"{'V_rev': 1.25943737599895, 'eta_act': -0.00227392059755169, 'eta_ohm': 0.0029536009528594595, 'eta_conc': 0.00010936180340269428}"
Ni-HER,333.0,0.07061224489795918,Potencial reversible (aprox. lineal),V_rev = V_ref + (ΔS/(nF))·(T - T_ref),1.25943737599895,"{'V_ref': 1.23, 'ΔS_ref': 163.0, 'n': 2, 'F': 96485.33212, 'T': 333.0, 'T_ref': 298.15, 'slope': 0.0008446879770143449}"
Ni-HER,333.0,0.07061224489795918,j0(T) Ni-HER,j0 = j0_ref * exp(-Ea/R * (1/T - 1/Tref)),0.05456516264703203,"{'j0_ref': 0.01, 'Ea': 40000.0, 'R': 8.314462618, 'T': 333.0, 'T_ref': 298.0}"
Ni-HER,333.0,0.07061224489795918,η_act Tafel Ni-HER,η = (RT/(α·nF))·ln(j/j0),0.007397984329759097,"{'R': 8.314462618, 'T': 333.0, 'alpha': 0.5, 'n': 2, 'F': 96485.33212, 'j': 0.07061224489795918, 'j0': 0.05456516264703203, 'prefactor': 0.028695719763398995}"
Ni-HER,333.0,0.07061224489795918,R capa membrana,R = delta / kappa(T),0.026542967213653592,"{'delta': 0.005, 'kappa_ref': 0.1, 'Ea_kappa': 15000, 'T': 333.0, 'T_ref': 298.15, 'kappa(T)': 0.1883738151711999}"
Ni-HER,333.0,0.07061224489795918,R capa electrolito,R = delta / kappa(T),0.01205073589975269,"{'delta': 0.01, 'kappa_ref': 0.5, 'Ea_kappa': 12000, 'T': 333.0, 'T_ref': 298.15, 'kappa(T)': 0.8298248408385768}"
Ni-HER,333.0,0.07061224489795918,Perdida ohmica total,η_ohm = j · R_total,0.004137432913722158,"{'j': 0.07061224489795918, 'R_total': 0.05859370311340628}"
Ni-HER,333.0,0.07061224489795918,j_lim (Arrhenius),j_lim = j_lim_ref * exp(-Ea/R * (1/T - 1/Tref)),6.638598726708614,"{'j_lim_ref': 4.0, 'Ea': 12000.0, 'R': 8.314462618, 'T': 333.0, 'T_ref': 298.15}"
Ni-HER,333.0,0.07061224489795918,η_conc,η = -(RT/(nF))·ln(1 - j/j_lim),0.00015343016143651273,"{'R': 8.314462618, 'T': 333.0, 'n': 2, 'F': 96485.33212, 'j': 0.07061224489795918, 'j_lim': 6.638598726708614, 'prefactor': 0.014347859881699497}"
Ni-HER,333.0,0.07061224489795918,V_cell,V = V_rev + η_act + η_ohm + η_conc,1.2711262234038678,"{'V_rev': 1.25943737599895, 'eta_act': 0.007397984329759097, 'eta_ohm': 0.004137432913722158, 'eta_conc': 0.00015343016143651273}"
Ni-HER,333.0,0.09081632653061224,Potencial reversible (aprox. lineal),V_rev = V_ref + (ΔS/(nF))·(T - T_ref),1.25943737599895,"{'V_ref': 1.23, 'ΔS_ref': 163.0, 'n': 2, 'F': 96485.33212, 'T': 333.0, 'T_ref': 298.15, 'slope': 0.0008446879770143449}"
Ni-HER,333.0,0.09081632653061224,j0(T) Ni-HER,j0 = j0_ref * exp(-Ea/R * (1/T - 1/Tref)),0.05456516264703203,"{'j0_ref': 0.01, 'Ea': 40000.0, 'R': 8.314462618, 'T': 333.0, 'T_ref': 298.0}"
Ni-HER,333.0,0.09081632653061224,η_act Tafel Ni-HER,η = (RT/(α·nF))·ln(j/j0),0.014618846324265867,"{'R': 8.314462618, 'T': 333.0, 'alpha': 0.5, 'n': 2, 'F': 96485.33212, 'j': 0.09081632653061224, 'j0': 0.05456516264703203, 'prefactor': 0.028695719763398995}"
Ni-HER,333.0,0.09081632653061224,R capa membrana,R = delta / kappa(T),0.026542967213653592,"{'delta': 0.005, 'kappa_ref': 0.1, 'Ea_kappa': 15000, 'T': 333.0, 'T_ref': 298.15, 'kappa(T)': 0.1883738151711999}"
Ni-HER,333.0,0.09081632653061224,R capa electrolito,R = delta / kappa(T),0.01205073589975269,"{'delta': 0.01, 'kappa_ref': 0.5, 'Ea_kappa': 12000, 'T': 333.0, 'T_ref': 298.15, 'kappa(T)': 0.8298248408385768}"
Ni-HER,333.0,0.09081632653061224,Perdida ohmica total,η_ohm = j · R_total,0.005321264874584856,"{'j': 0.09081632653061224, 'R_total': 0.05859370311340628}"
Ni-HER,333.0,0.09081632653061224,j_lim (Arrhenius),j_lim = j_lim_ref * exp(-Ea/R * (1/T - 1/Tref)),6.638598726708614,"{'j_lim_ref': 4.0, 'Ea': 12000.0, 'R': 8.314462618, 'T': 333.0, 'T_ref': 298.15}"
Ni-HER,333.0,0.09081632653061224,η_conc,η = -(RT/(nF))·ln(1 - j/j_lim),0.0001976342891865424,"{'R': 8.314462618, 'T': 333.0, 'n': 2, 'F': 96485.33212, 'j': 0.09081632653061224, 'j_lim': 6.638598726708614, 'prefactor': 0.014347859881699497}"
Ni-HER,333.0,0.09081632653061224,V_cell,V = V_rev + η_act + η_ohm + η_conc,1.279575121486987,"{'V_rev': 1.25943737599895, 'eta_act': 0.014618846324265867, 'eta_ohm': 0.005321264874584856, 'eta_conc': 0.0001976342891865424}"
Ni-HER,333.0,0.1110204081632653,Potencial reversible (aprox. lineal),V_rev = V_ref + (ΔS/(nF))·(T - T_ref),1.25943737599895,"{'V_ref': 1.23, 'ΔS_ref': 163.0, 'n': 2, 'F': 96485.33212, 'T': 333.0, 'T_ref': 298.15, 'slope': 0.0008446879770143449}"
Ni-HER,333.0,0.1110204081632653,j0(T) Ni-HER,j0 = j0_ref * exp(-Ea/R * (1/T - 1/Tref)),0.05456516264703203,"{'j0_ref': 0.01, 'Ea': 40000.0, 'R': 8.314462618, 'T': 333.0, 'T_ref': 298.0}"
Ni-HER,333.0,0.1110204081632653,η_act Tafel Ni-HER,η = (RT/(α·nF))·ln(j/j0),0.020383098018484237,"{'R': 8.314462618, 'T': 333.0, 'alpha': 0.5, 'n': 2, 'F': 96485.33212, 'j': 0.1110204081632653, 'j0': 0.05456516264703203, 'prefactor': 0.028695719763398995}"
Ni-HER,333.0,0.1110204081632653,R capa membrana,R = delta / kappa(T),0.026542967213653592,"{'delta': 0.005, 'kappa_ref': 0.1, 'Ea_kappa': 15000, 'T': 333.0, 'T_ref': 298.15, 'kappa(T)': 0.1883738151711999}"
Ni-HER,333.0,0.1110204081632653,R capa electrolito,R = delta / kappa(T),0.01205073589975269,"{'delta': 0.01, 'kappa_ref': 0.5, 'Ea_kappa': 12000, 'T': 333.0, 'T_ref': 298.15, 'kappa(T)': 0.8298248408385768}"
Ni-HER,333.0,0.1110204081632653,Perdida ohmica total,η_ohm = j · R_total,0.006505096835447554,"{'j': 0.1110204081632653, 'R_total': 0.05859370311340628}"
Ni-HER,333.0,0.1110204081632653,j_lim (Arrhenius),j_lim = j_lim_ref * exp(-Ea/R * (1/T - 1/Tref)),6.638598726708614,"{'j_lim_ref': 4.0, 'Ea': 12000.0, 'R': 8.314462618, 'T': 333.0, 'T_ref': 298.15}"
Ni-HER,333.0,0.1110204081632653,η_conc,η = -(RT/(nF))·ln(1 - j/j_lim),0.00024197502582166372,"{'R': 8.314462618, 'T': 333.0, 'n': 2, 'F': 96485.33212, 'j': 0.1110204081632653, 'j_lim': 6.638598726708614, 'prefactor': 0.014347859881699497}"
Ni-HER,333.0,0.1110204081632653,V_cell,V = V_rev + η_act + η_ohm + η_conc,1.2865675458787034,"{'V_rev': 1.25943737599895, 'eta_act': 0.020383098018484237, 'eta_ohm': 0.006505096835447554, 'eta_conc': 0.00024197502582166372}"
Ni-HER,333.0,0.13122448979591836,Potencial reversible (aprox. lineal),V_rev = V_ref + (ΔS/(nF))·(T - T_ref),1.25943737599895,"{'V_ref': 1.23, 'ΔS_ref': 163.0, 'n': 2, 'F': 96485.33212, 'T': 333.0, 'T_ref': 298.15, 'slope': 0.0008446879770143449}"
Ni-HER,333.0,0.13122448979591836,j0(T) Ni-HER,j0 = j0_ref * exp(-Ea/R * (1/T - 1/Tref)),0.05456516264703203,"{'j0_ref': 0.01, 'Ea': 40000.0, 'R': 8.314462618, 'T': 333.0, 'T_ref': 298.0}"
Ni-HER,333.0,0.13122448979591836,η_act Tafel Ni-HER,η = (RT/(α·nF))·ln(j/j0),0.02518089258313655,"{'R': 8.314462618, 'T': 333.0, 'alpha': 0.5, 'n': 2, 'F': 96485.33212, 'j': 0.13122448979591836, 'j0': 0.05456516264703203, 'prefactor': 0.028695719763398995}"
Ni-HER,333.0,0.13122448979591836,R capa membrana,R = delta / kappa(T),0.026542967213653592,"{'delta': 0.005, 'kappa_ref': 0.1, 'Ea_kappa': 15000, 'T': 333.0, 'T_ref': 298.15, 'kappa(T)': 0.1883738151711999}"
Ni-HER,333.0,0.13122448979591836,R capa electrolito,R = delta / kappa(T),0.01205073589975269,"{'delta': 0.01, 'kappa_ref': 0.5, 'Ea_kappa': 12000, 'T': 333.0, 'T_ref': 298.15, 'kappa(T)': 0.8298248408385768}"
Ni-HER,333.0,0.13122448979591836,Perdida ohmica total,η_ohm = j · R_total,0.007688928796310252,"{'j': 0.13122448979591836, 'R_total': 0.05859370311340628}"
Ni-HER,333.0,0.13122448979591836,j_lim (Arrhenius),j_lim = j_lim_ref * exp(-Ea/R * (1/T - 1/Tref)),6.638598726708614,"{'j_lim_ref': 4.0, 'Ea': 12000.0, 'R': 8.314462618, 'T': 333.0, 'T_ref': 298.15}"
Ni-HER,333.0,0.13122448979591836,η_conc,η = -(RT/(nF))·ln(1 - j/j_lim),0.00028645321831502073,"{'R': 8.314462618, 'T': 333.0, 'n': 2, 'F': 96485.33212, 'j': 0.13122448979591836, 'j_lim': 6.638598726708614, 'prefactor': 0.014347859881699497}"
Ni-HER,333.0,0.13122448979591836,V_cell,V = V_rev + η_act + η_ohm + η_conc,1.2925936505967117,"{'V_rev': 1.25943737599895, 'eta_act': 0.02518089258313655, 'eta_ohm': 0.007688928796310252, 'eta_conc': 0.00028645321831502073}"
Ni-HER,333.0,0.15142857142857144,Potencial reversible (aprox. lineal),V_rev = V_ref + (ΔS/(nF))·(T - T_ref),1.25943737599895,"{'V_ref': 1.23, 'ΔS_ref': 163.0, 'n': 2, 'F': 96485.33212, 'T': 333.0, 'T_ref': 298.15, 'slope': 0.0008446879770143449}"
Ni-HER,333.0,0.15142857142857144,j0(T) Ni-HER,j0 = j0_ref * exp(-Ea/R * (1/T - 1/Tref)),0.05456516264703203,"{'j0_ref': 0.01, 'Ea': 40000.0, 'R': 8.314462618, 'T': 333.0, 'T_ref': 298.0}"
Ni-HER,333.0,0.15142857142857144,η_act Tafel Ni-HER,η = (RT/(α·nF))·ln(j/j0),0.02929024932719734,"{'R': 8.314462618, 'T': 333.0, 'alpha': 0.5, 'n': 2, 'F': 96485.33212, 'j': 0.15142857142857144, 'j0': 0.05456516264703203, 'prefactor': 0.028695719763398995}"
Ni-HER,333.0,0.15142857142857144,R capa membrana,R = delta / kappa(T),0.026542967213653592,"{'delta': 0.005, 'kappa_ref': 0.1, 'Ea_kappa': 15000, 'T': 333.0, 'T_ref': 298.15, 'kappa(T)': 0.1883738151711999}"
Ni-HER,333.0,0.15142857142857144,R capa electrolito,R = delta / kappa(T),0.01205073589975269,"{'delta': 0.01, 'kappa_ref': 0.5, 'Ea_kappa': 12000, 'T': 333.0, 'T_ref': 298.15, 'kappa(T)': 0.8298248408385768}"
Ni-HER,333.0,0.15142857142857144,Perdida ohmica total,η_ohm = j · R_total,0.008872760757172951,"{'j': 0.15142857142857144, 'R_total': 0.05859370311340628}"
Ni-HER,333.0,0.15142857142857144,j_lim (Arrhenius),j_lim = j_lim_ref * exp(-Ea/R * (1/T - 1/Tref)),6.638598726708614,"{'j_lim_ref': 4.0, 'Ea': 12000.0, 'R': 8.314462618, 'T': 333.0, 'T_ref': 298.15}"
Ni-HER,333.0,0.15142857142857144,η_conc,η = -(RT/(nF))·ln(1 - j/j_lim),0.00033106972154108526,"{'R': 8.314462618, 'T': 333.0, 'n': 2, 'F': 96485.33212, 'j': 0.15142857142857144, 'j_lim': 6.638598726708614, 'prefactor': 0.014347859881699497}"
Ni-HER,333.0,0.15142857142857144,V_cell,V = V_rev + η_act + η_ohm + η_conc,1.2979314558048614,"{'V_rev': 1.25943737599895, 'eta_act': 0.02929024932719734, 'eta_ohm': 0.008872760757172951, 'eta_conc': 0.00033106972154108526}"
Ni-HER,333.0,0.1716326530612245,Potencial reversible (aprox. lineal),V_rev = V_ref + (ΔS/(nF))·(T - T_ref),1.25943737599895,"{'V_ref': 1.23, 'ΔS_ref': 163.0, 'n': 2, 'F': 96485.33212, 'T': 333.0, 'T_ref': 298.15, 'slope': 0.0008446879770143449}"
Ni-HER,333.0,0.1716326530612245,j0(T) Ni-HER,j0 = j0_ref * exp(-Ea/R * (1/T - 1/Tref)),0.05456516264703203,"{'j0_ref': 0.01, 'Ea': 40000.0, 'R': 8.314462618, 'T': 333.0, 'T_ref': 298.0}"
Ni-HER,333.0,0.1716326530612245,η_act Tafel Ni-HER,η = (RT/(α·nF))·ln(j/j0),0.03288417062234072,"{'R': 8.314462618, 'T': 333.0, 'alpha': 0.5, 'n': 2, 'F': 96485.33212, 'j': 0.1716326530612245, 'j0': 0.05456516264703203, 'prefactor': 0.028695719763398995}"
Ni-HER,333.0,0.1716326530612245,R capa membrana,R = delta / kappa(T),0.026542967213653592,"{'delta': 0.005, 'kappa_ref': 0.1, 'Ea_kappa': 15000, 'T': 333.0, 'T_ref': 298.15, 'kappa(T)': 0.1883738151711999}"
Ni-HER,333.0,0.1716326530612245,R capa electrolito,R = delta / kappa(T),0.01205073589975269,"{'delta': 0.01, 'kappa_ref': 0.5, 'Ea_kappa': 12000, 'T': 333.0, 'T_ref': 298.15, 'kappa(T)': 0.8298248408385768}"
Ni-HER,333.0,0.1716326530612245,Perdida ohmica total,η_ohm = j · R_total,0.01005659271803565,"{'j': 0.1716326530612245, 'R_total': 0.05859370311340628}"
Ni-HER,333.0,0.1716326530612245,j_lim (Arrhenius),j_lim = j_lim_ref * exp(-Ea/R * (1/T - 1/Tref)),6.638598726708614,"{'j_lim_ref': 4.0, 'Ea': 12000.0, 'R': 8.314462618, 'T': 333.0, 'T_ref': 298.15}"
Ni-HER,333.0,0.1716326530612245,η_conc,η = -(RT/(nF))·ln(1 - j/j_lim),0.00037582539837425084,"{'R': 8.314462618, 'T': 333.0, 'n': 2, 'F': 96485.33212, 'j': 0.1716326530612245, 'j_lim': 6.638598726708614, 'prefactor': 0.014347859881699497}"
Ni-HER,333.0,0.1716326530612245,V_cell,V = V_rev + η_act + η_ohm + η_conc,1.3027539647377004,"{'V_rev': 1.25943737599895, 'eta_act': 0.03288417062234072, 'eta_ohm': 0.01005659271803565, 'eta_conc': 0.00037582539837425084}"
Ni-HER,333.0,0.19183673469387758,Potencial reversible (aprox. lineal),V_rev = V_ref + (ΔS/(nF))·(T - T_ref),1.25943737599895,"{'V_ref': 1.23, 'ΔS_ref': 163.0, 'n': 2, 'F': 96485.33212, 'T': 333.0, 'T_ref': 298.15, 'slope': 0.0008446879770143449}"
Ni-HER,333.0,0.19183673469387758,j0(T) Ni-HER,j0 = j0_ref * exp(-Ea/R * (1/T - 1/Tref)),0.05456516264703203,"{'j0_ref': 0.01, 'Ea': 40000.0, 'R': 8.314462618, 'T': 333.0, 'T_ref': 298.0}"
Ni-HER,333.0,0.19183673469387758,η_act Tafel Ni-HER,η = (RT/(α·nF))·ln(j/j0),0.036077666061302985,"{'R': 8.314462618, 'T': 333.0, 'alpha': 0.5, 'n': 2, 'F': 96485.33212, 'j': 0.19183673469387758, 'j0': 0.05456516264703203, 'prefactor': 0.028695719763398995}"
Ni-HER,333.0,0.19183673469387758,R capa membrana,R = delta / kappa(T),0.026542967213653592,"{'delta': 0.005, 'kappa_ref': 0.1, 'Ea_kappa': 15000, 'T': 333.0, 'T_ref': 298.15, 'kappa(T)': 0.1883738151711999}"
Ni-HER,333.0,0.19183673469387758,R capa electrolito,R = delta / kappa(T),0.01205073589975269,"{'delta': 0.01, 'kappa_ref': 0.5, 'Ea_kappa': 12000, 'T': 333.0, 'T_ref': 298.15, 'kappa(T)': 0.8298248408385768}"
Ni-HER,333.0,0.19183673469387758,Perdida ohmica total,η_ohm = j · R_total,0.01124042467889835,"{'j': 0.19183673469387758, 'R_total': 0.05859370311340628}"
Ni-HER,333.0,0.19183673469387758,j_lim (Arrhenius),j_lim = j_lim_ref * exp(-Ea/R * (1/T - 1/Tref)),6.638598726708614,"{'j_lim_ref': 4.0, 'Ea': 12000.0, 'R': 8.314462618, 'T': 333.0, 'T_ref': 298.15}"
Ni-HER,333.0,0.19183673469387758,η_conc,η = -(RT/(nF))·ln(1 - j/j_lim),0.00042072111978896156,"{'R': 8.314462618, 'T': 333.0, 'n': 2, 'F': 96485.33212, 'j': 0.19183673469387758, 'j_lim': 6.638598726708614, 'prefactor': 0.014347859881699497}"
Ni-HER,333.0,0.19183673469387758,V_cell,V = V_rev + η_act + η_ohm + η_conc,1.30717618785894,"{'V_rev': 1.25943737599895, 'eta_act': 0.036077666061302985, 'eta_ohm': 0.01124042467889835, 'eta_conc': 0.00042072111978896156}"
Ni-HER,333.0,0.21204081632653063,Potencial reversible (aprox. lineal),V_rev = V_ref + (ΔS/(nF))·(T - T_ref),1.25943737599895,"{'V_ref': 1.23, 'ΔS_ref': 163.0, 'n': 2, 'F': 96485.33212, 'T': 333.0, 'T_ref': 298.15, 'slope': 0.0008446879770143449}"
Ni-HER,333.0,0.21204081632653063,j0(T) Ni-HER,j0 = j0_ref * exp(-Ea/R * (1/T - 1/Tref)),0.05456516264703203,"{'j0_ref': 0.01, 'Ea': 40000.0, 'R': 8.314462618, 'T': 333.0, 'T_ref': 298.0}"
Ni-HER,333.0,0.21204081632653063,η_act Tafel Ni-HER,η = (RT/(α·nF))·ln(j/j0),0.03895108658806498,"{'R': 8.314462618, 'T': 333.0, 'alpha': 0.5, 'n': 2, 'F': 96485.33212, 'j': 0.21204081632653063, 'j0': 0.05456516264703203, 'prefactor': 0.028695719763398995}"
Ni-HER,333.0,0.21204081632653063,R capa membrana,R = delta / kappa(T),0.026542967213653592,"{'delta': 0.005, 'kappa_ref': 0.1, 'Ea_kappa': 15000, 'T': 333.0, 'T_ref': 298.15, 'kappa(T)': 0.1883738151711999}"
Ni-HER,333.0,0.21204081632653063,R capa electrolito,R = delta / kappa(T),0.01205073589975269,"{'delta': 0.01, 'kappa_ref': 0.5, 'Ea_kappa': 12000, 'T': 333.0, 'T_ref': 298.15, 'kappa(T)': 0.8298248408385768}"
Ni-HER,333.0,0.21204081632653063,Perdida ohmica total,η_ohm = j · R_total,0.012424256639761048,"{'j': 0.21204081632653063, 'R_total': 0.05859370311340628}"
Ni-HER,333.0,0.21204081632653063,j_lim (Arrhenius),j_lim = j_lim_ref * exp(-Ea/R * (1/T - 1/Tref)),6.638598726708614,"{'j_lim_ref': 4.0, 'Ea': 12000.0, 'R': 8.314462618, 'T': 333.0, 'T_ref': 298.15}"
Ni-HER,333.0,0.21204081632653063,η_conc,η = -(RT/(nF))·ln(1 - j/j_lim),0.00046575776496141167,"{'R': 8.314462618, 'T': 333.0, 'n': 2, 'F': 96485.33212, 'j': 0.21204081632653063, 'j_lim': 6.638598726708614, 'prefactor': 0.014347859881699497}"
Ni-HER,333.0,0.21204081632653063,V_cell,V = V_rev + η_act + η_ohm + η_conc,1.3112784769917372,"{'V_rev': 1.25943737599895, 'eta_act': 0.03895108658806498, 'eta_ohm': 0.012424256639761048, 'eta_conc': 0.00046575776496141167}"
Ni-HER,333.0,0.23224489795918368,Potencial reversible (aprox. lineal),V_rev = V_ref + (ΔS/(nF))·(T - T_ref),1.25943737599895,"{'V_ref': 1.23, 'ΔS_ref': 163.0, 'n': 2, 'F': 96485.33212, 'T': 333.0, 'T_ref': 298.15, 'slope': 0.0008446879770143449}"
Ni-HER,333.0,0.23224489795918368,j0(T) Ni-HER,j0 = j0_ref * exp(-Ea/R * (1/T - 1/Tref)),0.05456516264703203,"{'j0_ref': 0.01, 'Ea': 40000.0, 'R': 8.314462618, 'T': 333.0, 'T_ref': 298.0}"
Ni-HER,333.0,0.23224489795918368,η_act Tafel Ni-HER,η = (RT/(α·nF))·ln(j/j0),0.04156278802517041,"{'R': 8.314462618, 'T': 333.0, 'alpha': 0.5, 'n': 2, 'F': 96485.33212, 'j': 0.23224489795918368, 'j0': 0.05456516264703203, 'prefactor': 0.028695719763398995}"
Ni-HER,333.0,0.23224489795918368,R capa membrana,R = delta / kappa(T),0.026542967213653592,"{'delta': 0.005, 'kappa_ref': 0.1, 'Ea_kappa': 15000, 'T': 333.0, 'T_ref': 298.15, 'kappa(T)': 0.1883738151711999}"
Ni-HER,333.0,0.23224489795918368,R capa electrolito,R = delta / kappa(T),0.01205073589975269,"{'delta': 0.01, 'kappa_ref': 0.5, 'Ea_kappa': 12000, 'T': 333.0, 'T_ref': 298.15, 'kappa(T)': 0.8298248408385768}"
Ni-HER,333.0,0.23224489795918368,Perdida ohmica total,η_ohm = j · R_total,0.013608088600623744,"{'j': 0.23224489795918368, 'R_total': 0.05859370311340628}"
Ni-HER,333.0,0.23224489795918368,j_lim (Arrhenius),j_lim = j_lim_ref * exp(-Ea/R * (1/T - 1/Tref)),6.638598726708614,"{'j_lim_ref': 4.0, 'Ea': 12000.0, 'R': 8.314462618, 'T': 333.0, 'T_ref': 298.15}"
Ni-HER,333.0,0.23224489795918368,η_conc,η = -(RT/(nF))·ln(1 - j/j_lim),0.0005109362213728555,"{'R': 8.314462618, 'T': 333.0, 'n': 2, 'F': 96485.33212, 'j': 0.23224489795918368, 'j_lim': 6.638598726708614, 'prefactor': 0.014347859881699497}"
Ni-HER,333.0,0.23224489795918368,V_cell,V = V_rev + η_act + η_ohm + η_conc,1.315119188846117,"{'V_rev': 1.25943737599895, 'eta_act': 0.04156278802517041, 'eta_ohm': 0.013608088600623744, 'eta_conc': 0.0005109362213728555}"
Ni-HER,333.0,0.2524489795918367,Potencial reversible (aprox. lineal),V_rev = V_ref + (ΔS/(nF))·(T - T_ref),1.25943737599895,"{'V_ref': 1.23, 'ΔS_ref': 163.0, 'n': 2, 'F': 96485.33212, 'T': 333.0, 'T_ref': 298.15, 'slope': 0.0008446879770143449}"
Ni-HER,333.0,0.2524489795918367,j0(T) Ni-HER,j0 = j0_ref * exp(-Ea/R * (1/T - 1/Tref)),0.05456516264703203,"{'j0_ref': 0.01, 'Ea': 40000.0, 'R': 8.314462618, 'T': 333.0, 'T_ref': 298.0}"
Ni-HER,333.0,0.2524489795918367,η_act Tafel Ni-HER,η = (RT/(α·nF))·ln(j/j0),0.04395649192787921,"{'R': 8.314462618, 'T': 333.0, 'alpha': 0.5, 'n': 2, 'F': 96485.33212, 'j': 0.2524489795918367, 'j0': 0.05456516264703203, 'prefactor': 0.028695719763398995}"
Ni-HER,333.0,0.2524489795918367,R capa membrana,R = delta / kappa(T),0.026542967213653592,"{'delta': 0.005, 'kappa_ref': 0.1, 'Ea_kappa': 15000, 'T': 333.0, 'T_ref': 298.15, 'kappa(T)': 0.1883738151711999}"
Ni-HER,333.0,0.2524489795918367,R capa electrolito,R = delta / kappa(T),0.01205073589975269,"{'delta': 0.01, 'kappa_ref': 0.5, 'Ea_kappa': 12000, 'T': 333.0, 'T_ref': 298.15, 'kappa(T)': 0.8298248408385768}"
Ni-HER,333.0,0.2524489795918367,Perdida ohmica total,η_ohm = j · R_total,0.01479192056148644,"{'j': 0.2524489795918367, 'R_total': 0.05859370311340628}"
Ni-HER,333.0,0.2524489795918367,j_lim (Arrhenius),j_lim = j_lim_ref * exp(-Ea/R * (1/T - 1/Tref)),6.638598726708614,"{'j_lim_ref': 4.0, 'Ea': 12000.0, 'R': 8.314462618, 'T': 333.0, 'T_ref': 298.15}"
Ni-HER,333.0,0.2524489795918367,η_conc,η = -(RT/(nF))·ln(1 - j/j_lim),0.0005562573849145318,"{'R': 8.314462618, 'T': 333.0, 'n': 2, 'F': 96485.33212, 'j': 0.2524489795918367, 'j_lim': 6.638598726708614, 'prefactor': 0.014347859881699497}"
Ni-HER,333.0,0.2524489795918367,V_cell,V = V_rev + η_act + η_ohm + η_conc,1.31874204587323,"{'V_rev': 1.25943737599895, 'eta_act': 0.04395649192787921, 'eta_ohm': 0.01479192056148644, 'eta_conc': 0.0005562573849145318}"
Ni-HER,333.0,0.2726530612244898,Potencial reversible (aprox. lineal),V_rev = V_ref + (ΔS/(nF))·(T - T_ref),1.25943737599895,"{'V_ref': 1.23, 'ΔS_ref': 163.0, 'n': 2, 'F': 96485.33212, 'T': 333.0, 'T_ref': 298.15, 'slope': 0.0008446879770143449}"
Ni-HER,333.0,0.2726530612244898,j0(T) Ni-HER,j0 = j0_ref * exp(-Ea/R * (1/T - 1/Tref)),0.05456516264703203,"{'j0_ref': 0.01, 'Ea': 40000.0, 'R': 8.314462618, 'T': 333.0, 'T_ref': 298.0}"
Ni-HER,333.0,0.2726530612244898,η_act Tafel Ni-HER,η = (RT/(α·nF))·ln(j/j0),0.04616580356316914,"{'R': 8.314462618, 'T': 333.0, 'alpha': 0.5, 'n': 2, 'F': 96485.33212, 'j': 0.2726530612244898, 'j0': 0.05456516264703203, 'prefactor': 0.028695719763398995}"
Ni-HER,333.0,0.2726530612244898,R capa membrana,R = delta / kappa(T),0.026542967213653592,"{'delta': 0.005, 'kappa_ref': 0.1, 'Ea_kappa': 15000, 'T': 333.0, 'T_ref': 298.15, 'kappa(T)': 0.1883738151711999}"
Ni-HER,333.0,0.2726530612244898,R capa electrolito,R = delta / kappa(T),0.01205073589975269,"{'delta': 0.01, 'kappa_ref': 0.5, 'Ea_kappa': 12000, 'T': 333.0, 'T_ref': 298.15, 'kappa(T)': 0.8298248408385768}"
Ni-HER,333.0,0.2726530612244898,Perdida ohmica total,η_ohm = j · R_total,0.015975752522349142,"{'j': 0.2726530612244898, 'R_total': 0.05859370311340628}"
Ni-HER,333.0,0.2726530612244898,j_lim (Arrhenius),j_lim = j_lim_ref * exp(-Ea/R * (1/T - 1/Tref)),6.638598726708614,"{'j_lim_ref': 4.0, 'Ea': 12000.0, 'R': 8.314462618, 'T': 333.0, 'T_ref': 298.15}"
Ni-HER,333.0,0.2726530612244898,η_conc,η = -(RT/(nF))·ln(1 - j/j_lim),0.0006017221599942649,"{'R': 8.314462618, 'T': 333.0, 'n': 2, 'F': 96485.33212, 'j': 0.2726530612244898, 'j_lim': 6.638598726708614, 'prefactor': 0.014347859881699497}"
Ni-HER,333.0,0.2726530612244898,V_cell,V = V_rev + η_act + η_ohm + η_conc,1.3221806542444625,"{'V_rev': 1.25943737599895, 'eta_act': 0.04616580356316914, 'eta_ohm': 0.015975752522349142, 'eta_conc': 0.0006017221599942649}"
Ni-HER,333.0,0.29285714285714287,Potencial reversible (aprox. lineal),V_rev = V_ref + (ΔS/(nF))·(T - T_ref),1.25943737599895,"{'V_ref': 1.23, 'ΔS_ref': 163.0, 'n': 2, 'F': 96485.33212, 'T': 333.0, 'T_ref': 298.15, 'slope': 0.0008446879770143449}"
Ni-HER,333.0,0.29285714285714287,j0(T) Ni-HER,j0 = j0_ref * exp(-Ea/R * (1/T - 1/Tref)),0.05456516264703203,"{'j0_ref': 0.01, 'Ea': 40000.0, 'R': 8.314462618, 'T': 333.0, 'T_ref': 298.0}"
Ni-HER,333.0,0.29285714285714287,η_act Tafel Ni-HER,η = (RT/(α·nF))·ln(j/j0),0.04821711060801028,"{'R': 8.314462618, 'T': 333.0, 'alpha': 0.5, 'n': 2, 'F': 96485.33212, 'j': 0.29285714285714287, 'j0': 0.05456516264703203, 'prefactor': 0.028695719763398995}"
Ni-HER,333.0,0.29285714285714287,R capa membrana,R = delta / kappa(T),0.026542967213653592,"{'delta': 0.005, 'kappa_ref': 0.1, 'Ea_kappa': 15000, 'T': 333.0, 'T_ref': 298.15, 'kappa(T)': 0.1883738151711999}"
Ni-HER,333.0,0.29285714285714287,R capa electrolito,R = delta / kappa(T),0.01205073589975269,"{'delta': 0.01, 'kappa_ref': 0.5, 'Ea_kappa': 12000, 'T': 333.0, 'T_ref': 298.15, 'kappa(T)': 0.8298248408385768}"
Ni-HER,333.0,0.29285714285714287,Perdida ohmica total,η_ohm = j · R_total,0.01715958448321184,"{'j': 0.29285714285714287, 'R_total': 0.05859370311340628}"
Ni-HER,333.0,0.29285714285714287,j_lim (Arrhenius),j_lim = j_lim_ref * exp(-Ea/R * (1/T - 1/Tref)),6.638598726708614,"{'j_lim_ref': 4.0, 'Ea': 12000.0, 'R': 8.314462618, 'T': 333.0, 'T_ref': 298.15}"
Ni-HER,333.0,0.29285714285714287,η_conc,η = -(RT/(nF))·ln(1 - j/j_lim),0.0006473314596447623,"{'R': 8.314462618, 'T': 333.0, 'n': 2, 'F': 96485.33212, 'j': 0.29285714285714287, 'j_lim': 6.638598726708614, 'prefactor': 0.014347859881699497}"
Ni-HER,333.0,0.29285714285714287,V_cell,V = V_rev + η_act + η_ohm + η_conc,1.3254614025498166,"{'V_rev': 1.25943737599895, 'eta_act': 0.04821711060801028, 'eta_ohm': 0.01715958448321184, 'eta_conc': 0.0006473314596447623}"
Ni-HER,333.0,0.3130612244897959,Potencial reversible (aprox. lineal),V_rev = V_ref + (ΔS/(nF))·(T - T_ref),1.25943737599895,"{'V_ref': 1.23, 'ΔS_ref': 163.0, 'n': 2, 'F': 96485.33212, 'T': 333.0, 'T_ref': 298.15, 'slope': 0.0008446879770143449}"
Ni-HER,333.0,0.3130612244897959,j0(T) Ni-HER,j0 = j0_ref * exp(-Ea/R * (1/T - 1/Tref)),0.05456516264703203,"{'j0_ref': 0.01, 'Ea': 40000.0, 'R': 8.314462618, 'T': 333.0, 'T_ref': 298.0}"
Ni-HER,333.0,0.3130612244897959,η_act Tafel Ni-HER,η = (RT/(α·nF))·ln(j/j0),0.05013151265908261,"{'R': 8.314462618, 'T': 333.0, 'alpha': 0.5, 'n': 2, 'F': 96485.33212, 'j': 0.3130612244897959, 'j0': 0.05456516264703203, 'prefactor': 0.028695719763398995}"
Ni-HER,333.0,0.3130612244897959,R capa membrana,R = delta / kappa(T),0.026542967213653592,"{'delta': 0.005, 'kappa_ref': 0.1, 'Ea_kappa': 15000, 'T': 333.0, 'T_ref': 298.15, 'kappa(T)': 0.1883738151711999}"
Ni-HER,333.0,0.3130612244897959,R capa electrolito,R = delta / kappa(T),0.01205073589975269,"{'delta': 0.01, 'kappa_ref': 0.5, 'Ea_kappa': 12000, 'T': 333.0, 'T_ref': 298.15, 'kappa(T)': 0.8298248408385768}"
Ni-HER,333.0,0.3130612244897959,Perdida ohmica total,η_ohm = j · R_total,0.018343416444074535,"{'j': 0.3130612244897959, 'R_total': 0.05859370311340628}"
Ni-HER,333.0,0.3130612244897959,j_lim (Arrhenius),j_lim = j_lim_ref * exp(-Ea/R * (1/T - 1/Tref)),6.638598726708614,"{'j_lim_ref': 4.0, 'Ea': 12000.0, 'R': 8.314462618, 'T': 333.0, 'T_ref': 298.15}"
Ni-HER,333.0,0.3130612244897959,η_conc,η = -(RT/(nF))·ln(1 - j/j_lim),0.0006930862056336214,"{'R': 8.314462618, 'T': 333.0, 'n': 2, 'F': 96485.33212, 'j': 0.3130612244897959, 'j_lim': 6.638598726708614, 'prefactor': 0.014347859881699497}"
Ni-HER,333.0,0.3130612244897959,V_cell,V = V_rev + η_act + η_ohm + η_conc,1.3286053913077407,"{'V_rev': 1.25943737599895, 'eta_act': 0.05013151265908261, 'eta_ohm': 0.018343416444074535, 'eta_conc': 0.0006930862056336214}"
Ni-HER,333.0,0.333265306122449,Potencial reversible (aprox. lineal),V_rev = V_ref + (ΔS/(nF))·(T - T_ref),1.25943737599895,"{'V_ref': 1.23, 'ΔS_ref': 163.0, 'n': 2, 'F': 96485.33212, 'T': 333.0, 'T_ref': 298.15, 'slope': 0.0008446879770143449}"
Ni-HER,333.0,0.333265306122449,j0(T) Ni-HER,j0 = j0_ref * exp(-Ea/R * (1/T - 1/Tref)),0.05456516264703203,"{'j0_ref': 0.01, 'Ea': 40000.0, 'R': 8.314462618, 'T': 333.0, 'T_ref': 298.0}"
Ni-HER,333.0,0.333265306122449,η_act Tafel Ni-HER,η = (RT/(α·nF))·ln(j/j0),0.051926146159551954,"{'R': 8.314462618, 'T': 333.0, 'alpha': 0.5, 'n': 2, 'F': 96485.33212, 'j': 0.333265306122449, 'j0': 0.05456516264703203, 'prefactor': 0.028695719763398995}"
Ni-HER,333.0,0.333265306122449,R capa membrana,R = delta / kappa(T),0.026542967213653592,"{'delta': 0.005, 'kappa_ref': 0.1, 'Ea_kappa': 15000, 'T': 333.0, 'T_ref': 298.15, 'kappa(T)': 0.1883738151711999}"
Ni-HER,333.0,0.333265306122449,R capa electrolito,R = delta / kappa(T),0.01205073589975269,"{'delta': 0.01, 'kappa_ref': 0.5, 'Ea_kappa': 12000, 'T': 333.0, 'T_ref': 298.15, 'kappa(T)': 0.8298248408385768}"
Ni-HER,333.0,0.333265306122449,Perdida ohmica total,η_ohm = j · R_total,0.019527248404937237,"{'j': 0.333265306122449, 'R_total': 0.05859370311340628}"
Ni-HER,333.0,0.333265306122449,j_lim (Arrhenius),j_lim = j_lim_ref * exp(-Ea/R * (1/T - 1/Tref)),6.638598726708614,"{'j_lim_ref': 4.0, 'Ea': 12000.0, 'R': 8.314462618, 'T': 333.0, 'T_ref': 298.15}"
Ni-HER,333.0,0.333265306122449,η_conc,η = -(RT/(nF))·ln(1 - j/j_lim),0.0007389873285751149,"{'R': 8.314462618, 'T': 333.0, 'n': 2, 'F': 96485.33212, 'j': 0.333265306122449, 'j_lim': 6.638598726708614, 'prefactor': 0.014347859881699497}"
Ni-HER,333.0,0.333265306122449,V_cell,V = V_rev + η_act + η_ohm + η_conc,1.331629757892014,"{'V_rev': 1.25943737599895, 'eta_act': 0.051926146159551954, 'eta_ohm': 0.019527248404937237, 'eta_conc': 0.0007389873285751149}"
Ni-HER,333.0,0.353469387755102,Potencial reversible (aprox. lineal),V_rev = V_ref + (ΔS/(nF))·(T - T_ref),1.25943737599895,"{'V_ref': 1.23, 'ΔS_ref': 163.0, 'n': 2, 'F': 96485.33212, 'T': 333.0, 'T_ref': 298.15, 'slope': 0.0008446879770143449}"
Ni-HER,333.0,0.353469387755102,j0(T) Ni-HER,j0 = j0_ref * exp(-Ea/R * (1/T - 1/Tref)),0.05456516264703203,"{'j0_ref': 0.01, 'Ea': 40000.0, 'R': 8.314462618, 'T': 333.0, 'T_ref': 298.0}"
Ni-HER,333.0,0.353469387755102,η_act Tafel Ni-HER,η = (RT/(α·nF))·ln(j/j0),0.05361511872296253,"{'R': 8.314462618, 'T': 333.0, 'alpha': 0.5, 'n': 2, 'F': 96485.33212, 'j': 0.353469387755102, 'j0': 0.05456516264703203, 'prefactor': 0.028695719763398995}"
Ni-HER,333.0,0.353469387755102,R capa membrana,R = delta / kappa(T),0.026542967213653592,"{'delta': 0.005, 'kappa_ref': 0.1, 'Ea_kappa': 15000, 'T': 333.0, 'T_ref': 298.15, 'kappa(T)': 0.1883738151711999}"
Ni-HER,333.0,0.353469387755102,R capa electrolito,R = delta / kappa(T),0.01205073589975269,"{'delta': 0.01, 'kappa_ref': 0.5, 'Ea_kappa': 12000, 'T': 333.0, 'T_ref': 298.15, 'kappa(T)': 0.8298248408385768}"
Ni-HER,333.0,0.353469387755102,Perdida ohmica total,η_ohm = j · R_total,0.020711080365799932,"{'j': 0.353469387755102, 'R_total': 0.05859370311340628}"
Ni-HER,333.0,0.353469387755102,j_lim (Arrhenius),j_lim = j_lim_ref * exp(-Ea/R * (1/T - 1/Tref)),6.638598726708614,"{'j_lim_ref': 4.0, 'Ea': 12000.0, 'R': 8.314462618, 'T': 333.0, 'T_ref': 298.15}"
Ni-HER,333.0,0.353469387755102,η_conc,η = -(RT/(nF))·ln(1 - j/j_lim),0.0007850357680437597,"{'R': 8.314462618, 'T': 333.0, 'n': 2, 'F': 96485.33212, 'j': 0.353469387755102, 'j_lim': 6.638598726708614, 'prefactor': 0.014347859881699497}"
Ni-HER,333.0,0.353469387755102,V_cell,V = V_rev + η_act + η_ohm + η_conc,1.334548610855756,"{'V_rev': 1.25943737599895, 'eta_act': 0.05361511872296253, 'eta_ohm': 0.020711080365799932, 'eta_conc': 0.0007850357680437597}"
Ni-HER,333.0,0.37367346938775514,Potencial reversible (aprox. lineal),V_rev = V_ref + (ΔS/(nF))·(T - T_ref),1.25943737599895,"{'V_ref': 1.23, 'ΔS_ref': 163.0, 'n': 2, 'F': 96485.33212, 'T': 333.0, 'T_ref': 298.15, 'slope': 0.0008446879770143449}"
Ni-HER,333.0,0.37367346938775514,j0(T) Ni-HER,j0 = j0_ref * exp(-Ea/R * (1/T - 1/Tref)),0.05456516264703203,"{'j0_ref': 0.01, 'Ea': 40000.0, 'R': 8.314462618, 'T': 333.0, 'T_ref': 298.0}"
Ni-HER,333.0,0.37367346938775514,η_act Tafel Ni-HER,η = (RT/(α·nF))·ln(j/j0),0.05521018337840734,"{'R': 8.314462618, 'T': 333.0, 'alpha': 0.5, 'n': 2, 'F': 96485.33212, 'j': 0.37367346938775514, 'j0': 0.05456516264703203, 'prefactor': 0.028695719763398995}"
Ni-HER,333.0,0.37367346938775514,R capa membrana,R = delta / kappa(T),0.026542967213653592,"{'delta': 0.005, 'kappa_ref': 0.1, 'Ea_kappa': 15000, 'T': 333.0, 'T_ref': 298.15, 'kappa(T)': 0.1883738151711999}"
Ni-HER,333.0,0.37367346938775514,R capa electrolito,R = delta / kappa(T),0.01205073589975269,"{'delta': 0.01, 'kappa_ref': 0.5, 'Ea_kappa': 12000, 'T': 333.0, 'T_ref': 298.15, 'kappa(T)': 0.8298248408385768}"
Ni-HER,333.0,0.37367346938775514,Perdida ohmica total,η_ohm = j · R_total,0.021894912326662637,"{'j': 0.37367346938775514, 'R_total': 0.05859370311340628}"
Ni-HER,333.0,0.37367346938775514,j_lim (Arrhenius),j_lim = j_lim_ref * exp(-Ea/R * (1/T - 1/Tref)),6.638598726708614,"{'j_lim_ref': 4.0, 'Ea': 12000.0, 'R': 8.314462618, 'T': 333.0, 'T_ref': 298.15}"
Ni-HER,333.0,0.37367346938775514,η_conc,η = -(RT/(nF))·ln(1 - j/j_lim),0.0008312324726897155,"{'R': 8.314462618, 'T': 333.0, 'n': 2, 'F': 96485.33212, 'j': 0.37367346938775514, 'j_lim': 6.638598726708614, 'prefactor': 0.014347859881699497}"
Ni-HER,333.0,0.37367346938775514,V_cell,V = V_rev + η_act + η_ohm + η_conc,1.3373737041767098,"{'V_rev': 1.25943737599895, 'eta_act': 0.05521018337840734, 'eta_ohm': 0.021894912326662637, 'eta_conc': 0.0008312324726897155}"
Ni-HER,333.0,0.39387755102040817,Potencial reversible (aprox. lineal),V_rev = V_ref + (ΔS/(nF))·(T - T_ref),1.25943737599895,"{'V_ref': 1.23, 'ΔS_ref': 163.0, 'n': 2, 'F': 96485.33212, 'T': 333.0, 'T_ref': 298.15, 'slope': 0.0008446879770143449}"
Ni-HER,333.0,0.39387755102040817,j0(T) Ni-HER,j0 = j0_ref * exp(-Ea/R * (1/T - 1/Tref)),0.05456516264703203,"{'j0_ref': 0.01, 'Ea': 40000.0, 'R': 8.314462618, 'T': 333.0, 'T_ref': 298.0}"
Ni-HER,333.0,0.39387755102040817,η_act Tafel Ni-HER,η = (RT/(α·nF))·ln(j/j0),0.056721235049174014,"{'R': 8.314462618, 'T': 333.0, 'alpha': 0.5, 'n': 2, 'F': 96485.33212, 'j': 0.39387755102040817, 'j0': 0.05456516264703203, 'prefactor': 0.028695719763398995}"
Ni-HER,333.0,0.39387755102040817,R capa membrana,R = delta / kappa(T),0.026542967213653592,"{'delta': 0.005, 'kappa_ref': 0.1, 'Ea_kappa': 15000, 'T': 333.0, 'T_ref': 298.15, 'kappa(T)': 0.1883738151711999}"
Ni-HER,333.0,0.39387755102040817,R capa electrolito,R = delta / kappa(T),0.01205073589975269,"{'delta': 0.01, 'kappa_ref': 0.5, 'Ea_kappa': 12000, 'T': 333.0, 'T_ref': 298.15, 'kappa(T)': 0.8298248408385768}"
Ni-HER,333.0,0.39387755102040817,Perdida ohmica total,η_ohm = j · R_total,0.02307874428752533,"{'j': 0.39387755102040817, 'R_total': 0.05859370311340628}"
Ni-HER,333.0,0.39387755102040817,j_lim (Arrhenius),j_lim = j_lim_ref * exp(-Ea/R * (1/T - 1/Tref)),6.638598726708614,"{'j_lim_ref': 4.0, 'Ea': 12000.0, 'R': 8.314462618, 'T': 333.0, 'T_ref': 298.15}"
Ni-HER,333.0,0.39387755102040817,η_conc,η = -(RT/(nF))·ln(1 - j/j_lim),0.0008775784003560552,"{'R': 8.314462618, 'T': 333.0, 'n': 2, 'F': 96485.33212, 'j': 0.39387755102040817, 'j_lim': 6.638598726708614, 'prefactor': 0.014347859881699497}"
Ni-HER,333.0,0.39387755102040817,V_cell,V = V_rev + η_act + η_ohm + η_conc,1.3401149337360052,"{'V_rev': 1.25943737599895, 'eta_act': 0.056721235049174014, 'eta_ohm': 0.02307874428752533, 'eta_conc': 0.0008775784003560552}"
Ni-HER,333.0,0.41408163265306125,Potencial reversible (aprox. lineal),V_rev = V_ref + (ΔS/(nF))·(T - T_ref),1.25943737599895,"{'V_ref': 1.23, 'ΔS_ref': 163.0, 'n': 2, 'F': 96485.33212, 'T': 333.0, 'T_ref': 298.15, 'slope': 0.0008446879770143449}"
Ni-HER,333.0,0.41408163265306125,j0(T) Ni-HER,j0 = j0_ref * exp(-Ea/R * (1/T - 1/Tref)),0.05456516264703203,"{'j0_ref': 0.01, 'Ea': 40000.0, 'R': 8.314462618, 'T': 333.0, 'T_ref': 298.0}"
Ni-HER,333.0,0.41408163265306125,η_act Tafel Ni-HER,η = (RT/(α·nF))·ln(j/j0),0.05815668270115214,"{'R': 8.314462618, 'T': 333.0, 'alpha': 0.5, 'n': 2, 'F': 96485.33212, 'j': 0.41408163265306125, 'j0': 0.05456516264703203, 'prefactor': 0.028695719763398995}"
Ni-HER,333.0,0.41408163265306125,R capa membrana,R = delta / kappa(T),0.026542967213653592,"{'delta': 0.005, 'kappa_ref': 0.1, 'Ea_kappa': 15000, 'T': 333.0, 'T_ref': 298.15, 'kappa(T)': 0.1883738151711999}"
Ni-HER,333.0,0.41408163265306125,R capa electrolito,R = delta / kappa(T),0.01205073589975269,"{'delta': 0.01, 'kappa_ref': 0.5, 'Ea_kappa': 12000, 'T': 333.0, 'T_ref': 298.15, 'kappa(T)': 0.8298248408385768}"
Ni-HER,333.0,0.41408163265306125,Perdida ohmica total,η_ohm = j · R_total,0.02426257624838803,"{'j': 0.41408163265306125, 'R_total': 0.05859370311340628}"
Ni-HER,333.0,0.41408163265306125,j_lim (Arrhenius),j_lim = j_lim_ref * exp(-Ea/R * (1/T - 1/Tref)),6.638598726708614,"{'j_lim_ref': 4.0, 'Ea': 12000.0, 'R': 8.314462618, 'T': 333.0, 'T_ref': 298.15}"
Ni-HER,333.0,0.41408163265306125,η_conc,η = -(RT/(nF))·ln(1 - j/j_lim),0.0009240745181979186,"{'R': 8.314462618, 'T': 333.0, 'n': 2, 'F': 96485.33212, 'j': 0.41408163265306125, 'j_lim': 6.638598726708614, 'prefactor': 0.014347859881699497}"
Ni-HER,333.0,0.41408163265306125,V_cell,V = V_rev + η_act + η_ohm + η_conc,1.3427807094666881,"{'V_rev': 1.25943737599895, 'eta_act': 0.05815668270115214, 'eta_ohm': 0.02426257624838803, 'eta_conc': 0.0009240745181979186}"
Ni-HER,333.0,0.4342857142857143,Potencial reversible (aprox. lineal),V_rev = V_ref + (ΔS/(nF))·(T - T_ref),1.25943737599895,"{'V_ref': 1.23, 'ΔS_ref': 163.0, 'n': 2, 'F': 96485.33212, 'T': 333.0, 'T_ref': 298.15, 'slope': 0.0008446879770143449}"
Ni-HER,333.0,0.4342857142857143,j0(T) Ni-HER,j0 = j0_ref * exp(-Ea/R * (1/T - 1/Tref)),0.05456516264703203,"{'j0_ref': 0.01, 'Ea': 40000.0, 'R': 8.314462618, 'T': 333.0, 'T_ref': 298.0}"
Ni-HER,333.0,0.4342857142857143,η_act Tafel Ni-HER,η = (RT/(α·nF))·ln(j/j0),0.059523732748020225,"{'R': 8.314462618, 'T': 333.0, 'alpha': 0.5, 'n': 2, 'F': 96485.33212, 'j': 0.4342857142857143, 'j0': 0.05456516264703203, 'prefactor': 0.028695719763398995}"
Ni-HER,333.0,0.4342857142857143,R capa membrana,R = delta / kappa(T),0.026542967213653592,"{'delta': 0.005, 'kappa_ref': 0.1, 'Ea_kappa': 15000, 'T': 333.0, 'T_ref': 298.15, 'kappa(T)': 0.1883738151711999}"
Ni-HER,333.0,0.4342857142857143,R capa electrolito,R = delta / kappa(T),0.01205073589975269,"{'delta': 0.01, 'kappa_ref': 0.5, 'Ea_kappa': 12000, 'T': 333.0, 'T_ref': 298.15, 'kappa(T)': 0.8298248408385768}"
Ni-HER,333.0,0.4342857142857143,Perdida ohmica total,η_ohm = j · R_total,0.025446408209250728,"{'j': 0.4342857142857143, 'R_total': 0.05859370311340628}"
Ni-HER,333.0,0.4342857142857143,j_lim (Arrhenius),j_lim = j_lim_ref * exp(-Ea/R * (1/T - 1/Tref)),6.638598726708614,"{'j_lim_ref': 4.0, 'Ea': 12000.0, 'R': 8.314462618, 'T': 333.0, 'T_ref': 298.15}"
Ni-HER,333.0,0.4342857142857143,η_conc,η = -(RT/(nF))·ln(1 - j/j_lim),0.0009707218028036191,"{'R': 8.314462618, 'T': 333.0, 'n': 2, 'F': 96485.33212, 'j': 0.4342857142857143, 'j_lim': 6.638598726708614, 'prefactor': 0.014347859881699497}"
Ni-HER,333.0,0.4342857142857143,V_cell,V = V_rev + η_act + η_ohm + η_conc,1.3453782387590245,"{'V_rev': 1.25943737599895, 'eta_act': 0.059523732748020225, 'eta_ohm': 0.025446408209250728, 'eta_conc': 0.0009707218028036191}"
Ni-HER,333.0,0.45448979591836736,Potencial reversible (aprox. lineal),V_rev = V_ref + (ΔS/(nF))·(T - T_ref),1.25943737599895,"{'V_ref': 1.23, 'ΔS_ref': 163.0, 'n': 2, 'F': 96485.33212, 'T': 333.0, 'T_ref': 298.15, 'slope': 0.0008446879770143449}"
Ni-HER,333.0,0.45448979591836736,j0(T) Ni-HER,j0 = j0_ref * exp(-Ea/R * (1/T - 1/Tref)),0.05456516264703203,"{'j0_ref': 0.01, 'Ea': 40000.0, 'R': 8.314462618, 'T': 333.0, 'T_ref': 298.0}"
Ni-HER,333.0,0.45448979591836736,η_act Tafel Ni-HER,η = (RT/(α·nF))·ln(j/j0),0.06082860795564583,"{'R': 8.314462618, 'T': 333.0, 'alpha': 0.5, 'n': 2, 'F': 96485.33212, 'j': 0.45448979591836736, 'j0': 0.05456516264703203, 'prefactor': 0.028695719763398995}"
Ni-HER,333.0,0.45448979591836736,R capa membrana,R = delta / kappa(T),0.026542967213653592,"{'delta': 0.005, 'kappa_ref': 0.1, 'Ea_kappa': 15000, 'T': 333.0, 'T_ref': 298.15, 'kappa(T)': 0.1883738151711999}"
Ni-HER,333.0,0.45448979591836736,R capa electrolito,R = delta / kappa(T),0.01205073589975269,"{'delta': 0.01, 'kappa_ref': 0.5, 'Ea_kappa': 12000, 'T': 333.0, 'T_ref': 298.15, 'kappa(T)': 0.8298248408385768}"
Ni-HER,333.0,0.45448979591836736,Perdida ohmica total,η_ohm = j · R_total,0.026630240170113426,"{'j': 0.45448979591836736, 'R_total': 0.05859370311340628}"
Ni-HER,333.0,0.45448979591836736,j_lim (Arrhenius),j_lim = j_lim_ref * exp(-Ea/R * (1/T - 1/Tref)),6.638598726708614,"{'j_lim_ref': 4.0, 'Ea': 12000.0, 'R': 8.314462618, 'T': 333.0, 'T_ref': 298.15}"
Ni-HER,333.0,0.45448979591836736,η_conc,η = -(RT/(nF))·ln(1 - j/j_lim),0.0010175212403177177,"{'R': 8.314462618, 'T': 333.0, 'n': 2, 'F': 96485.33212, 'j': 0.45448979591836736, 'j_lim': 6.638598726708614, 'prefactor': 0.014347859881699497}"
Ni-HER,333.0,0.45448979591836736,V_cell,V = V_rev + η_act + η_ohm + η_conc,1.347913745365027,"{'V_rev': 1.25943737599895, 'eta_act': 0.06082860795564583, 'eta_ohm': 0.026630240170113426, 'eta_conc': 0.0010175212403177177}"
Ni-HER,333.0,0.4746938775510204,Potencial reversible (aprox. lineal),V_rev = V_ref + (ΔS/(nF))·(T - T_ref),1.25943737599895,"{'V_ref': 1.23, 'ΔS_ref': 163.0, 'n': 2, 'F': 96485.33212, 'T': 333.0, 'T_ref': 298.15, 'slope': 0.0008446879770143449}"
Ni-HER,333.0,0.4746938775510204,j0(T) Ni-HER,j0 = j0_ref * exp(-Ea/R * (1/T - 1/Tref)),0.05456516264703203,"{'j0_ref': 0.01, 'Ea': 40000.0, 'R': 8.314462618, 'T': 333.0, 'T_ref': 298.0}"
Ni-HER,333.0,0.4746938775510204,η_act Tafel Ni-HER,η = (RT/(α·nF))·ln(j/j0),0.06207671869725488,"{'R': 8.314462618, 'T': 333.0, 'alpha': 0.5, 'n': 2, 'F': 96485.33212, 'j': 0.4746938775510204, 'j0': 0.05456516264703203, 'prefactor': 0.028695719763398995}"
Ni-HER,333.0,0.4746938775510204,R capa membrana,R = delta / kappa(T),0.026542967213653592,"{'delta': 0.005, 'kappa_ref': 0.1, 'Ea_kappa': 15000, 'T': 333.0, 'T_ref': 298.15, 'kappa(T)': 0.1883738151711999}"
Ni-HER,333.0,0.4746938775510204,R capa electrolito,R = delta / kappa(T),0.01205073589975269,"{'delta': 0.01, 'kappa_ref': 0.5, 'Ea_kappa': 12000, 'T': 333.0, 'T_ref': 298.15, 'kappa(T)': 0.8298248408385768}"
Ni-HER,333.0,0.4746938775510204,Perdida ohmica total,η_ohm = j · R_total,0.027814072130976124,"{'j': 0.4746938775510204, 'R_total': 0.05859370311340628}"
Ni-HER,333.0,0.4746938775510204,j_lim (Arrhenius),j_lim = j_lim_ref * exp(-Ea/R * (1/T - 1/Tref)),6.638598726708614,"{'j_lim_ref': 4.0, 'Ea': 12000.0, 'R': 8.314462618, 'T': 333.0, 'T_ref': 298.15}"
Ni-HER,333.0,0.4746938775510204,η_conc,η = -(RT/(nF))·ln(1 - j/j_lim),0.0010644738265661185,"{'R': 8.314462618, 'T': 333.0, 'n': 2, 'F': 96485.33212, 'j': 0.4746938775510204, 'j_lim': 6.638598726708614, 'prefactor': 0.014347859881699497}"
Ni-HER,333.0,0.4746938775510204,V_cell,V = V_rev + η_act + η_ohm + η_conc,1.350392640653747,"{'V_rev': 1.25943737599895, 'eta_act': 0.06207671869725488, 'eta_ohm': 0.027814072130976124, 'eta_conc': 0.0010644738265661185}"
Ni-HER,333.0,0.49489795918367346,Potencial reversible (aprox. lineal),V_rev = V_ref + (ΔS/(nF))·(T - T_ref),1.25943737599895,"{'V_ref': 1.23, 'ΔS_ref': 163.0, 'n': 2, 'F': 96485.33212, 'T': 333.0, 'T_ref': 298.15, 'slope': 0.0008446879770143449}"
Ni-HER,333.0,0.49489795918367346,j0(T) Ni-HER,j0 = j0_ref * exp(-Ea/R * (1/T - 1/Tref)),0.05456516264703203,"{'j0_ref': 0.01, 'Ea': 40000.0, 'R': 8.314462618, 'T': 333.0, 'T_ref': 298.0}"
Ni-HER,333.0,0.49489795918367346,η_act Tafel Ni-HER,η = (RT/(α·nF))·ln(j/j0),0.0632727984881085,"{'R': 8.314462618, 'T': 333.0, 'alpha': 0.5, 'n': 2, 'F': 96485.33212, 'j': 0.49489795918367346, 'j0': 0.05456516264703203, 'prefactor': 0.028695719763398995}"
Ni-HER,333.0,0.49489795918367346,R capa membrana,R = delta / kappa(T),0.026542967213653592,"{'delta': 0.005, 'kappa_ref': 0.1, 'Ea_kappa': 15000, 'T': 333.0, 'T_ref': 298.15, 'kappa(T)': 0.1883738151711999}"
Ni-HER,333.0,0.49489795918367346,R capa electrolito,R = delta / kappa(T),0.01205073589975269,"{'delta': 0.01, 'kappa_ref': 0.5, 'Ea_kappa': 12000, 'T': 333.0, 'T_ref': 298.15, 'kappa(T)': 0.8298248408385768}"
Ni-HER,333.0,0.49489795918367346,Perdida ohmica total,η_ohm = j · R_total,0.028997904091838823,"{'j': 0.49489795918367346, 'R_total': 0.05859370311340628}"
Ni-HER,333.0,0.49489795918367346,j_lim (Arrhenius),j_lim = j_lim_ref * exp(-Ea/R * (1/T - 1/Tref)),6.638598726708614,"{'j_lim_ref': 4.0, 'Ea': 12000.0, 'R': 8.314462618, 'T': 333.0, 'T_ref': 298.15}"
Ni-HER,333.0,0.49489795918367346,η_conc,η = -(RT/(nF))·ln(1 - j/j_lim),0.001111580567183201,"{'R': 8.314462618, 'T': 333.0, 'n': 2, 'F': 96485.33212, 'j': 0.49489795918367346, 'j_lim': 6.638598726708614, 'prefactor': 0.014347859881699497}"
Ni-HER,333.0,0.49489795918367346,V_cell,V = V_rev + η_act + η_ohm + η_conc,1.3528196591460806,"{'V_rev': 1.25943737599895, 'eta_act': 0.0632727984881085, 'eta_ohm': 0.028997904091838823, 'eta_conc': 0.001111580567183201}"
Ni-HER,333.0,0.5151020408163265,Potencial reversible (aprox. lineal),V_rev = V_ref + (ΔS/(nF))·(T - T_ref),1.25943737599895,"{'V_ref': 1.23, 'ΔS_ref': 163.0, 'n': 2, 'F': 96485.33212, 'T': 333.0, 'T_ref': 298.15, 'slope': 0.0008446879770143449}"
Ni-HER,333.0,0.5151020408163265,j0(T) Ni-HER,j0 = j0_ref * exp(-Ea/R * (1/T - 1/Tref)),0.05456516264703203,"{'j0_ref': 0.01, 'Ea': 40000.0, 'R': 8.314462618, 'T': 333.0, 'T_ref': 298.0}"
Ni-HER,333.0,0.5151020408163265,η_act Tafel Ni-HER,η = (RT/(α·nF))·ln(j/j0),0.06442101238351168,"{'R': 8.314462618, 'T': 333.0, 'alpha': 0.5, 'n': 2, 'F': 96485.33212, 'j': 0.5151020408163265, 'j0': 0.05456516264703203, 'prefactor': 0.028695719763398995}"
Ni-HER,333.0,0.5151020408163265,R capa membrana,R = delta / kappa(T),0.026542967213653592,"{'delta': 0.005, 'kappa_ref': 0.1, 'Ea_kappa': 15000, 'T': 333.0, 'T_ref': 298.15, 'kappa(T)': 0.1883738151711999}"
Ni-HER,333.0,0.5151020408163265,R capa electrolito,R = delta / kappa(T),0.01205073589975269,"{'delta': 0.01, 'kappa_ref': 0.5, 'Ea_kappa': 12000, 'T': 333.0, 'T_ref': 298.15, 'kappa(T)': 0.8298248408385768}"
Ni-HER,333.0,0.5151020408163265,Perdida ohmica total,η_ohm = j · R_total,0.030181736052701517,"{'j': 0.5151020408163265, 'R_total': 0.05859370311340628}"
Ni-HER,333.0,0.5151020408163265,j_lim (Arrhenius),j_lim = j_lim_ref * exp(-Ea/R * (1/T - 1/Tref)),6.638598726708614,"{'j_lim_ref': 4.0, 'Ea': 12000.0, 'R': 8.314462618, 'T': 333.0, 'T_ref': 298.15}"
Ni-HER,333.0,0.5151020408163265,η_conc,η = -(RT/(nF))·ln(1 - j/j_lim),0.0011588424777410654,"{'R': 8.314462618, 'T': 333.0, 'n': 2, 'F': 96485.33212, 'j': 0.5151020408163265, 'j_lim': 6.638598726708614, 'prefactor': 0.014347859881699497}"
Ni-HER,333.0,0.5151020408163265,V_cell,V = V_rev + η_act + η_ohm + η_conc,1.355198966912904,"{'V_rev': 1.25943737599895, 'eta_act': 0.06442101238351168, 'eta_ohm': 0.030181736052701517, 'eta_conc': 0.0011588424777410654}"
Ni-HER,333.0,0.5353061224489796,Potencial reversible (aprox. lineal),V_rev = V_ref + (ΔS/(nF))·(T - T_ref),1.25943737599895,"{'V_ref': 1.23, 'ΔS_ref': 163.0, 'n': 2, 'F': 96485.33212, 'T': 333.0, 'T_ref': 298.15, 'slope': 0.0008446879770143449}"
Ni-HER,333.0,0.5353061224489796,j0(T) Ni-HER,j0 = j0_ref * exp(-Ea/R * (1/T - 1/Tref)),0.05456516264703203,"{'j0_ref': 0.01, 'Ea': 40000.0, 'R': 8.314462618, 'T': 333.0, 'T_ref': 298.0}"
Ni-HER,333.0,0.5353061224489796,η_act Tafel Ni-HER,η = (RT/(α·nF))·ln(j/j0),0.06552504450983777,"{'R': 8.314462618, 'T': 333.0, 'alpha': 0.5, 'n': 2, 'F': 96485.33212, 'j': 0.5353061224489796, 'j0': 0.05456516264703203, 'prefactor': 0.028695719763398995}"
Ni-HER,333.0,0.5353061224489796,R capa membrana,R = delta / kappa(T),0.026542967213653592,"{'delta': 0.005, 'kappa_ref': 0.1, 'Ea_kappa': 15000, 'T': 333.0, 'T_ref': 298.15, 'kappa(T)': 0.1883738151711999}"
Ni-HER,333.0,0.5353061224489796,R capa electrolito,R = delta / kappa(T),0.01205073589975269,"{'delta': 0.01, 'kappa_ref': 0.5, 'Ea_kappa': 12000, 'T': 333.0, 'T_ref': 298.15, 'kappa(T)': 0.8298248408385768}"
Ni-HER,333.0,0.5353061224489796,Perdida ohmica total,η_ohm = j · R_total,0.031365568013564216,"{'j': 0.5353061224489796, 'R_total': 0.05859370311340628}"
Ni-HER,333.0,0.5353061224489796,j_lim (Arrhenius),j_lim = j_lim_ref * exp(-Ea/R * (1/T - 1/Tref)),6.638598726708614,"{'j_lim_ref': 4.0, 'Ea': 12000.0, 'R': 8.314462618, 'T': 333.0, 'T_ref': 298.15}"
Ni-HER,333.0,0.5353061224489796,η_conc,η = -(RT/(nF))·ln(1 - j/j_lim),0.0012062605838809013,"{'R': 8.314462618, 'T': 333.0, 'n': 2, 'F': 96485.33212, 'j': 0.5353061224489796, 'j_lim': 6.638598726708614, 'prefactor': 0.014347859881699497}"
Ni-HER,333.0,0.5353061224489796,V_cell,V = V_rev + η_act + η_ohm + η_conc,1.357534249106233,"{'V_rev': 1.25943737599895, 'eta_act': 0.06552504450983777, 'eta_ohm': 0.031365568013564216, 'eta_conc': 0.0012062605838809013}"
Ni-HER,333.0,0.5555102040816327,Potencial reversible (aprox. lineal),V_rev = V_ref + (ΔS/(nF))·(T - T_ref),1.25943737599895,"{'V_ref': 1.23, 'ΔS_ref': 163.0, 'n': 2, 'F': 96485.33212, 'T': 333.0, 'T_ref': 298.15, 'slope': 0.0008446879770143449}"
Ni-HER,333.0,0.5555102040816327,j0(T) Ni-HER,j0 = j0_ref * exp(-Ea/R * (1/T - 1/Tref)),0.05456516264703203,"{'j0_ref': 0.01, 'Ea': 40000.0, 'R': 8.314462618, 'T': 333.0, 'T_ref': 298.0}"
Ni-HER,333.0,0.5555102040816327,η_act Tafel Ni-HER,η = (RT/(α·nF))·ln(j/j0),0.06658816937075004,"{'R': 8.314462618, 'T': 333.0, 'alpha': 0.5, 'n': 2, 'F': 96485.33212, 'j': 0.5555102040816327, 'j0': 0.05456516264703203, 'prefactor': 0.028695719763398995}"
Ni-HER,333.0,0.5555102040816327,R capa membrana,R = delta / kappa(T),0.026542967213653592,"{'delta': 0.005, 'kappa_ref': 0.1, 'Ea_kappa': 15000, 'T': 333.0, 'T_ref': 298.15, 'kappa(T)': 0.1883738151711999}"
Ni-HER,333.0,0.5555102040816327,R capa electrolito,R = delta / kappa(T),0.01205073589975269,"{'delta': 0.01, 'kappa_ref': 0.5, 'Ea_kappa': 12000, 'T': 333.0, 'T_ref': 298.15, 'kappa(T)': 0.8298248408385768}"
Ni-HER,333.0,0.5555102040816327,Perdida ohmica total,η_ohm = j · R_total,0.03254939997442692,"{'j': 0.5555102040816327, 'R_total': 0.05859370311340628}"
Ni-HER,333.0,0.5555102040816327,j_lim (Arrhenius),j_lim = j_lim_ref * exp(-Ea/R * (1/T - 1/Tref)),6.638598726708614,"{'j_lim_ref': 4.0, 'Ea': 12000.0, 'R': 8.314462618, 'T': 333.0, 'T_ref': 298.15}"
Ni-HER,333.0,0.5555102040816327,η_conc,η = -(RT/(nF))·ln(1 - j/j_lim),0.0012538359214465447,"{'R': 8.314462618, 'T': 333.0, 'n': 2, 'F': 96485.33212, 'j': 0.5555102040816327, 'j_lim': 6.638598726708614, 'prefactor': 0.014347859881699497}"
Ni-HER,333.0,0.5555102040816327,V_cell,V = V_rev + η_act + η_ohm + η_conc,1.3598287812655732,"{'V_rev': 1.25943737599895, 'eta_act': 0.06658816937075004, 'eta_ohm': 0.03254939997442692, 'eta_conc': 0.0012538359214465447}"
Ni-HER,333.0,0.5757142857142857,Potencial reversible (aprox. lineal),V_rev = V_ref + (ΔS/(nF))·(T - T_ref),1.25943737599895,"{'V_ref': 1.23, 'ΔS_ref': 163.0, 'n': 2, 'F': 96485.33212, 'T': 333.0, 'T_ref': 298.15, 'slope': 0.0008446879770143449}"
Ni-HER,333.0,0.5757142857142857,j0(T) Ni-HER,j0 = j0_ref * exp(-Ea/R * (1/T - 1/Tref)),0.05456516264703203,"{'j0_ref': 0.01, 'Ea': 40000.0, 'R': 8.314462618, 'T': 333.0, 'T_ref': 298.0}"
Ni-HER,333.0,0.5757142857142857,η_act Tafel Ni-HER,η = (RT/(α·nF))·ln(j/j0),0.06761331040890844,"{'R': 8.314462618, 'T': 333.0, 'alpha': 0.5, 'n': 2, 'F': 96485.33212, 'j': 0.5757142857142857, 'j0': 0.05456516264703203, 'prefactor': 0.028695719763398995}"
Ni-HER,333.0,0.5757142857142857,R capa membrana,R = delta / kappa(T),0.026542967213653592,"{'delta': 0.005, 'kappa_ref': 0.1, 'Ea_kappa': 15000, 'T': 333.0, 'T_ref': 298.15, 'kappa(T)': 0.1883738151711999}"
Ni-HER,333.0,0.5757142857142857,R capa electrolito,R = delta / kappa(T),0.01205073589975269,"{'delta': 0.01, 'kappa_ref': 0.5, 'Ea_kappa': 12000, 'T': 333.0, 'T_ref': 298.15, 'kappa(T)': 0.8298248408385768}"
Ni-HER,333.0,0.5757142857142857,Perdida ohmica total,η_ohm = j · R_total,0.03373323193528962,"{'j': 0.5757142857142857, 'R_total': 0.05859370311340628}"
Ni-HER,333.0,0.5757142857142857,j_lim (Arrhenius),j_lim = j_lim_ref * exp(-Ea/R * (1/T - 1/Tref)),6.638598726708614,"{'j_lim_ref': 4.0, 'Ea': 12000.0, 'R': 8.314462618, 'T': 333.0, 'T_ref': 298.15}"
Ni-HER,333.0,0.5757142857142857,η_conc,η = -(RT/(nF))·ln(1 - j/j_lim),0.001301569536620242,"{'R': 8.314462618, 'T': 333.0, 'n': 2, 'F': 96485.33212, 'j': 0.5757142857142857, 'j_lim': 6.638598726708614, 'prefactor': 0.014347859881699497}"
Ni-HER,333.0,0.5757142857142857,V_cell,V = V_rev + η_act + η_ohm + η_conc,1.3620854878797684,"{'V_rev': 1.25943737599895, 'eta_act': 0.06761331040890844, 'eta_ohm': 0.03373323193528962, 'eta_conc': 0.001301569536620242}"
Ni-HER,333.0,0.5959183673469388,Potencial reversible (aprox. lineal),V_rev = V_ref + (ΔS/(nF))·(T - T_ref),1.25943737599895,"{'V_ref': 1.23, 'ΔS_ref': 163.0, 'n': 2, 'F': 96485.33212, 'T': 333.0, 'T_ref': 298.15, 'slope': 0.0008446879770143449}"
Ni-HER,333.0,0.5959183673469388,j0(T) Ni-HER,j0 = j0_ref * exp(-Ea/R * (1/T - 1/Tref)),0.05456516264703203,"{'j0_ref': 0.01, 'Ea': 40000.0, 'R': 8.314462618, 'T': 333.0, 'T_ref': 298.0}"
Ni-HER,333.0,0.5959183673469388,η_act Tafel Ni-HER,η = (RT/(α·nF))·ln(j/j0),0.06860308846247043,"{'R': 8.314462618, 'T': 333.0, 'alpha': 0.5, 'n': 2, 'F': 96485.33212, 'j': 0.5959183673469388, 'j0': 0.05456516264703203, 'prefactor': 0.028695719763398995}"
Ni-HER,333.0,0.5959183673469388,R capa membrana,R = delta / kappa(T),0.026542967213653592,"{'delta': 0.005, 'kappa_ref': 0.1, 'Ea_kappa': 15000, 'T': 333.0, 'T_ref': 298.15, 'kappa(T)': 0.1883738151711999}"
Ni-HER,333.0,0.5959183673469388,R capa electrolito,R = delta / kappa(T),0.01205073589975269,"{'delta': 0.01, 'kappa_ref': 0.5, 'Ea_kappa': 12000, 'T': 333.0, 'T_ref': 298.15, 'kappa(T)': 0.8298248408385768}"
Ni-HER,333.0,0.5959183673469388,Perdida ohmica total,η_ohm = j · R_total,0.03491706389615232,"{'j': 0.5959183673469388, 'R_total': 0.05859370311340628}"
Ni-HER,333.0,0.5959183673469388,j_lim (Arrhenius),j_lim = j_lim_ref * exp(-Ea/R * (1/T - 1/Tref)),6.638598726708614,"{'j_lim_ref': 4.0, 'Ea': 12000.0, 'R': 8.314462618, 'T': 333.0, 'T_ref': 298.15}"
Ni-HER,333.0,0.5959183673469388,η_conc,η = -(RT/(nF))·ln(1 - j/j_lim),0.001349462486060693,"{'R': 8.314462618, 'T': 333.0, 'n': 2, 'F': 96485.33212, 'j': 0.5959183673469388, 'j_lim': 6.638598726708614, 'prefactor': 0.014347859881699497}"
Ni-HER,333.0,0.5959183673469388,V_cell,V = V_rev + η_act + η_ohm + η_conc,1.3643069908436332,"{'V_rev': 1.25943737599895, 'eta_act': 0.06860308846247043, 'eta_ohm': 0.03491706389615232, 'eta_conc': 0.001349462486060693}"
Ni-HER,333.0,0.6161224489795918,Potencial reversible (aprox. lineal),V_rev = V_ref + (ΔS/(nF))·(T - T_ref),1.25943737599895,"{'V_ref': 1.23, 'ΔS_ref': 163.0, 'n': 2, 'F': 96485.33212, 'T': 333.0, 'T_ref': 298.15, 'slope': 0.0008446879770143449}"
Ni-HER,333.0,0.6161224489795918,j0(T) Ni-HER,j0 = j0_ref * exp(-Ea/R * (1/T - 1/Tref)),0.05456516264703203,"{'j0_ref': 0.01, 'Ea': 40000.0, 'R': 8.314462618, 'T': 333.0, 'T_ref': 298.0}"
Ni-HER,333.0,0.6161224489795918,η_act Tafel Ni-HER,η = (RT/(α·nF))·ln(j/j0),0.06955986213923171,"{'R': 8.314462618, 'T': 333.0, 'alpha': 0.5, 'n': 2, 'F': 96485.33212, 'j': 0.6161224489795918, 'j0': 0.05456516264703203, 'prefactor': 0.028695719763398995}"
Ni-HER,333.0,0.6161224489795918,R capa membrana,R = delta / kappa(T),0.026542967213653592,"{'delta': 0.005, 'kappa_ref': 0.1, 'Ea_kappa': 15000, 'T': 333.0, 'T_ref': 298.15, 'kappa(T)': 0.1883738151711999}"
Ni-HER,333.0,0.6161224489795918,R capa electrolito,R = delta / kappa(T),0.01205073589975269,"{'delta': 0.01, 'kappa_ref': 0.5, 'Ea_kappa': 12000, 'T': 333.0, 'T_ref': 298.15, 'kappa(T)': 0.8298248408385768}"
Ni-HER,333.0,0.6161224489795918,Perdida ohmica total,η_ohm = j · R_total,0.03610089585701501,"{'j': 0.6161224489795918, 'R_total': 0.05859370311340628}"
Ni-HER,333.0,0.6161224489795918,j_lim (Arrhenius),j_lim = j_lim_ref * exp(-Ea/R * (1/T - 1/Tref)),6.638598726708614,"{'j_lim_ref': 4.0, 'Ea': 12000.0, 'R': 8.314462618, 'T': 333.0, 'T_ref': 298.15}"
Ni-HER,333.0,0.6161224489795918,η_conc,η = -(RT/(nF))·ln(1 - j/j_lim),0.0013975158370433994,"{'R': 8.314462618, 'T': 333.0, 'n': 2, 'F': 96485.33212, 'j': 0.6161224489795918, 'j_lim': 6.638598726708614, 'prefactor': 0.014347859881699497}"
Ni-HER,333.0,0.6161224489795918,V_cell,V = V_rev + η_act + η_ohm + η_conc,1.36649564983224,"{'V_rev': 1.25943737599895, 'eta_act': 0.06955986213923171, 'eta_ohm': 0.03610089585701501, 'eta_conc': 0.0013975158370433994}"
Ni-HER,333.0,0.636326530612245,Potencial reversible (aprox. lineal),V_rev = V_ref + (ΔS/(nF))·(T - T_ref),1.25943737599895,"{'V_ref': 1.23, 'ΔS_ref': 163.0, 'n': 2, 'F': 96485.33212, 'T': 333.0, 'T_ref': 298.15, 'slope': 0.0008446879770143449}"
Ni-HER,333.0,0.636326530612245,j0(T) Ni-HER,j0 = j0_ref * exp(-Ea/R * (1/T - 1/Tref)),0.05456516264703203,"{'j0_ref': 0.01, 'Ea': 40000.0, 'R': 8.314462618, 'T': 333.0, 'T_ref': 298.0}"
Ni-HER,333.0,0.636326530612245,η_act Tafel Ni-HER,η = (RT/(α·nF))·ln(j/j0),0.07048576167404665,"{'R': 8.314462618, 'T': 333.0, 'alpha': 0.5, 'n': 2, 'F': 96485.33212, 'j': 0.636326530612245, 'j0': 0.05456516264703203, 'prefactor': 0.028695719763398995}"
Ni-HER,333.0,0.636326530612245,R capa membrana,R = delta / kappa(T),0.026542967213653592,"{'delta': 0.005, 'kappa_ref': 0.1, 'Ea_kappa': 15000, 'T': 333.0, 'T_ref': 298.15, 'kappa(T)': 0.1883738151711999}"
Ni-HER,333.0,0.636326530612245,R capa electrolito,R = delta / kappa(T),0.01205073589975269,"{'delta': 0.01, 'kappa_ref': 0.5, 'Ea_kappa': 12000, 'T': 333.0, 'T_ref': 298.15, 'kappa(T)': 0.8298248408385768}"
Ni-HER,333.0,0.636326530612245,Perdida ohmica total,η_ohm = j · R_total,0.037284727817877714,"{'j': 0.636326530612245, 'R_total': 0.05859370311340628}"
Ni-HER,333.0,0.636326530612245,j_lim (Arrhenius),j_lim = j_lim_ref * exp(-Ea/R * (1/T - 1/Tref)),6.638598726708614,"{'j_lim_ref': 4.0, 'Ea': 12000.0, 'R': 8.314462618, 'T': 333.0, 'T_ref': 298.15}"
Ni-HER,333.0,0.636326530612245,η_conc,η = -(RT/(nF))·ln(1 - j/j_lim),0.0014457306676033783,"{'R': 8.314462618, 'T': 333.0, 'n': 2, 'F': 96485.33212, 'j': 0.636326530612245, 'j_lim': 6.638598726708614, 'prefactor': 0.014347859881699497}"
Ni-HER,333.0,0.636326530612245,V_cell,V = V_rev + η_act + η_ohm + η_conc,1.3686535961584776,"{'V_rev': 1.25943737599895, 'eta_act': 0.07048576167404665, 'eta_ohm': 0.037284727817877714, 'eta_conc': 0.0014457306676033783}"
Ni-HER,333.0,0.656530612244898,Potencial reversible (aprox. lineal),V_rev = V_ref + (ΔS/(nF))·(T - T_ref),1.25943737599895,"{'V_ref': 1.23, 'ΔS_ref': 163.0, 'n': 2, 'F': 96485.33212, 'T': 333.0, 'T_ref': 298.15, 'slope': 0.0008446879770143449}"
Ni-HER,333.0,0.656530612244898,j0(T) Ni-HER,j0 = j0_ref * exp(-Ea/R * (1/T - 1/Tref)),0.05456516264703203,"{'j0_ref': 0.01, 'Ea': 40000.0, 'R': 8.314462618, 'T': 333.0, 'T_ref': 298.0}"
Ni-HER,333.0,0.656530612244898,η_act Tafel Ni-HER,η = (RT/(α·nF))·ln(j/j0),0.07138271749237832,"{'R': 8.314462618, 'T': 333.0, 'alpha': 0.5, 'n': 2, 'F': 96485.33212, 'j': 0.656530612244898, 'j0': 0.05456516264703203, 'prefactor': 0.028695719763398995}"
Ni-HER,333.0,0.656530612244898,R capa membrana,R = delta / kappa(T),0.026542967213653592,"{'delta': 0.005, 'kappa_ref': 0.1, 'Ea_kappa': 15000, 'T': 333.0, 'T_ref': 298.15, 'kappa(T)': 0.1883738151711999}"
Ni-HER,333.0,0.656530612244898,R capa electrolito,R = delta / kappa(T),0.01205073589975269,"{'delta': 0.01, 'kappa_ref': 0.5, 'Ea_kappa': 12000, 'T': 333.0, 'T_ref': 298.15, 'kappa(T)': 0.8298248408385768}"
Ni-HER,333.0,0.656530612244898,Perdida ohmica total,η_ohm = j · R_total,0.03846855977874041,"{'j': 0.656530612244898, 'R_total': 0.05859370311340628}"
Ni-HER,333.0,0.656530612244898,j_lim (Arrhenius),j_lim = j_lim_ref * exp(-Ea/R * (1/T - 1/Tref)),6.638598726708614,"{'j_lim_ref': 4.0, 'Ea': 12000.0, 'R': 8.314462618, 'T': 333.0, 'T_ref': 298.15}"
Ni-HER,333.0,0.656530612244898,η_conc,η = -(RT/(nF))·ln(1 - j/j_lim),0.0014941080666802668,"{'R': 8.314462618, 'T': 333.0, 'n': 2, 'F': 96485.33212, 'j': 0.656530612244898, 'j_lim': 6.638598726708614, 'prefactor': 0.014347859881699497}"
Ni-HER,333.0,0.656530612244898,V_cell,V = V_rev + η_act + η_ohm + η_conc,1.370782761336749,"{'V_rev': 1.25943737599895, 'eta_act': 0.07138271749237832, 'eta_ohm': 0.03846855977874041, 'eta_conc': 0.0014941080666802668}"
Ni-HER,333.0,0.676734693877551,Potencial reversible (aprox. lineal),V_rev = V_ref + (ΔS/(nF))·(T - T_ref),1.25943737599895,"{'V_ref': 1.23, 'ΔS_ref': 163.0, 'n': 2, 'F': 96485.33212, 'T': 333.0, 'T_ref': 298.15, 'slope': 0.0008446879770143449}"
Ni-HER,333.0,0.676734693877551,j0(T) Ni-HER,j0 = j0_ref * exp(-Ea/R * (1/T - 1/Tref)),0.05456516264703203,"{'j0_ref': 0.01, 'Ea': 40000.0, 'R': 8.314462618, 'T': 333.0, 'T_ref': 298.0}"
Ni-HER,333.0,0.676734693877551,η_act Tafel Ni-HER,η = (RT/(α·nF))·ln(j/j0),0.07225248444321772,"{'R': 8.314462618, 'T': 333.0, 'alpha': 0.5, 'n': 2, 'F': 96485.33212, 'j': 0.676734693877551, 'j0': 0.05456516264703203, 'prefactor': 0.028695719763398995}"
Ni-HER,333.0,0.676734693877551,R capa membrana,R = delta / kappa(T),0.026542967213653592,"{'delta': 0.005, 'kappa_ref': 0.1, 'Ea_kappa': 15000, 'T': 333.0, 'T_ref': 298.15, 'kappa(T)': 0.1883738151711999}"
Ni-HER,333.0,0.676734693877551,R capa electrolito,R = delta / kappa(T),0.01205073589975269,"{'delta': 0.01, 'kappa_ref': 0.5, 'Ea_kappa': 12000, 'T': 333.0, 'T_ref': 298.15, 'kappa(T)': 0.8298248408385768}"
Ni-HER,333.0,0.676734693877551,Perdida ohmica total,η_ohm = j · R_total,0.03965239173960311,"{'j': 0.676734693877551, 'R_total': 0.05859370311340628}"
Ni-HER,333.0,0.676734693877551,j_lim (Arrhenius),j_lim = j_lim_ref * exp(-Ea/R * (1/T - 1/Tref)),6.638598726708614,"{'j_lim_ref': 4.0, 'Ea': 12000.0, 'R': 8.314462618, 'T': 333.0, 'T_ref': 298.15}"
Ni-HER,333.0,0.676734693877551,η_conc,η = -(RT/(nF))·ln(1 - j/j_lim),0.0015426491342658984,"{'R': 8.314462618, 'T': 333.0, 'n': 2, 'F': 96485.33212, 'j': 0.676734693877551, 'j_lim': 6.638598726708614, 'prefactor': 0.014347859881699497}"
Ni-HER,333.0,0.676734693877551,V_cell,V = V_rev + η_act + η_ohm + η_conc,1.3728849013160367,"{'V_rev': 1.25943737599895, 'eta_act': 0.07225248444321772, 'eta_ohm': 0.03965239173960311, 'eta_conc': 0.0015426491342658984}"
Ni-HER,333.0,0.696938775510204,Potencial reversible (aprox. lineal),V_rev = V_ref + (ΔS/(nF))·(T - T_ref),1.25943737599895,"{'V_ref': 1.23, 'ΔS_ref': 163.0, 'n': 2, 'F': 96485.33212, 'T': 333.0, 'T_ref': 298.15, 'slope': 0.0008446879770143449}"
Ni-HER,333.0,0.696938775510204,j0(T) Ni-HER,j0 = j0_ref * exp(-Ea/R * (1/T - 1/Tref)),0.05456516264703203,"{'j0_ref': 0.01, 'Ea': 40000.0, 'R': 8.314462618, 'T': 333.0, 'T_ref': 298.0}"
Ni-HER,333.0,0.696938775510204,η_act Tafel Ni-HER,η = (RT/(α·nF))·ln(j/j0),0.07309666246613926,"{'R': 8.314462618, 'T': 333.0, 'alpha': 0.5, 'n': 2, 'F': 96485.33212, 'j': 0.696938775510204, 'j0': 0.05456516264703203, 'prefactor': 0.028695719763398995}"
Ni-HER,333.0,0.696938775510204,R capa membrana,R = delta / kappa(T),0.026542967213653592,"{'delta': 0.005, 'kappa_ref': 0.1, 'Ea_kappa': 15000, 'T': 333.0, 'T_ref': 298.15, 'kappa(T)': 0.1883738151711999}"
Ni-HER,333.0,0.696938775510204,R capa electrolito,R = delta / kappa(T),0.01205073589975269,"{'delta': 0.01, 'kappa_ref': 0.5, 'Ea_kappa': 12000, 'T': 333.0, 'T_ref': 298.15, 'kappa(T)': 0.8298248408385768}"
Ni-HER,333.0,0.696938775510204,Perdida ohmica total,η_ohm = j · R_total,0.0408362237004658,"{'j': 0.696938775510204, 'R_total': 0.05859370311340628}"
Ni-HER,333.0,0.696938775510204,j_lim (Arrhenius),j_lim = j_lim_ref * exp(-Ea/R * (1/T - 1/Tref)),6.638598726708614,"{'j_lim_ref': 4.0, 'Ea': 12000.0, 'R': 8.314462618, 'T': 333.0, 'T_ref': 298.15}"
Ni-HER,333.0,0.696938775510204,η_conc,η = -(RT/(nF))·ln(1 - j/j_lim),0.0015913549815543709,"{'R': 8.314462618, 'T': 333.0, 'n': 2, 'F': 96485.33212, 'j': 0.696938775510204, 'j_lim': 6.638598726708614, 'prefactor': 0.014347859881699497}"
Ni-HER,333.0,0.696938775510204,V_cell,V = V_rev + η_act + η_ohm + η_conc,1.3749616171471093,"{'V_rev': 1.25943737599895, 'eta_act': 0.07309666246613926, 'eta_ohm': 0.0408362237004658, 'eta_conc': 0.0015913549815543709}"
Ni-HER,333.0,0.7171428571428571,Potencial reversible (aprox. lineal),V_rev = V_ref + (ΔS/(nF))·(T - T_ref),1.25943737599895,"{'V_ref': 1.23, 'ΔS_ref': 163.0, 'n': 2, 'F': 96485.33212, 'T': 333.0, 'T_ref': 298.15, 'slope': 0.0008446879770143449}"
Ni-HER,333.0,0.7171428571428571,j0(T) Ni-HER,j0 = j0_ref * exp(-Ea/R * (1/T - 1/Tref)),0.05456516264703203,"{'j0_ref': 0.01, 'Ea': 40000.0, 'R': 8.314462618, 'T': 333.0, 'T_ref': 298.0}"
Ni-HER,333.0,0.7171428571428571,η_act Tafel Ni-HER,η = (RT/(α·nF))·ln(j/j0),0.07391671430419149,"{'R': 8.314462618, 'T': 333.0, 'alpha': 0.5, 'n': 2, 'F': 96485.33212, 'j': 0.7171428571428571, 'j0': 0.05456516264703203, 'prefactor': 0.028695719763398995}"
Ni-HER,333.0,0.7171428571428571,R capa membrana,R = delta / kappa(T),0.026542967213653592,"{'delta': 0.005, 'kappa_ref': 0.1, 'Ea_kappa': 15000, 'T': 333.0, 'T_ref': 298.15, 'kappa(T)': 0.1883738151711999}"
Ni-HER,333.0,0.7171428571428571,R capa electrolito,R = delta / kappa(T),0.01205073589975269,"{'delta': 0.01, 'kappa_ref': 0.5, 'Ea_kappa': 12000, 'T': 333.0, 'T_ref': 298.15, 'kappa(T)': 0.8298248408385768}"
Ni-HER,333.0,0.7171428571428571,Perdida ohmica total,η_ohm = j · R_total,0.0420200556613285,"{'j': 0.7171428571428571, 'R_total': 0.05859370311340628}"
Ni-HER,333.0,0.7171428571428571,j_lim (Arrhenius),j_lim = j_lim_ref * exp(-Ea/R * (1/T - 1/Tref)),6.638598726708614,"{'j_lim_ref': 4.0, 'Ea': 12000.0, 'R': 8.314462618, 'T': 333.0, 'T_ref': 298.15}"
Ni-HER,333.0,0.7171428571428571,η_conc,η = -(RT/(nF))·ln(1 - j/j_lim),0.001640226731094685,"{'R': 8.314462618, 'T': 333.0, 'n': 2, 'F': 96485.33212, 'j': 0.7171428571428571, 'j_lim': 6.638598726708614, 'prefactor': 0.014347859881699497}"
Ni-HER,333.0,0.7171428571428571,V_cell,V = V_rev + η_act + η_ohm + η_conc,1.3770143726955646,"{'V_rev': 1.25943737599895, 'eta_act': 0.07391671430419149, 'eta_ohm': 0.0420200556613285, 'eta_conc': 0.001640226731094685}"
Ni-HER,333.0,0.7373469387755103,Potencial reversible (aprox. lineal),V_rev = V_ref + (ΔS/(nF))·(T - T_ref),1.25943737599895,"{'V_ref': 1.23, 'ΔS_ref': 163.0, 'n': 2, 'F': 96485.33212, 'T': 333.0, 'T_ref': 298.15, 'slope': 0.0008446879770143449}"
Ni-HER,333.0,0.7373469387755103,j0(T) Ni-HER,j0 = j0_ref * exp(-Ea/R * (1/T - 1/Tref)),0.05456516264703203,"{'j0_ref': 0.01, 'Ea': 40000.0, 'R': 8.314462618, 'T': 333.0, 'T_ref': 298.0}"
Ni-HER,333.0,0.7373469387755103,η_act Tafel Ni-HER,η = (RT/(α·nF))·ln(j/j0),0.07471398075529599,"{'R': 8.314462618, 'T': 333.0, 'alpha': 0.5, 'n': 2, 'F': 96485.33212, 'j': 0.7373469387755103, 'j0': 0.05456516264703203, 'prefactor': 0.028695719763398995}"
Ni-HER,333.0,0.7373469387755103,R capa membrana,R = delta / kappa(T),0.026542967213653592,"{'delta': 0.005, 'kappa_ref': 0.1, 'Ea_kappa': 15000, 'T': 333.0, 'T_ref': 298.15, 'kappa(T)': 0.1883738151711999}"
Ni-HER,333.0,0.7373469387755103,R capa electrolito,R = delta / kappa(T),0.01205073589975269,"{'delta': 0.01, 'kappa_ref': 0.5, 'Ea_kappa': 12000, 'T': 333.0, 'T_ref': 298.15, 'kappa(T)': 0.8298248408385768}"
Ni-HER,333.0,0.7373469387755103,Perdida ohmica total,η_ohm = j · R_total,0.043203887622191205,"{'j': 0.7373469387755103, 'R_total': 0.05859370311340628}"
Ni-HER,333.0,0.7373469387755103,j_lim (Arrhenius),j_lim = j_lim_ref * exp(-Ea/R * (1/T - 1/Tref)),6.638598726708614,"{'j_lim_ref': 4.0, 'Ea': 12000.0, 'R': 8.314462618, 'T': 333.0, 'T_ref': 298.15}"
Ni-HER,333.0,0.7373469387755103,η_conc,η = -(RT/(nF))·ln(1 - j/j_lim),0.001689265516945971,"{'R': 8.314462618, 'T': 333.0, 'n': 2, 'F': 96485.33212, 'j': 0.7373469387755103, 'j_lim': 6.638598726708614, 'prefactor': 0.014347859881699497}"
Ni-HER,333.0,0.7373469387755103,V_cell,V = V_rev + η_act + η_ohm + η_conc,1.379044509893383,"{'V_rev': 1.25943737599895, 'eta_act': 0.07471398075529599, 'eta_ohm': 0.043203887622191205, 'eta_conc': 0.001689265516945971}"
Ni-HER,333.0,0.7575510204081634,Potencial reversible (aprox. lineal),V_rev = V_ref + (ΔS/(nF))·(T - T_ref),1.25943737599895,"{'V_ref': 1.23, 'ΔS_ref': 163.0, 'n': 2, 'F': 96485.33212, 'T': 333.0, 'T_ref': 298.15, 'slope': 0.0008446879770143449}"
Ni-HER,333.0,0.7575510204081634,j0(T) Ni-HER,j0 = j0_ref * exp(-Ea/R * (1/T - 1/Tref)),0.05456516264703203,"{'j0_ref': 0.01, 'Ea': 40000.0, 'R': 8.314462618, 'T': 333.0, 'T_ref': 298.0}"
Ni-HER,333.0,0.7575510204081634,η_act Tafel Ni-HER,η = (RT/(α·nF))·ln(j/j0),0.07548969386155505,"{'R': 8.314462618, 'T': 333.0, 'alpha': 0.5, 'n': 2, 'F': 96485.33212, 'j': 0.7575510204081634, 'j0': 0.05456516264703203, 'prefactor': 0.028695719763398995}"
Ni-HER,333.0,0.7575510204081634,R capa membrana,R = delta / kappa(T),0.026542967213653592,"{'delta': 0.005, 'kappa_ref': 0.1, 'Ea_kappa': 15000, 'T': 333.0, 'T_ref': 298.15, 'kappa(T)': 0.1883738151711999}"
Ni-HER,333.0,0.7575510204081634,R capa electrolito,R = delta / kappa(T),0.01205073589975269,"{'delta': 0.01, 'kappa_ref': 0.5, 'Ea_kappa': 12000, 'T': 333.0, 'T_ref': 298.15, 'kappa(T)': 0.8298248408385768}"
Ni-HER,333.0,0.7575510204081634,Perdida ohmica total,η_ohm = j · R_total,0.04438771958305391,"{'j': 0.7575510204081634, 'R_total': 0.05859370311340628}"
Ni-HER,333.0,0.7575510204081634,j_lim (Arrhenius),j_lim = j_lim_ref * exp(-Ea/R * (1/T - 1/Tref)),6.638598726708614,"{'j_lim_ref': 4.0, 'Ea': 12000.0, 'R': 8.314462618, 'T': 333.0, 'T_ref': 298.15}"
Ni-HER,333.0,0.7575510204081634,η_conc,η = -(RT/(nF))·ln(1 - j/j_lim),0.001738472484835394,"{'R': 8.314462618, 'T': 333.0, 'n': 2, 'F': 96485.33212, 'j': 0.7575510204081634, 'j_lim': 6.638598726708614, 'prefactor': 0.014347859881699497}"
Ni-HER,333.0,0.7575510204081634,V_cell,V = V_rev + η_act + η_ohm + η_conc,1.3810532619283944,"{'V_rev': 1.25943737599895, 'eta_act': 0.07548969386155505, 'eta_ohm': 0.04438771958305391, 'eta_conc': 0.001738472484835394}"
Ni-HER,333.0,0.7777551020408163,Potencial reversible (aprox. lineal),V_rev = V_ref + (ΔS/(nF))·(T - T_ref),1.25943737599895,"{'V_ref': 1.23, 'ΔS_ref': 163.0, 'n': 2, 'F': 96485.33212, 'T': 333.0, 'T_ref': 298.15, 'slope': 0.0008446879770143449}"
Ni-HER,333.0,0.7777551020408163,j0(T) Ni-HER,j0 = j0_ref * exp(-Ea/R * (1/T - 1/Tref)),0.05456516264703203,"{'j0_ref': 0.01, 'Ea': 40000.0, 'R': 8.314462618, 'T': 333.0, 'T_ref': 298.0}"
Ni-HER,333.0,0.7777551020408163,η_act Tafel Ni-HER,η = (RT/(α·nF))·ln(j/j0),0.07624498836224865,"{'R': 8.314462618, 'T': 333.0, 'alpha': 0.5, 'n': 2, 'F': 96485.33212, 'j': 0.7777551020408163, 'j0': 0.05456516264703203, 'prefactor': 0.028695719763398995}"
Ni-HER,333.0,0.7777551020408163,R capa membrana,R = delta / kappa(T),0.026542967213653592,"{'delta': 0.005, 'kappa_ref': 0.1, 'Ea_kappa': 15000, 'T': 333.0, 'T_ref': 298.15, 'kappa(T)': 0.1883738151711999}"
Ni-HER,333.0,0.7777551020408163,R capa electrolito,R = delta / kappa(T),0.01205073589975269,"{'delta': 0.01, 'kappa_ref': 0.5, 'Ea_kappa': 12000, 'T': 333.0, 'T_ref': 298.15, 'kappa(T)': 0.8298248408385768}"
Ni-HER,333.0,0.7777551020408163,Perdida ohmica total,η_ohm = j · R_total,0.0455715515439166,"{'j': 0.7777551020408163, 'R_total': 0.05859370311340628}"
Ni-HER,333.0,0.7777551020408163,j_lim (Arrhenius),j_lim = j_lim_ref * exp(-Ea/R * (1/T - 1/Tref)),6.638598726708614,"{'j_lim_ref': 4.0, 'Ea': 12000.0, 'R': 8.314462618, 'T': 333.0, 'T_ref': 298.15}"
Ni-HER,333.0,0.7777551020408163,η_conc,η = -(RT/(nF))·ln(1 - j/j_lim),0.001787848792318772,"{'R': 8.314462618, 'T': 333.0, 'n': 2, 'F': 96485.33212, 'j': 0.7777551020408163, 'j_lim': 6.638598726708614, 'prefactor': 0.014347859881699497}"
Ni-HER,333.0,0.7777551020408163,V_cell,V = V_rev + η_act + η_ohm + η_conc,1.383041764697434,"{'V_rev': 1.25943737599895, 'eta_act': 0.07624498836224865, 'eta_ohm': 0.0455715515439166, 'eta_conc': 0.001787848792318772}"
Ni-HER,333.0,0.7979591836734694,Potencial reversible (aprox. lineal),V_rev = V_ref + (ΔS/(nF))·(T - T_ref),1.25943737599895,"{'V_ref': 1.23, 'ΔS_ref': 163.0, 'n': 2, 'F': 96485.33212, 'T': 333.0, 'T_ref': 298.15, 'slope': 0.0008446879770143449}"
Ni-HER,333.0,0.7979591836734694,j0(T) Ni-HER,j0 = j0_ref * exp(-Ea/R * (1/T - 1/Tref)),0.05456516264703203,"{'j0_ref': 0.01, 'Ea': 40000.0, 'R': 8.314462618, 'T': 333.0, 'T_ref': 298.0}"
Ni-HER,333.0,0.7979591836734694,η_act Tafel Ni-HER,η = (RT/(α·nF))·ln(j/j0),0.07698091167779116,"{'R': 8.314462618, 'T': 333.0, 'alpha': 0.5, 'n': 2, 'F': 96485.33212, 'j': 0.7979591836734694, 'j0': 0.05456516264703203, 'prefactor': 0.028695719763398995}"
Ni-HER,333.0,0.7979591836734694,R capa membrana,R = delta / kappa(T),0.026542967213653592,"{'delta': 0.005, 'kappa_ref': 0.1, 'Ea_kappa': 15000, 'T': 333.0, 'T_ref': 298.15, 'kappa(T)': 0.1883738151711999}"
Ni-HER,333.0,0.7979591836734694,R capa electrolito,R = delta / kappa(T),0.01205073589975269,"{'delta': 0.01, 'kappa_ref': 0.5, 'Ea_kappa': 12000, 'T': 333.0, 'T_ref': 298.15, 'kappa(T)': 0.8298248408385768}"
Ni-HER,333.0,0.7979591836734694,Perdida ohmica total,η_ohm = j · R_total,0.0467553835047793,"{'j': 0.7979591836734694, 'R_total': 0.05859370311340628}"
Ni-HER,333.0,0.7979591836734694,j_lim (Arrhenius),j_lim = j_lim_ref * exp(-Ea/R * (1/T - 1/Tref)),6.638598726708614,"{'j_lim_ref': 4.0, 'Ea': 12000.0, 'R': 8.314462618, 'T': 333.0, 'T_ref': 298.15}"
Ni-HER,333.0,0.7979591836734694,η_conc,η = -(RT/(nF))·ln(1 - j/j_lim),0.0018373956089439618,"{'R': 8.314462618, 'T': 333.0, 'n': 2, 'F': 96485.33212, 'j': 0.7979591836734694, 'j_lim': 6.638598726708614, 'prefactor': 0.014347859881699497}"
Ni-HER,333.0,0.7979591836734694,V_cell,V = V_rev + η_act + η_ohm + η_conc,1.3850110667904643,"{'V_rev': 1.25943737599895, 'eta_act': 0.07698091167779116, 'eta_ohm': 0.0467553835047793, 'eta_conc': 0.0018373956089439618}"
Ni-HER,333.0,0.8181632653061225,Potencial reversible (aprox. lineal),V_rev = V_ref + (ΔS/(nF))·(T - T_ref),1.25943737599895,"{'V_ref': 1.23, 'ΔS_ref': 163.0, 'n': 2, 'F': 96485.33212, 'T': 333.0, 'T_ref': 298.15, 'slope': 0.0008446879770143449}"
Ni-HER,333.0,0.8181632653061225,j0(T) Ni-HER,j0 = j0_ref * exp(-Ea/R * (1/T - 1/Tref)),0.05456516264703203,"{'j0_ref': 0.01, 'Ea': 40000.0, 'R': 8.314462618, 'T': 333.0, 'T_ref': 298.0}"
Ni-HER,333.0,0.8181632653061225,η_act Tafel Ni-HER,η = (RT/(α·nF))·ln(j/j0),0.07769843264511855,"{'R': 8.314462618, 'T': 333.0, 'alpha': 0.5, 'n': 2, 'F': 96485.33212, 'j': 0.8181632653061225, 'j0': 0.05456516264703203, 'prefactor': 0.028695719763398995}"
Ni-HER,333.0,0.8181632653061225,R capa membrana,R = delta / kappa(T),0.026542967213653592,"{'delta': 0.005, 'kappa_ref': 0.1, 'Ea_kappa': 15000, 'T': 333.0, 'T_ref': 298.15, 'kappa(T)': 0.1883738151711999}"
Ni-HER,333.0,0.8181632653061225,R capa electrolito,R = delta / kappa(T),0.01205073589975269,"{'delta': 0.01, 'kappa_ref': 0.5, 'Ea_kappa': 12000, 'T': 333.0, 'T_ref': 298.15, 'kappa(T)': 0.8298248408385768}"
Ni-HER,333.0,0.8181632653061225,Perdida ohmica total,η_ohm = j · R_total,0.047939215465642,"{'j': 0.8181632653061225, 'R_total': 0.05859370311340628}"
Ni-HER,333.0,0.8181632653061225,j_lim (Arrhenius),j_lim = j_lim_ref * exp(-Ea/R * (1/T - 1/Tref)),6.638598726708614,"{'j_lim_ref': 4.0, 'Ea': 12000.0, 'R': 8.314462618, 'T': 333.0, 'T_ref': 298.15}"
Ni-HER,333.0,0.8181632653061225,η_conc,η = -(RT/(nF))·ln(1 - j/j_lim),0.0018871141164170868,"{'R': 8.314462618, 'T': 333.0, 'n': 2, 'F': 96485.33212, 'j': 0.8181632653061225, 'j_lim': 6.638598726708614, 'prefactor': 0.014347859881699497}"
Ni-HER,333.0,0.8181632653061225,V_cell,V = V_rev + η_act + η_ohm + η_conc,1.3869621382261277,"{'V_rev': 1.25943737599895, 'eta_act': 0.07769843264511855, 'eta_ohm': 0.047939215465642, 'eta_conc': 0.0018871141164170868}"
Ni-HER,333.0,0.8383673469387755,Potencial reversible (aprox. lineal),V_rev = V_ref + (ΔS/(nF))·(T - T_ref),1.25943737599895,"{'V_ref': 1.23, 'ΔS_ref': 163.0, 'n': 2, 'F': 96485.33212, 'T': 333.0, 'T_ref': 298.15, 'slope': 0.0008446879770143449}"
Ni-HER,333.0,0.8383673469387755,j0(T) Ni-HER,j0 = j0_ref * exp(-Ea/R * (1/T - 1/Tref)),0.05456516264703203,"{'j0_ref': 0.01, 'Ea': 40000.0, 'R': 8.314462618, 'T': 333.0, 'T_ref': 298.0}"
Ni-HER,333.0,0.8383673469387755,η_act Tafel Ni-HER,η = (RT/(α·nF))·ln(j/j0),0.07839844918731535,"{'R': 8.314462618, 'T': 333.0, 'alpha': 0.5, 'n': 2, 'F': 96485.33212, 'j': 0.8383673469387755, 'j0': 0.05456516264703203, 'prefactor': 0.028695719763398995}"
Ni-HER,333.0,0.8383673469387755,R capa membrana,R = delta / kappa(T),0.026542967213653592,"{'delta': 0.005, 'kappa_ref': 0.1, 'Ea_kappa': 15000, 'T': 333.0, 'T_ref': 298.15, 'kappa(T)': 0.1883738151711999}"
Ni-HER,333.0,0.8383673469387755,R capa electrolito,R = delta / kappa(T),0.01205073589975269,"{'delta': 0.01, 'kappa_ref': 0.5, 'Ea_kappa': 12000, 'T': 333.0, 'T_ref': 298.15, 'kappa(T)': 0.8298248408385768}"
Ni-HER,333.0,0.8383673469387755,Perdida ohmica total,η_ohm = j · R_total,0.04912304742650469,"{'j': 0.8383673469387755, 'R_total': 0.05859370311340628}"
Ni-HER,333.0,0.8383673469387755,j_lim (Arrhenius),j_lim = j_lim_ref * exp(-Ea/R * (1/T - 1/Tref)),6.638598726708614,"{'j_lim_ref': 4.0, 'Ea': 12000.0, 'R': 8.314462618, 'T': 333.0, 'T_ref': 298.15}"
Ni-HER,333.0,0.8383673469387755,η_conc,η = -(RT/(nF))·ln(1 - j/j_lim),0.0019370055087716393,"{'R': 8.314462618, 'T': 333.0, 'n': 2, 'F': 96485.33212, 'j': 0.8383673469387755, 'j_lim': 6.638598726708614, 'prefactor': 0.014347859881699497}"
Ni-HER,333.0,0.8383673469387755,V_cell,V = V_rev + η_act + η_ohm + η_conc,1.3888958781215417,"{'V_rev': 1.25943737599895, 'eta_act': 0.07839844918731535, 'eta_ohm': 0.04912304742650469, 'eta_conc': 0.0019370055087716393}"
Ni-HER,333.0,0.8585714285714285,Potencial reversible (aprox. lineal),V_rev = V_ref + (ΔS/(nF))·(T - T_ref),1.25943737599895,"{'V_ref': 1.23, 'ΔS_ref': 163.0, 'n': 2, 'F': 96485.33212, 'T': 333.0, 'T_ref': 298.15, 'slope': 0.0008446879770143449}"
Ni-HER,333.0,0.8585714285714285,j0(T) Ni-HER,j0 = j0_ref * exp(-Ea/R * (1/T - 1/Tref)),0.05456516264703203,"{'j0_ref': 0.01, 'Ea': 40000.0, 'R': 8.314462618, 'T': 333.0, 'T_ref': 298.0}"
Ni-HER,333.0,0.8585714285714285,η_act Tafel Ni-HER,η = (RT/(α·nF))·ln(j/j0),0.07908179506980484,"{'R': 8.314462618, 'T': 333.0, 'alpha': 0.5, 'n': 2, 'F': 96485.33212, 'j': 0.8585714285714285, 'j0': 0.05456516264703203, 'prefactor': 0.028695719763398995}"
Ni-HER,333.0,0.8585714285714285,R capa membrana,R = delta / kappa(T),0.026542967213653592,"{'delta': 0.005, 'kappa_ref': 0.1, 'Ea_kappa': 15000, 'T': 333.0, 'T_ref': 298.15, 'kappa(T)': 0.1883738151711999}"
Ni-HER,333.0,0.8585714285714285,R capa electrolito,R = delta / kappa(T),0.01205073589975269,"{'delta': 0.01, 'kappa_ref': 0.5, 'Ea_kappa': 12000, 'T': 333.0, 'T_ref': 298.15, 'kappa(T)': 0.8298248408385768}"
Ni-HER,333.0,0.8585714285714285,Perdida ohmica total,η_ohm = j · R_total,0.050306879387367394,"{'j': 0.8585714285714285, 'R_total': 0.05859370311340628}"
Ni-HER,333.0,0.8585714285714285,j_lim (Arrhenius),j_lim = j_lim_ref * exp(-Ea/R * (1/T - 1/Tref)),6.638598726708614,"{'j_lim_ref': 4.0, 'Ea': 12000.0, 'R': 8.314462618, 'T': 333.0, 'T_ref': 298.15}"
Ni-HER,333.0,0.8585714285714285,η_conc,η = -(RT/(nF))·ln(1 - j/j_lim),0.001987070992540546,"{'R': 8.314462618, 'T': 333.0, 'n': 2, 'F': 96485.33212, 'j': 0.8585714285714285, 'j_lim': 6.638598726708614, 'prefactor': 0.014347859881699497}"
Ni-HER,333.0,0.8585714285714285,V_cell,V = V_rev + η_act + η_ohm + η_conc,1.3908131214486625,"{'V_rev': 1.25943737599895, 'eta_act': 0.07908179506980484, 'eta_ohm': 0.050306879387367394, 'eta_conc': 0.001987070992540546}"
Ni-HER,333.0,0.8787755102040816,Potencial reversible (aprox. lineal),V_rev = V_ref + (ΔS/(nF))·(T - T_ref),1.25943737599895,"{'V_ref': 1.23, 'ΔS_ref': 163.0, 'n': 2, 'F': 96485.33212, 'T': 333.0, 'T_ref': 298.15, 'slope': 0.0008446879770143449}"
Ni-HER,333.0,0.8787755102040816,j0(T) Ni-HER,j0 = j0_ref * exp(-Ea/R * (1/T - 1/Tref)),0.05456516264703203,"{'j0_ref': 0.01, 'Ea': 40000.0, 'R': 8.314462618, 'T': 333.0, 'T_ref': 298.0}"
Ni-HER,333.0,0.8787755102040816,η_act Tafel Ni-HER,η = (RT/(α·nF))·ln(j/j0),0.07974924587061755,"{'R': 8.314462618, 'T': 333.0, 'alpha': 0.5, 'n': 2, 'F': 96485.33212, 'j': 0.8787755102040816, 'j0': 0.05456516264703203, 'prefactor': 0.028695719763398995}"
Ni-HER,333.0,0.8787755102040816,R capa membrana,R = delta / kappa(T),0.026542967213653592,"{'delta': 0.005, 'kappa_ref': 0.1, 'Ea_kappa': 15000, 'T': 333.0, 'T_ref': 298.15, 'kappa(T)': 0.1883738151711999}"
Ni-HER,333.0,0.8787755102040816,R capa electrolito,R = delta / kappa(T),0.01205073589975269,"{'delta': 0.01, 'kappa_ref': 0.5, 'Ea_kappa': 12000, 'T': 333.0, 'T_ref': 298.15, 'kappa(T)': 0.8298248408385768}"
Ni-HER,333.0,0.8787755102040816,Perdida ohmica total,η_ohm = j · R_total,0.05149071134823009,"{'j': 0.8787755102040816, 'R_total': 0.05859370311340628}"
Ni-HER,333.0,0.8787755102040816,j_lim (Arrhenius),j_lim = j_lim_ref * exp(-Ea/R * (1/T - 1/Tref)),6.638598726708614,"{'j_lim_ref': 4.0, 'Ea': 12000.0, 'R': 8.314462618, 'T': 333.0, 'T_ref': 298.15}"
Ni-HER,333.0,0.8787755102040816,η_conc,η = -(RT/(nF))·ln(1 - j/j_lim),0.0020373117869312463,"{'R': 8.314462618, 'T': 333.0, 'n': 2, 'F': 96485.33212, 'j': 0.8787755102040816, 'j_lim': 6.638598726708614, 'prefactor': 0.014347859881699497}"
Ni-HER,333.0,0.8787755102040816,V_cell,V = V_rev + η_act + η_ohm + η_conc,1.3927146450047287,"{'V_rev': 1.25943737599895, 'eta_act': 0.07974924587061755, 'eta_ohm': 0.05149071134823009, 'eta_conc': 0.0020373117869312463}"
Ni-HER,333.0,0.8989795918367347,Potencial reversible (aprox. lineal),V_rev = V_ref + (ΔS/(nF))·(T - T_ref),1.25943737599895,"{'V_ref': 1.23, 'ΔS_ref': 163.0, 'n': 2, 'F': 96485.33212, 'T': 333.0, 'T_ref': 298.15, 'slope': 0.0008446879770143449}"
Ni-HER,333.0,0.8989795918367347,j0(T) Ni-HER,j0 = j0_ref * exp(-Ea/R * (1/T - 1/Tref)),0.05456516264703203,"{'j0_ref': 0.01, 'Ea': 40000.0, 'R': 8.314462618, 'T': 333.0, 'T_ref': 298.0}"
Ni-HER,333.0,0.8989795918367347,η_act Tafel Ni-HER,η = (RT/(α·nF))·ln(j/j0),0.08040152427195608,"{'R': 8.314462618, 'T': 333.0, 'alpha': 0.5, 'n': 2, 'F': 96485.33212, 'j': 0.8989795918367347, 'j0': 0.05456516264703203, 'prefactor': 0.028695719763398995}"
Ni-HER,333.0,0.8989795918367347,R capa membrana,R = delta / kappa(T),0.026542967213653592,"{'delta': 0.005, 'kappa_ref': 0.1, 'Ea_kappa': 15000, 'T': 333.0, 'T_ref': 298.15, 'kappa(T)': 0.1883738151711999}"
Ni-HER,333.0,0.8989795918367347,R capa electrolito,R = delta / kappa(T),0.01205073589975269,"{'delta': 0.01, 'kappa_ref': 0.5, 'Ea_kappa': 12000, 'T': 333.0, 'T_ref': 298.15, 'kappa(T)': 0.8298248408385768}"
Ni-HER,333.0,0.8989795918367347,Perdida ohmica total,η_ohm = j · R_total,0.05267454330909279,"{'j': 0.8989795918367347, 'R_total': 0.05859370311340628}"
Ni-HER,333.0,0.8989795918367347,j_lim (Arrhenius),j_lim = j_lim_ref * exp(-Ea/R * (1/T - 1/Tref)),6.638598726708614,"{'j_lim_ref': 4.0, 'Ea': 12000.0, 'R': 8.314462618, 'T': 333.0, 'T_ref': 298.15}"
Ni-HER,333.0,0.8989795918367347,η_conc,η = -(RT/(nF))·ln(1 - j/j_lim),0.002087729124003835,"{'R': 8.314462618, 'T': 333.0, 'n': 2, 'F': 96485.33212, 'j': 0.8989795918367347, 'j_lim': 6.638598726708614, 'prefactor': 0.014347859881699497}"
Ni-HER,333.0,0.8989795918367347,V_cell,V = V_rev + η_act + η_ohm + η_conc,1.3946011727040024,"{'V_rev': 1.25943737599895, 'eta_act': 0.08040152427195608, 'eta_ohm': 0.05267454330909279, 'eta_conc': 0.002087729124003835}"
Ni-HER,333.0,0.9191836734693877,Potencial reversible (aprox. lineal),V_rev = V_ref + (ΔS/(nF))·(T - T_ref),1.25943737599895,"{'V_ref': 1.23, 'ΔS_ref': 163.0, 'n': 2, 'F': 96485.33212, 'T': 333.0, 'T_ref': 298.15, 'slope': 0.0008446879770143449}"
Ni-HER,333.0,0.9191836734693877,j0(T) Ni-HER,j0 = j0_ref * exp(-Ea/R * (1/T - 1/Tref)),0.05456516264703203,"{'j0_ref': 0.01, 'Ea': 40000.0, 'R': 8.314462618, 'T': 333.0, 'T_ref': 298.0}"
Ni-HER,333.0,0.9191836734693877,η_act Tafel Ni-HER,η = (RT/(α·nF))·ln(j/j0),0.08103930476358824,"{'R': 8.314462618, 'T': 333.0, 'alpha': 0.5, 'n': 2, 'F': 96485.33212, 'j': 0.9191836734693877, 'j0': 0.05456516264703203, 'prefactor': 0.028695719763398995}"
Ni-HER,333.0,0.9191836734693877,R capa membrana,R = delta / kappa(T),0.026542967213653592,"{'delta': 0.005, 'kappa_ref': 0.1, 'Ea_kappa': 15000, 'T': 333.0, 'T_ref': 298.15, 'kappa(T)': 0.1883738151711999}"
Ni-HER,333.0,0.9191836734693877,R capa electrolito,R = delta / kappa(T),0.01205073589975269,"{'delta': 0.01, 'kappa_ref': 0.5, 'Ea_kappa': 12000, 'T': 333.0, 'T_ref': 298.15, 'kappa(T)': 0.8298248408385768}"
Ni-HER,333.0,0.9191836734693877,Perdida ohmica total,η_ohm = j · R_total,0.05385837526995548,"{'j': 0.9191836734693877, 'R_total': 0.05859370311340628}"
Ni-HER,333.0,0.9191836734693877,j_lim (Arrhenius),j_lim = j_lim_ref * exp(-Ea/R * (1/T - 1/Tref)),6.638598726708614,"{'j_lim_ref': 4.0, 'Ea': 12000.0, 'R': 8.314462618, 'T': 333.0, 'T_ref': 298.15}"
Ni-HER,333.0,0.9191836734693877,η_conc,η = -(RT/(nF))·ln(1 - j/j_lim),0.0021383242488523554,"{'R': 8.314462618, 'T': 333.0, 'n': 2, 'F': 96485.33212, 'j': 0.9191836734693877, 'j_lim': 6.638598726708614, 'prefactor': 0.014347859881699497}"
Ni-HER,333.0,0.9191836734693877,V_cell,V = V_rev + η_act + η_ohm + η_conc,1.396473380281346,"{'V_rev': 1.25943737599895, 'eta_act': 0.08103930476358824, 'eta_ohm': 0.05385837526995548, 'eta_conc': 0.0021383242488523554}"
Ni-HER,333.0,0.9393877551020408,Potencial reversible (aprox. lineal),V_rev = V_ref + (ΔS/(nF))·(T - T_ref),1.25943737599895,"{'V_ref': 1.23, 'ΔS_ref': 163.0, 'n': 2, 'F': 96485.33212, 'T': 333.0, 'T_ref': 298.15, 'slope': 0.0008446879770143449}"
Ni-HER,333.0,0.9393877551020408,j0(T) Ni-HER,j0 = j0_ref * exp(-Ea/R * (1/T - 1/Tref)),0.05456516264703203,"{'j0_ref': 0.01, 'Ea': 40000.0, 'R': 8.314462618, 'T': 333.0, 'T_ref': 298.0}"
Ni-HER,333.0,0.9393877551020408,η_act Tafel Ni-HER,η = (RT/(α·nF))·ln(j/j0),0.08166321783481768,"{'R': 8.314462618, 'T': 333.0, 'alpha': 0.5, 'n': 2, 'F': 96485.33212, 'j': 0.9393877551020408, 'j0': 0.05456516264703203, 'prefactor': 0.028695719763398995}"
Ni-HER,333.0,0.9393877551020408,R capa membrana,R = delta / kappa(T),0.026542967213653592,"{'delta': 0.005, 'kappa_ref': 0.1, 'Ea_kappa': 15000, 'T': 333.0, 'T_ref': 298.15, 'kappa(T)': 0.1883738151711999}"
Ni-HER,333.0,0.9393877551020408,R capa electrolito,R = delta / kappa(T),0.01205073589975269,"{'delta': 0.01, 'kappa_ref': 0.5, 'Ea_kappa': 12000, 'T': 333.0, 'T_ref': 298.15, 'kappa(T)': 0.8298248408385768}"
Ni-HER,333.0,0.9393877551020408,Perdida ohmica total,η_ohm = j · R_total,0.05504220723081818,"{'j': 0.9393877551020408, 'R_total': 0.05859370311340628}"
Ni-HER,333.0,0.9393877551020408,j_lim (Arrhenius),j_lim = j_lim_ref * exp(-Ea/R * (1/T - 1/Tref)),6.638598726708614,"{'j_lim_ref': 4.0, 'Ea': 12000.0, 'R': 8.314462618, 'T': 333.0, 'T_ref': 298.15}"
Ni-HER,333.0,0.9393877551020408,η_conc,η = -(RT/(nF))·ln(1 - j/j_lim),0.002189098419789301,"{'R': 8.314462618, 'T': 333.0, 'n': 2, 'F': 96485.33212, 'j': 0.9393877551020408, 'j_lim': 6.638598726708614, 'prefactor': 0.014347859881699497}"
Ni-HER,333.0,0.9393877551020408,V_cell,V = V_rev + η_act + η_ohm + η_conc,1.398331899484375,"{'V_rev': 1.25943737599895, 'eta_act': 0.08166321783481768, 'eta_ohm': 0.05504220723081818, 'eta_conc': 0.002189098419789301}"
Ni-HER,333.0,0.959591836734694,Potencial reversible (aprox. lineal),V_rev = V_ref + (ΔS/(nF))·(T - T_ref),1.25943737599895,"{'V_ref': 1.23, 'ΔS_ref': 163.0, 'n': 2, 'F': 96485.33212, 'T': 333.0, 'T_ref': 298.15, 'slope': 0.0008446879770143449}"
Ni-HER,333.0,0.959591836734694,j0(T) Ni-HER,j0 = j0_ref * exp(-Ea/R * (1/T - 1/Tref)),0.05456516264703203,"{'j0_ref': 0.01, 'Ea': 40000.0, 'R': 8.314462618, 'T': 333.0, 'T_ref': 298.0}"
Ni-HER,333.0,0.959591836734694,η_act Tafel Ni-HER,η = (RT/(α·nF))·ln(j/j0),0.08227385372034549,"{'R': 8.314462618, 'T': 333.0, 'alpha': 0.5, 'n': 2, 'F': 96485.33212, 'j': 0.959591836734694, 'j0': 0.05456516264703203, 'prefactor': 0.028695719763398995}"
Ni-HER,333.0,0.959591836734694,R capa membrana,R = delta / kappa(T),0.026542967213653592,"{'delta': 0.005, 'kappa_ref': 0.1, 'Ea_kappa': 15000, 'T': 333.0, 'T_ref': 298.15, 'kappa(T)': 0.1883738151711999}"
Ni-HER,333.0,0.959591836734694,R capa electrolito,R = delta / kappa(T),0.01205073589975269,"{'delta': 0.01, 'kappa_ref': 0.5, 'Ea_kappa': 12000, 'T': 333.0, 'T_ref': 298.15, 'kappa(T)': 0.8298248408385768}"
Ni-HER,333.0,0.959591836734694,Perdida ohmica total,η_ohm = j · R_total,0.05622603919168089,"{'j': 0.959591836734694, 'R_total': 0.05859370311340628}"
Ni-HER,333.0,0.959591836734694,j_lim (Arrhenius),j_lim = j_lim_ref * exp(-Ea/R * (1/T - 1/Tref)),6.638598726708614,"{'j_lim_ref': 4.0, 'Ea': 12000.0, 'R': 8.314462618, 'T': 333.0, 'T_ref': 298.15}"
Ni-HER,333.0,0.959591836734694,η_conc,η = -(RT/(nF))·ln(1 - j/j_lim),0.0022400529085333854,"{'R': 8.314462618, 'T': 333.0, 'n': 2, 'F': 96485.33212, 'j': 0.959591836734694, 'j_lim': 6.638598726708614, 'prefactor': 0.014347859881699497}"
Ni-HER,333.0,0.959591836734694,V_cell,V = V_rev + η_act + η_ohm + η_conc,1.4001773218195097,"{'V_rev': 1.25943737599895, 'eta_act': 0.08227385372034549, 'eta_ohm': 0.05622603919168089, 'eta_conc': 0.0022400529085333854}"
Ni-HER,333.0,0.9797959183673469,Potencial reversible (aprox. lineal),V_rev = V_ref + (ΔS/(nF))·(T - T_ref),1.25943737599895,"{'V_ref': 1.23, 'ΔS_ref': 163.0, 'n': 2, 'F': 96485.33212, 'T': 333.0, 'T_ref': 298.15, 'slope': 0.0008446879770143449}"
Ni-HER,333.0,0.9797959183673469,j0(T) Ni-HER,j0 = j0_ref * exp(-Ea/R * (1/T - 1/Tref)),0.05456516264703203,"{'j0_ref': 0.01, 'Ea': 40000.0, 'R': 8.314462618, 'T': 333.0, 'T_ref': 298.0}"
Ni-HER,333.0,0.9797959183673469,η_act Tafel Ni-HER,η = (RT/(α·nF))·ln(j/j0),0.08287176575580718,"{'R': 8.314462618, 'T': 333.0, 'alpha': 0.5, 'n': 2, 'F': 96485.33212, 'j': 0.9797959183673469, 'j0': 0.05456516264703203, 'prefactor': 0.028695719763398995}"
Ni-HER,333.0,0.9797959183673469,R capa membrana,R = delta / kappa(T),0.026542967213653592,"{'delta': 0.005, 'kappa_ref': 0.1, 'Ea_kappa': 15000, 'T': 333.0, 'T_ref': 298.15, 'kappa(T)': 0.1883738151711999}"
Ni-HER,333.0,0.9797959183673469,R capa electrolito,R = delta / kappa(T),0.01205073589975269,"{'delta': 0.01, 'kappa_ref': 0.5, 'Ea_kappa': 12000, 'T': 333.0, 'T_ref': 298.15, 'kappa(T)': 0.8298248408385768}"
Ni-HER,333.0,0.9797959183673469,Perdida ohmica total,η_ohm = j · R_total,0.05740987115254358,"{'j': 0.9797959183673469, 'R_total': 0.05859370311340628}"
Ni-HER,333.0,0.9797959183673469,j_lim (Arrhenius),j_lim = j_lim_ref * exp(-Ea/R * (1/T - 1/Tref)),6.638598726708614,"{'j_lim_ref': 4.0, 'Ea': 12000.0, 'R': 8.314462618, 'T': 333.0, 'T_ref': 298.15}"
Ni-HER,333.0,0.9797959183673469,η_conc,η = -(RT/(nF))·ln(1 - j/j_lim),0.0022911890004006738,"{'R': 8.314462618, 'T': 333.0, 'n': 2, 'F': 96485.33212, 'j': 0.9797959183673469, 'j_lim': 6.638598726708614, 'prefactor': 0.014347859881699497}"
Ni-HER,333.0,0.9797959183673469,V_cell,V = V_rev + η_act + η_ohm + η_conc,1.4020102019077012,"{'V_rev': 1.25943737599895, 'eta_act': 0.08287176575580718, 'eta_ohm': 0.05740987115254358, 'eta_conc': 0.0022911890004006738}"
Ni-HER,333.0,1.0,Potencial reversible (aprox. lineal),V_rev = V_ref + (ΔS/(nF))·(T - T_ref),1.25943737599895,"{'V_ref': 1.23, 'ΔS_ref': 163.0, 'n': 2, 'F': 96485.33212, 'T': 333.0, 'T_ref': 298.15, 'slope': 0.0008446879770143449}"
Ni-HER,333.0,1.0,j0(T) Ni-HER,j0 = j0_ref * exp(-Ea/R * (1/T - 1/Tref)),0.05456516264703203,"{'j0_ref': 0.01, 'Ea': 40000.0, 'R': 8.314462618, 'T': 333.0, 'T_ref': 298.0}"
Ni-HER,333.0,1.0,η_act Tafel Ni-HER,η = (RT/(α·nF))·ln(j/j0),0.08345747339079772,"{'R': 8.314462618, 'T': 333.0, 'alpha': 0.5, 'n': 2, 'F': 96485.33212, 'j': 1.0, 'j0': 0.05456516264703203, 'prefactor': 0.028695719763398995}"
Ni-HER,333.0,1.0,R capa membrana,R = delta / kappa(T),0.026542967213653592,"{'delta': 0.005, 'kappa_ref': 0.1, 'Ea_kappa': 15000, 'T': 333.0, 'T_ref': 298.15, 'kappa(T)': 0.1883738151711999}"
Ni-HER,333.0,1.0,R capa electrolito,R = delta / kappa(T),0.01205073589975269,"{'delta': 0.01, 'kappa_ref': 0.5, 'Ea_kappa': 12000, 'T': 333.0, 'T_ref': 298.15, 'kappa(T)': 0.8298248408385768}"
Ni-HER,333.0,1.0,Perdida ohmica total,η_ohm = j · R_total,0.05859370311340628,"{'j': 1.0, 'R_total': 0.05859370311340628}"
Ni-HER,333.0,1.0,j_lim (Arrhenius),j_lim = j_lim_ref * exp(-Ea/R * (1/T - 1/Tref)),6.638598726708614,"{'j_lim_ref': 4.0, 'Ea': 12000.0, 'R': 8.314462618, 'T': 333.0, 'T_ref': 298.15}"
Ni-HER,333.0,1.0,η_conc,η = -(RT/(nF))·ln(1 - j/j_lim),0.0023425079944991065,"{'R': 8.314462618, 'T': 333.0, 'n': 2, 'F': 96485.33212, 'j': 1.0, 'j_lim': 6.638598726708614, 'prefactor': 0.014347859881699497}"
Ni-HER,333.0,1.0,V_cell,V = V_rev + η_act + η_ohm + η_conc,1.4038310604976532,"{'V_rev': 1.25943737599895, 'eta_act': 0.08345747339079772, 'eta_ohm': 0.05859370311340628, 'eta_conc': 0.0023425079944991065}"
