electrode,T,j,step_name,expression,result,values
Pt-ref,298.0,0.01,Potencial reversible (aprox. lineal),V_rev = V_ref + (ΔS/(nF))·(T - T_ref),1.2298732968034478,"{'V_ref': 1.23, 'ΔS_ref': 163.0, 'n': 2, 'F': 96485.33212, 'T': 298.0, 'T_ref': 298.15, 'slope': 0.0008446879770143449}"
Pt-ref,298.0,0.01,j0(T) Pt-ref,j0 = j0_ref * exp(-Ea/R * (1/T - 1/Tref)),0.02,"{'j0_ref': 0.02, 'Ea': 30000.0, 'R': 8.314462618, 'T': 298.0, 'T_ref': 298.0}"
Pt-ref,298.0,0.01,η_act BV Pt-ref,j = j0[exp(α_a nFη/RT) - exp(-α_c nFη/RT)],0.006354852891763565,"{'alpha_a': 0.5, 'alpha_c': 0.5, 'n': 2, 'F': 96485.33212, 'R': 8.314462618, 'T': 298.0, 'beta_a': 38.94133597773777, 'beta_c': 38.94133597773777, 'j': 0.01, 'j0': 0.02, 'eta': 0.006354852891763565}"
Pt-ref,298.0,0.01,R capa membrana,R = delta / kappa(T),0.05015252070648465,"{'delta': 0.005, 'kappa_ref': 0.1, 'Ea_kappa': 15000, 'T': 298.0, 'T_ref': 298.15, 'kappa(T)': 0.0996958862598806}"
Pt-ref,298.0,0.01,R capa electrolito,R = delta / kappa(T),0.020048791756168367,"{'delta': 0.01, 'kappa_ref': 0.5, 'Ea_kappa': 12000, 'T': 298.0, 'T_ref': 298.15, 'kappa(T)': 0.4987831746480843}"
Pt-ref,298.0,0.01,Perdida ohmica total,η_ohm = j · R_total,0.00090201312462653,"{'j': 0.01, 'R_total': 0.090201312462653}"
Pt-ref,298.0,0.01,j_lim (Arrhenius),j_lim = j_lim_ref * exp(-Ea/R * (1/T - 1/Tref)),3.9902653971846744,"{'j_lim_ref': 4.0, 'Ea': 12000.0, 'R': 8.314462618, 'T': 298.0, 'T_ref': 298.15}"
Pt-ref,298.0,0.01,η_conc,η = -(RT/(nF))·ln(1 - j/j_lim),3.221826407553266e-05,"{'R': 8.314462618, 'T': 298.0, 'n': 2, 'F': 96485.33212, 'j': 0.01, 'j_lim': 3.9902653971846744, 'prefactor': 0.012839826560800151}"
Pt-ref,298.0,0.01,V_cell,V = V_rev + η_act + η_ohm + η_conc,1.2371623810839134,"{'V_rev': 1.2298732968034478, 'eta_act': 0.006354852891763565, 'eta_ohm': 0.00090201312462653, 'eta_conc': 3.221826407553266e-05}"
Pt-ref,298.0,0.030204081632653063,Potencial reversible (aprox. lineal),V_rev = V_ref + (ΔS/(nF))·(T - T_ref),1.2298732968034478,"{'V_ref': 1.23, 'ΔS_ref': 163.0, 'n': 2, 'F': 96485.33212, 'T': 298.0, 'T_ref': 298.15, 'slope': 0.0008446879770143449}"
Pt-ref,298.0,0.030204081632653063,j0(T) Pt-ref,j0 = j0_ref * exp(-Ea/R * (1/T - 1/Tref)),0.02,"{'j0_ref': 0.02, 'Ea': 30000.0, 'R': 8.314462618, 'T': 298.0, 'T_ref': 298.0}"
Pt-ref,298.0,0.030204081632653063,η_act BV Pt-ref,j = j0[exp(α_a nFη/RT) - exp(-α_c nFη/RT)],0.017904465748828036,"{'alpha_a': 0.5, 'alpha_c': 0.5, 'n': 2, 'F': 96485.33212, 'R': 8.314462618, 'T': 298.0, 'beta_a': 38.94133597773777, 'beta_c': 38.94133597773777, 'j': 0.030204081632653063, 'j0': 0.02, 'eta': 0.017904465748828036}"
Pt-ref,298.0,0.030204081632653063,R capa membrana,R = delta / kappa(T),0.05015252070648465,"{'delta': 0.005, 'kappa_ref': 0.1, 'Ea_kappa': 15000, 'T': 298.0, 'T_ref': 298.15, 'kappa(T)': 0.0996958862598806}"
Pt-ref,298.0,0.030204081632653063,R capa electrolito,R = delta / kappa(T),0.020048791756168367,"{'delta': 0.01, 'kappa_ref': 0.5, 'Ea_kappa': 12000, 'T': 298.0, 'T_ref': 298.15, 'kappa(T)': 0.4987831746480843}"
Pt-ref,298.0,0.030204081632653063,Perdida ohmica total,η_ohm = j · R_total,0.0027244478049944175,"{'j': 0.030204081632653063, 'R_total': 0.090201312462653}"
Pt-ref,298.0,0.030204081632653063,j_lim (Arrhenius),j_lim = j_lim_ref * exp(-Ea/R * (1/T - 1/Tref)),3.9902653971846744,"{'j_lim_ref': 4.0, 'Ea': 12000.0, 'R': 8.314462618, 'T': 298.0, 'T_ref': 298.15}"
Pt-ref,298.0,0.030204081632653063,η_conc,η = -(RT/(nF))·ln(1 - j/j_lim),9.756002474348098e-05,"{'R': 8.314462618, 'T': 298.0, 'n': 2, 'F': 96485.33212, 'j': 0.030204081632653063, 'j_lim': 3.9902653971846744, 'prefactor': 0.012839826560800151}"
Pt-ref,298.0,0.030204081632653063,V_cell,V = V_rev + η_act + η_ohm + η_conc,1.2505997703820138,"{'V_rev': 1.2298732968034478, 'eta_act': 0.017904465748828036, 'eta_ohm': 0.0027244478049944175, 'eta_conc': 9.756002474348098e-05}"
Pt-ref,298.0,0.05040816326530612,Potencial reversible (aprox. lineal),V_rev = V_ref + (ΔS/(nF))·(T - T_ref),1.2298732968034478,"{'V_ref': 1.23, 'ΔS_ref': 163.0, 'n': 2, 'F': 96485.33212, 'T': 298.0, 'T_ref': 298.15, 'slope': 0.0008446879770143449}"
Pt-ref,298.0,0.05040816326530612,j0(T) Pt-ref,j0 = j0_ref * exp(-Ea/R * (1/T - 1/Tref)),0.02,"{'j0_ref': 0.02, 'Ea': 30000.0, 'R': 8.314462618, 'T': 298.0, 'T_ref': 298.0}"
Pt-ref,298.0,0.05040816326530612,η_act BV Pt-ref,j = j0[exp(α_a nFη/RT) - exp(-α_c nFη/RT)],0.027065112085420697,"{'alpha_a': 0.5, 'alpha_c': 0.5, 'n': 2, 'F': 96485.33212, 'R': 8.314462618, 'T': 298.0, 'beta_a': 38.94133597773777, 'beta_c': 38.94133597773777, 'j': 0.05040816326530612, 'j0': 0.02, 'eta': 0.027065112085420697}"
Pt-ref,298.0,0.05040816326530612,R capa membrana,R = delta / kappa(T),0.05015252070648465,"{'delta': 0.005, 'kappa_ref': 0.1, 'Ea_kappa': 15000, 'T': 298.0, 'T_ref': 298.15, 'kappa(T)': 0.0996958862598806}"
Pt-ref,298.0,0.05040816326530612,R capa electrolito,R = delta / kappa(T),0.020048791756168367,"{'delta': 0.01, 'kappa_ref': 0.5, 'Ea_kappa': 12000, 'T': 298.0, 'T_ref': 298.15, 'kappa(T)': 0.4987831746480843}"
Pt-ref,298.0,0.05040816326530612,Perdida ohmica total,η_ohm = j · R_total,0.0045468824853623045,"{'j': 0.05040816326530612, 'R_total': 0.090201312462653}"
Pt-ref,298.0,0.05040816326530612,j_lim (Arrhenius),j_lim = j_lim_ref * exp(-Ea/R * (1/T - 1/Tref)),3.9902653971846744,"{'j_lim_ref': 4.0, 'Ea': 12000.0, 'R': 8.314462618, 'T': 298.0, 'T_ref': 298.15}"
Pt-ref,298.0,0.05040816326530612,η_conc,η = -(RT/(nF))·ln(1 - j/j_lim),0.00016323601063168914,"{'R': 8.314462618, 'T': 298.0, 'n': 2, 'F': 96485.33212, 'j': 0.05040816326530612, 'j_lim': 3.9902653971846744, 'prefactor': 0.012839826560800151}"
Pt-ref,298.0,0.05040816326530612,V_cell,V = V_rev + η_act + η_ohm + η_conc,1.2616485273848623,"{'V_rev': 1.2298732968034478, 'eta_act': 0.027065112085420697, 'eta_ohm': 0.0045468824853623045, 'eta_conc': 0.00016323601063168914}"
Pt-ref,298.0,0.07061224489795918,Potencial reversible (aprox. lineal),V_rev = V_ref + (ΔS/(nF))·(T - T_ref),1.2298732968034478,"{'V_ref': 1.23, 'ΔS_ref': 163.0, 'n': 2, 'F': 96485.33212, 'T': 298.0, 'T_ref': 298.15, 'slope': 0.0008446879770143449}"
Pt-ref,298.0,0.07061224489795918,j0(T) Pt-ref,j0 = j0_ref * exp(-Ea/R * (1/T - 1/Tref)),0.02,"{'j0_ref': 0.02, 'Ea': 30000.0, 'R': 8.314462618, 'T': 298.0, 'T_ref': 298.0}"
Pt-ref,298.0,0.07061224489795918,η_act BV Pt-ref,j = j0[exp(α_a nFη/RT) - exp(-α_c nFη/RT)],0.0342429645393258,"{'alpha_a': 0.5, 'alpha_c': 0.5, 'n': 2, 'F': 96485.33212, 'R': 8.314462618, 'T': 298.0, 'beta_a': 38.94133597773777, 'beta_c': 38.94133597773777, 'j': 0.07061224489795918, 'j0': 0.02, 'eta': 0.0342429645393258}"
Pt-ref,298.0,0.07061224489795918,R capa membrana,R = delta / kappa(T),0.05015252070648465,"{'delta': 0.005, 'kappa_ref': 0.1, 'Ea_kappa': 15000, 'T': 298.0, 'T_ref': 298.15, 'kappa(T)': 0.0996958862598806}"
Pt-ref,298.0,0.07061224489795918,R capa electrolito,R = delta / kappa(T),0.020048791756168367,"{'delta': 0.01, 'kappa_ref': 0.5, 'Ea_kappa': 12000, 'T': 298.0, 'T_ref': 298.15, 'kappa(T)': 0.4987831746480843}"
Pt-ref,298.0,0.07061224489795918,Perdida ohmica total,η_ohm = j · R_total,0.006369317165730192,"{'j': 0.07061224489795918, 'R_total': 0.090201312462653}"
Pt-ref,298.0,0.07061224489795918,j_lim (Arrhenius),j_lim = j_lim_ref * exp(-Ea/R * (1/T - 1/Tref)),3.9902653971846744,"{'j_lim_ref': 4.0, 'Ea': 12000.0, 'R': 8.314462618, 'T': 298.0, 'T_ref': 298.15}"
Pt-ref,298.0,0.07061224489795918,η_conc,η = -(RT/(nF))·ln(1 - j/j_lim),0.00022924965847231902,"{'R': 8.314462618, 'T': 298.0, 'n': 2, 'F': 96485.33212, 'j': 0.07061224489795918, 'j_lim': 3.9902653971846744, 'prefactor': 0.012839826560800151}"
Pt-ref,298.0,0.07061224489795918,V_cell,V = V_rev + η_act + η_ohm + η_conc,1.2707148281669762,"{'V_rev': 1.2298732968034478, 'eta_act': 0.0342429645393258, 'eta_ohm': 0.006369317165730192, 'eta_conc': 0.00022924965847231902}"
Pt-ref,298.0,0.09081632653061224,Potencial reversible (aprox. lineal),V_rev = V_ref + (ΔS/(nF))·(T - T_ref),1.2298732968034478,"{'V_ref': 1.23, 'ΔS_ref': 163.0, 'n': 2, 'F': 96485.33212, 'T': 298.0, 'T_ref': 298.15, 'slope': 0.0008446879770143449}"
Pt-ref,298.0,0.09081632653061224,j0(T) Pt-ref,j0 = j0_ref * exp(-Ea/R * (1/T - 1/Tref)),0.02,"{'j0_ref': 0.02, 'Ea': 30000.0, 'R': 8.314462618, 'T': 298.0, 'T_ref': 298.0}"
Pt-ref,298.0,0.09081632653061224,η_act BV Pt-ref,j = j0[exp(α_a nFη/RT) - exp(-α_c nFη/RT)],0.04001956303494779,"{'alpha_a': 0.5, 'alpha_c': 0.5, 'n': 2, 'F': 96485.33212, 'R': 8.314462618, 'T': 298.0, 'beta_a': 38.94133597773777, 'beta_c': 38.94133597773777, 'j': 0.09081632653061224, 'j0': 0.02, 'eta': 0.04001956303494779}"
Pt-ref,298.0,0.09081632653061224,R capa membrana,R = delta / kappa(T),0.05015252070648465,"{'delta': 0.005, 'kappa_ref': 0.1, 'Ea_kappa': 15000, 'T': 298.0, 'T_ref': 298.15, 'kappa(T)': 0.0996958862598806}"
Pt-ref,298.0,0.09081632653061224,R capa electrolito,R = delta / kappa(T),0.020048791756168367,"{'delta': 0.01, 'kappa_ref': 0.5, 'Ea_kappa': 12000, 'T': 298.0, 'T_ref': 298.15, 'kappa(T)': 0.4987831746480843}"
Pt-ref,298.0,0.09081632653061224,Perdida ohmica total,η_ohm = j · R_total,0.008191751846098078,"{'j': 0.09081632653061224, 'R_total': 0.090201312462653}"
Pt-ref,298.0,0.09081632653061224,j_lim (Arrhenius),j_lim = j_lim_ref * exp(-Ea/R * (1/T - 1/Tref)),3.9902653971846744,"{'j_lim_ref': 4.0, 'Ea': 12000.0, 'R': 8.314462618, 'T': 298.0, 'T_ref': 298.15}"
Pt-ref,298.0,0.09081632653061224,η_conc,η = -(RT/(nF))·ln(1 - j/j_lim),0.00029560445827983686,"{'R': 8.314462618, 'T': 298.0, 'n': 2, 'F': 96485.33212, 'j': 0.09081632653061224, 'j_lim': 3.9902653971846744, 'prefactor': 0.012839826560800151}"
Pt-ref,298.0,0.09081632653061224,V_cell,V = V_rev + η_act + η_ohm + η_conc,1.2783802161427735,"{'V_rev': 1.2298732968034478, 'eta_act': 0.04001956303494779, 'eta_ohm': 0.008191751846098078, 'eta_conc': 0.00029560445827983686}"
Pt-ref,298.0,0.1110204081632653,Potencial reversible (aprox. lineal),V_rev = V_ref + (ΔS/(nF))·(T - T_ref),1.2298732968034478,"{'V_ref': 1.23, 'ΔS_ref': 163.0, 'n': 2, 'F': 96485.33212, 'T': 298.0, 'T_ref': 298.15, 'slope': 0.0008446879770143449}"
Pt-ref,298.0,0.1110204081632653,j0(T) Pt-ref,j0 = j0_ref * exp(-Ea/R * (1/T - 1/Tref)),0.02,"{'j0_ref': 0.02, 'Ea': 30000.0, 'R': 8.314462618, 'T': 298.0, 'T_ref': 298.0}"
Pt-ref,298.0,0.1110204081632653,η_act BV Pt-ref,j = j0[exp(α_a nFη/RT) - exp(-α_c nFη/RT)],0.044809967246130906,"{'alpha_a': 0.5, 'alpha_c': 0.5, 'n': 2, 'F': 96485.33212, 'R': 8.314462618, 'T': 298.0, 'beta_a': 38.94133597773777, 'beta_c': 38.94133597773777, 'j': 0.1110204081632653, 'j0': 0.02, 'eta': 0.044809967246130906}"
Pt-ref,298.0,0.1110204081632653,R capa membrana,R = delta / kappa(T),0.05015252070648465,"{'delta': 0.005, 'kappa_ref': 0.1, 'Ea_kappa': 15000, 'T': 298.0, 'T_ref': 298.15, 'kappa(T)': 0.0996958862598806}"
Pt-ref,298.0,0.1110204081632653,R capa electrolito,R = delta / kappa(T),0.020048791756168367,"{'delta': 0.01, 'kappa_ref': 0.5, 'Ea_kappa': 12000, 'T': 298.0, 'T_ref': 298.15, 'kappa(T)': 0.4987831746480843}"
Pt-ref,298.0,0.1110204081632653,Perdida ohmica total,η_ohm = j · R_total,0.010014186526465966,"{'j': 0.1110204081632653, 'R_total': 0.090201312462653}"
Pt-ref,298.0,0.1110204081632653,j_lim (Arrhenius),j_lim = j_lim_ref * exp(-Ea/R * (1/T - 1/Tref)),3.9902653971846744,"{'j_lim_ref': 4.0, 'Ea': 12000.0, 'R': 8.314462618, 'T': 298.0, 'T_ref': 298.15}"
Pt-ref,298.0,0.1110204081632653,η_conc,η = -(RT/(nF))·ln(1 - j/j_lim),0.00036230395445817256,"{'R': 8.314462618, 'T': 298.0, 'n': 2, 'F': 96485.33212, 'j': 0.1110204081632653, 'j_lim': 3.9902653971846744, 'prefactor': 0.012839826560800151}"
Pt-ref,298.0,0.1110204081632653,V_cell,V = V_rev + η_act + η_ohm + η_conc,1.285059754530503,"{'V_rev': 1.2298732968034478, 'eta_act': 0.044809967246130906, 'eta_ohm': 0.010014186526465966, 'eta_conc': 0.00036230395445817256}"
Pt-ref,298.0,0.13122448979591836,Potencial reversible (aprox. lineal),V_rev = V_ref + (ΔS/(nF))·(T - T_ref),1.2298732968034478,"{'V_ref': 1.23, 'ΔS_ref': 163.0, 'n': 2, 'F': 96485.33212, 'T': 298.0, 'T_ref': 298.15, 'slope': 0.0008446879770143449}"
Pt-ref,298.0,0.13122448979591836,j0(T) Pt-ref,j0 = j0_ref * exp(-Ea/R * (1/T - 1/Tref)),0.02,"{'j0_ref': 0.02, 'Ea': 30000.0, 'R': 8.314462618, 'T': 298.0, 'T_ref': 298.0}"
Pt-ref,298.0,0.13122448979591836,η_act BV Pt-ref,j = j0[exp(α_a nFη/RT) - exp(-α_c nFη/RT)],0.048884718370098085,"{'alpha_a': 0.5, 'alpha_c': 0.5, 'n': 2, 'F': 96485.33212, 'R': 8.314462618, 'T': 298.0, 'beta_a': 38.94133597773777, 'beta_c': 38.94133597773777, 'j': 0.13122448979591836, 'j0': 0.02, 'eta': 0.048884718370098085}"
Pt-ref,298.0,0.13122448979591836,R capa membrana,R = delta / kappa(T),0.05015252070648465,"{'delta': 0.005, 'kappa_ref': 0.1, 'Ea_kappa': 15000, 'T': 298.0, 'T_ref': 298.15, 'kappa(T)': 0.0996958862598806}"
Pt-ref,298.0,0.13122448979591836,R capa electrolito,R = delta / kappa(T),0.020048791756168367,"{'delta': 0.01, 'kappa_ref': 0.5, 'Ea_kappa': 12000, 'T': 298.0, 'T_ref': 298.15, 'kappa(T)': 0.4987831746480843}"
Pt-ref,298.0,0.13122448979591836,Perdida ohmica total,η_ohm = j · R_total,0.011836621206833852,"{'j': 0.13122448979591836, 'R_total': 0.090201312462653}"
Pt-ref,298.0,0.13122448979591836,j_lim (Arrhenius),j_lim = j_lim_ref * exp(-Ea/R * (1/T - 1/Tref)),3.9902653971846744,"{'j_lim_ref': 4.0, 'Ea': 12000.0, 'R': 8.314462618, 'T': 298.0, 'T_ref': 298.15}"
Pt-ref,298.0,0.13122448979591836,η_conc,η = -(RT/(nF))·ln(1 - j/j_lim),0.0004293517469367872,"{'R': 8.314462618, 'T': 298.0, 'n': 2, 'F': 96485.33212, 'j': 0.13122448979591836, 'j_lim': 3.9902653971846744, 'prefactor': 0.012839826560800151}"
Pt-ref,298.0,0.13122448979591836,V_cell,V = V_rev + η_act + η_ohm + η_conc,1.2910239881273164,"{'V_rev': 1.2298732968034478, 'eta_act': 0.048884718370098085, 'eta_ohm': 0.011836621206833852, 'eta_conc': 0.0004293517469367872}"
Pt-ref,298.0,0.15142857142857144,Potencial reversible (aprox. lineal),V_rev = V_ref + (ΔS/(nF))·(T - T_ref),1.2298732968034478,"{'V_ref': 1.23, 'ΔS_ref': 163.0, 'n': 2, 'F': 96485.33212, 'T': 298.0, 'T_ref': 298.15, 'slope': 0.0008446879770143449}"
Pt-ref,298.0,0.15142857142857144,j0(T) Pt-ref,j0 = j0_ref * exp(-Ea/R * (1/T - 1/Tref)),0.02,"{'j0_ref': 0.02, 'Ea': 30000.0, 'R': 8.314462618, 'T': 298.0, 'T_ref': 298.0}"
Pt-ref,298.0,0.15142857142857144,η_act BV Pt-ref,j = j0[exp(α_a nFη/RT) - exp(-α_c nFη/RT)],0.052422089003691656,"{'alpha_a': 0.5, 'alpha_c': 0.5, 'n': 2, 'F': 96485.33212, 'R': 8.314462618, 'T': 298.0, 'beta_a': 38.94133597773777, 'beta_c': 38.94133597773777, 'j': 0.15142857142857144, 'j0': 0.02, 'eta': 0.052422089003691656}"
Pt-ref,298.0,0.15142857142857144,R capa membrana,R = delta / kappa(T),0.05015252070648465,"{'delta': 0.005, 'kappa_ref': 0.1, 'Ea_kappa': 15000, 'T': 298.0, 'T_ref': 298.15, 'kappa(T)': 0.0996958862598806}"
Pt-ref,298.0,0.15142857142857144,R capa electrolito,R = delta / kappa(T),0.020048791756168367,"{'delta': 0.01, 'kappa_ref': 0.5, 'Ea_kappa': 12000, 'T': 298.0, 'T_ref': 298.15, 'kappa(T)': 0.4987831746480843}"
Pt-ref,298.0,0.15142857142857144,Perdida ohmica total,η_ohm = j · R_total,0.013659055887201742,"{'j': 0.15142857142857144, 'R_total': 0.090201312462653}"
Pt-ref,298.0,0.15142857142857144,j_lim (Arrhenius),j_lim = j_lim_ref * exp(-Ea/R * (1/T - 1/Tref)),3.9902653971846744,"{'j_lim_ref': 4.0, 'Ea': 12000.0, 'R': 8.314462618, 'T': 298.0, 'T_ref': 298.15}"
Pt-ref,298.0,0.15142857142857144,η_conc,η = -(RT/(nF))·ln(1 - j/j_lim),0.0004967514923365578,"{'R': 8.314462618, 'T': 298.0, 'n': 2, 'F': 96485.33212, 'j': 0.15142857142857144, 'j_lim': 3.9902653971846744, 'prefactor': 0.012839826560800151}"
Pt-ref,298.0,0.15142857142857144,V_cell,V = V_rev + η_act + η_ohm + η_conc,1.296451193186678,"{'V_rev': 1.2298732968034478, 'eta_act': 0.052422089003691656, 'eta_ohm': 0.013659055887201742, 'eta_conc': 0.0004967514923365578}"
Pt-ref,298.0,0.1716326530612245,Potencial reversible (aprox. lineal),V_rev = V_ref + (ΔS/(nF))·(T - T_ref),1.2298732968034478,"{'V_ref': 1.23, 'ΔS_ref': 163.0, 'n': 2, 'F': 96485.33212, 'T': 298.0, 'T_ref': 298.15, 'slope': 0.0008446879770143449}"
Pt-ref,298.0,0.1716326530612245,j0(T) Pt-ref,j0 = j0_ref * exp(-Ea/R * (1/T - 1/Tref)),0.02,"{'j0_ref': 0.02, 'Ea': 30000.0, 'R': 8.314462618, 'T': 298.0, 'T_ref': 298.0}"
Pt-ref,298.0,0.1716326530612245,η_act BV Pt-ref,j = j0[exp(α_a nFη/RT) - exp(-α_c nFη/RT)],0.055543405834993044,"{'alpha_a': 0.5, 'alpha_c': 0.5, 'n': 2, 'F': 96485.33212, 'R': 8.314462618, 'T': 298.0, 'beta_a': 38.94133597773777, 'beta_c': 38.94133597773777, 'j': 0.1716326530612245, 'j0': 0.02, 'eta': 0.055543405834993044}"
Pt-ref,298.0,0.1716326530612245,R capa membrana,R = delta / kappa(T),0.05015252070648465,"{'delta': 0.005, 'kappa_ref': 0.1, 'Ea_kappa': 15000, 'T': 298.0, 'T_ref': 298.15, 'kappa(T)': 0.0996958862598806}"
Pt-ref,298.0,0.1716326530612245,R capa electrolito,R = delta / kappa(T),0.020048791756168367,"{'delta': 0.01, 'kappa_ref': 0.5, 'Ea_kappa': 12000, 'T': 298.0, 'T_ref': 298.15, 'kappa(T)': 0.4987831746480843}"
Pt-ref,298.0,0.1716326530612245,Perdida ohmica total,η_ohm = j · R_total,0.015481490567569629,"{'j': 0.1716326530612245, 'R_total': 0.090201312462653}"
Pt-ref,298.0,0.1716326530612245,j_lim (Arrhenius),j_lim = j_lim_ref * exp(-Ea/R * (1/T - 1/Tref)),3.9902653971846744,"{'j_lim_ref': 4.0, 'Ea': 12000.0, 'R': 8.314462618, 'T': 298.0, 'T_ref': 298.15}"
Pt-ref,298.0,0.1716326530612245,η_conc,η = -(RT/(nF))·ln(1 - j/j_lim),0.0005645069051664246,"{'R': 8.314462618, 'T': 298.0, 'n': 2, 'F': 96485.33212, 'j': 0.1716326530612245, 'j_lim': 3.9902653971846744, 'prefactor': 0.012839826560800151}"
Pt-ref,298.0,0.1716326530612245,V_cell,V = V_rev + η_act + η_ohm + η_conc,1.301462700111177,"{'V_rev': 1.2298732968034478, 'eta_act': 0.055543405834993044, 'eta_ohm': 0.015481490567569629, 'eta_conc': 0.0005645069051664246}"
Pt-ref,298.0,0.19183673469387758,Potencial reversible (aprox. lineal),V_rev = V_ref + (ΔS/(nF))·(T - T_ref),1.2298732968034478,"{'V_ref': 1.23, 'ΔS_ref': 163.0, 'n': 2, 'F': 96485.33212, 'T': 298.0, 'T_ref': 298.15, 'slope': 0.0008446879770143449}"
Pt-ref,298.0,0.19183673469387758,j0(T) Pt-ref,j0 = j0_ref * exp(-Ea/R * (1/T - 1/Tref)),0.02,"{'j0_ref': 0.02, 'Ea': 30000.0, 'R': 8.314462618, 'T': 298.0, 'T_ref': 298.0}"
Pt-ref,298.0,0.19183673469387758,η_act BV Pt-ref,j = j0[exp(α_a nFη/RT) - exp(-α_c nFη/RT)],0.05833411886394198,"{'alpha_a': 0.5, 'alpha_c': 0.5, 'n': 2, 'F': 96485.33212, 'R': 8.314462618, 'T': 298.0, 'beta_a': 38.94133597773777, 'beta_c': 38.94133597773777, 'j': 0.19183673469387758, 'j0': 0.02, 'eta': 0.05833411886394198}"
Pt-ref,298.0,0.19183673469387758,R capa membrana,R = delta / kappa(T),0.05015252070648465,"{'delta': 0.005, 'kappa_ref': 0.1, 'Ea_kappa': 15000, 'T': 298.0, 'T_ref': 298.15, 'kappa(T)': 0.0996958862598806}"
Pt-ref,298.0,0.19183673469387758,R capa electrolito,R = delta / kappa(T),0.020048791756168367,"{'delta': 0.01, 'kappa_ref': 0.5, 'Ea_kappa': 12000, 'T': 298.0, 'T_ref': 298.15, 'kappa(T)': 0.4987831746480843}"
Pt-ref,298.0,0.19183673469387758,Perdida ohmica total,η_ohm = j · R_total,0.01730392524793752,"{'j': 0.19183673469387758, 'R_total': 0.090201312462653}"
Pt-ref,298.0,0.19183673469387758,j_lim (Arrhenius),j_lim = j_lim_ref * exp(-Ea/R * (1/T - 1/Tref)),3.9902653971846744,"{'j_lim_ref': 4.0, 'Ea': 12000.0, 'R': 8.314462618, 'T': 298.0, 'T_ref': 298.15}"
Pt-ref,298.0,0.19183673469387758,η_conc,η = -(RT/(nF))·ln(1 - j/j_lim),0.0006326217590517792,"{'R': 8.314462618, 'T': 298.0, 'n': 2, 'F': 96485.33212, 'j': 0.19183673469387758, 'j_lim': 3.9902653971846744, 'prefactor': 0.012839826560800151}"
Pt-ref,298.0,0.19183673469387758,V_cell,V = V_rev + η_act + η_ohm + η_conc,1.306143962674379,"{'V_rev': 1.2298732968034478, 'eta_act': 0.05833411886394198, 'eta_ohm': 0.01730392524793752, 'eta_conc': 0.0006326217590517792}"
Pt-ref,298.0,0.21204081632653063,Potencial reversible (aprox. lineal),V_rev = V_ref + (ΔS/(nF))·(T - T_ref),1.2298732968034478,"{'V_ref': 1.23, 'ΔS_ref': 163.0, 'n': 2, 'F': 96485.33212, 'T': 298.0, 'T_ref': 298.15, 'slope': 0.0008446879770143449}"
Pt-ref,298.0,0.21204081632653063,j0(T) Pt-ref,j0 = j0_ref * exp(-Ea/R * (1/T - 1/Tref)),0.02,"{'j0_ref': 0.02, 'Ea': 30000.0, 'R': 8.314462618, 'T': 298.0, 'T_ref': 298.0}"
Pt-ref,298.0,0.21204081632653063,η_act BV Pt-ref,j = j0[exp(α_a nFη/RT) - exp(-α_c nFη/RT)],0.06085632560916899,"{'alpha_a': 0.5, 'alpha_c': 0.5, 'n': 2, 'F': 96485.33212, 'R': 8.314462618, 'T': 298.0, 'beta_a': 38.94133597773777, 'beta_c': 38.94133597773777, 'j': 0.21204081632653063, 'j0': 0.02, 'eta': 0.06085632560916899}"
Pt-ref,298.0,0.21204081632653063,R capa membrana,R = delta / kappa(T),0.05015252070648465,"{'delta': 0.005, 'kappa_ref': 0.1, 'Ea_kappa': 15000, 'T': 298.0, 'T_ref': 298.15, 'kappa(T)': 0.0996958862598806}"
Pt-ref,298.0,0.21204081632653063,R capa electrolito,R = delta / kappa(T),0.020048791756168367,"{'delta': 0.01, 'kappa_ref': 0.5, 'Ea_kappa': 12000, 'T': 298.0, 'T_ref': 298.15, 'kappa(T)': 0.4987831746480843}"
Pt-ref,298.0,0.21204081632653063,Perdida ohmica total,η_ohm = j · R_total,0.019126359928305404,"{'j': 0.21204081632653063, 'R_total': 0.090201312462653}"
Pt-ref,298.0,0.21204081632653063,j_lim (Arrhenius),j_lim = j_lim_ref * exp(-Ea/R * (1/T - 1/Tref)),3.9902653971846744,"{'j_lim_ref': 4.0, 'Ea': 12000.0, 'R': 8.314462618, 'T': 298.0, 'T_ref': 298.15}"
Pt-ref,298.0,0.21204081632653063,η_conc,η = -(RT/(nF))·ln(1 - j/j_lim),0.0007010998879956109,"{'R': 8.314462618, 'T': 298.0, 'n': 2, 'F': 96485.33212, 'j': 0.21204081632653063, 'j_lim': 3.9902653971846744, 'prefactor': 0.012839826560800151}"
Pt-ref,298.0,0.21204081632653063,V_cell,V = V_rev + η_act + η_ohm + η_conc,1.3105570822289179,"{'V_rev': 1.2298732968034478, 'eta_act': 0.06085632560916899, 'eta_ohm': 0.019126359928305404, 'eta_conc': 0.0007010998879956109}"
Pt-ref,298.0,0.23224489795918368,Potencial reversible (aprox. lineal),V_rev = V_ref + (ΔS/(nF))·(T - T_ref),1.2298732968034478,"{'V_ref': 1.23, 'ΔS_ref': 163.0, 'n': 2, 'F': 96485.33212, 'T': 298.0, 'T_ref': 298.15, 'slope': 0.0008446879770143449}"
Pt-ref,298.0,0.23224489795918368,j0(T) Pt-ref,j0 = j0_ref * exp(-Ea/R * (1/T - 1/Tref)),0.02,"{'j0_ref': 0.02, 'Ea': 30000.0, 'R': 8.314462618, 'T': 298.0, 'T_ref': 298.0}"
Pt-ref,298.0,0.23224489795918368,η_act BV Pt-ref,j = j0[exp(α_a nFη/RT) - exp(-α_c nFη/RT)],0.06315640892426741,"{'alpha_a': 0.5, 'alpha_c': 0.5, 'n': 2, 'F': 96485.33212, 'R': 8.314462618, 'T': 298.0, 'beta_a': 38.94133597773777, 'beta_c': 38.94133597773777, 'j': 0.23224489795918368, 'j0': 0.02, 'eta': 0.06315640892426741}"
Pt-ref,298.0,0.23224489795918368,R capa membrana,R = delta / kappa(T),0.05015252070648465,"{'delta': 0.005, 'kappa_ref': 0.1, 'Ea_kappa': 15000, 'T': 298.0, 'T_ref': 298.15, 'kappa(T)': 0.0996958862598806}"
Pt-ref,298.0,0.23224489795918368,R capa electrolito,R = delta / kappa(T),0.020048791756168367,"{'delta': 0.01, 'kappa_ref': 0.5, 'Ea_kappa': 12000, 'T': 298.0, 'T_ref': 298.15, 'kappa(T)': 0.4987831746480843}"
Pt-ref,298.0,0.23224489795918368,Perdida ohmica total,η_ohm = j · R_total,0.020948794608673292,"{'j': 0.23224489795918368, 'R_total': 0.090201312462653}"
Pt-ref,298.0,0.23224489795918368,j_lim (Arrhenius),j_lim = j_lim_ref * exp(-Ea/R * (1/T - 1/Tref)),3.9902653971846744,"{'j_lim_ref': 4.0, 'Ea': 12000.0, 'R': 8.314462618, 'T': 298.0, 'T_ref': 298.15}"
Pt-ref,298.0,0.23224489795918368,η_conc,η = -(RT/(nF))·ln(1 - j/j_lim),0.0007699451876734614,"{'R': 8.314462618, 'T': 298.0, 'n': 2, 'F': 96485.33212, 'j': 0.23224489795918368, 'j_lim': 3.9902653971846744, 'prefactor': 0.012839826560800151}"
Pt-ref,298.0,0.23224489795918368,V_cell,V = V_rev + η_act + η_ohm + η_conc,1.314748445524062,"{'V_rev': 1.2298732968034478, 'eta_act': 0.06315640892426741, 'eta_ohm': 0.020948794608673292, 'eta_conc': 0.0007699451876734614}"
Pt-ref,298.0,0.2524489795918367,Potencial reversible (aprox. lineal),V_rev = V_ref + (ΔS/(nF))·(T - T_ref),1.2298732968034478,"{'V_ref': 1.23, 'ΔS_ref': 163.0, 'n': 2, 'F': 96485.33212, 'T': 298.0, 'T_ref': 298.15, 'slope': 0.0008446879770143449}"
Pt-ref,298.0,0.2524489795918367,j0(T) Pt-ref,j0 = j0_ref * exp(-Ea/R * (1/T - 1/Tref)),0.02,"{'j0_ref': 0.02, 'Ea': 30000.0, 'R': 8.314462618, 'T': 298.0, 'T_ref': 298.0}"
Pt-ref,298.0,0.2524489795918367,η_act BV Pt-ref,j = j0[exp(α_a nFη/RT) - exp(-α_c nFη/RT)],0.06526984709857292,"{'alpha_a': 0.5, 'alpha_c': 0.5, 'n': 2, 'F': 96485.33212, 'R': 8.314462618, 'T': 298.0, 'beta_a': 38.94133597773777, 'beta_c': 38.94133597773777, 'j': 0.2524489795918367, 'j0': 0.02, 'eta': 0.06526984709857292}"
Pt-ref,298.0,0.2524489795918367,R capa membrana,R = delta / kappa(T),0.05015252070648465,"{'delta': 0.005, 'kappa_ref': 0.1, 'Ea_kappa': 15000, 'T': 298.0, 'T_ref': 298.15, 'kappa(T)': 0.0996958862598806}"
Pt-ref,298.0,0.2524489795918367,R capa electrolito,R = delta / kappa(T),0.020048791756168367,"{'delta': 0.01, 'kappa_ref': 0.5, 'Ea_kappa': 12000, 'T': 298.0, 'T_ref': 298.15, 'kappa(T)': 0.4987831746480843}"
Pt-ref,298.0,0.2524489795918367,Perdida ohmica total,η_ohm = j · R_total,0.022771229289041173,"{'j': 0.2524489795918367, 'R_total': 0.090201312462653}"
Pt-ref,298.0,0.2524489795918367,j_lim (Arrhenius),j_lim = j_lim_ref * exp(-Ea/R * (1/T - 1/Tref)),3.9902653971846744,"{'j_lim_ref': 4.0, 'Ea': 12000.0, 'R': 8.314462618, 'T': 298.0, 'T_ref': 298.15}"
Pt-ref,298.0,0.2524489795918367,η_conc,η = -(RT/(nF))·ln(1 - j/j_lim),0.0008391616167632861,"{'R': 8.314462618, 'T': 298.0, 'n': 2, 'F': 96485.33212, 'j': 0.2524489795918367, 'j_lim': 3.9902653971846744, 'prefactor': 0.012839826560800151}"
Pt-ref,298.0,0.2524489795918367,V_cell,V = V_rev + η_act + η_ohm + η_conc,1.3187535348078252,"{'V_rev': 1.2298732968034478, 'eta_act': 0.06526984709857292, 'eta_ohm': 0.022771229289041173, 'eta_conc': 0.0008391616167632861}"
Pt-ref,298.0,0.2726530612244898,Potencial reversible (aprox. lineal),V_rev = V_ref + (ΔS/(nF))·(T - T_ref),1.2298732968034478,"{'V_ref': 1.23, 'ΔS_ref': 163.0, 'n': 2, 'F': 96485.33212, 'T': 298.0, 'T_ref': 298.15, 'slope': 0.0008446879770143449}"
Pt-ref,298.0,0.2726530612244898,j0(T) Pt-ref,j0 = j0_ref * exp(-Ea/R * (1/T - 1/Tref)),0.02,"{'j0_ref': 0.02, 'Ea': 30000.0, 'R': 8.314462618, 'T': 298.0, 'T_ref': 298.0}"
Pt-ref,298.0,0.2726530612244898,η_act BV Pt-ref,j = j0[exp(α_a nFη/RT) - exp(-α_c nFη/RT)],0.0672243414206023,"{'alpha_a': 0.5, 'alpha_c': 0.5, 'n': 2, 'F': 96485.33212, 'R': 8.314462618, 'T': 298.0, 'beta_a': 38.94133597773777, 'beta_c': 38.94133597773777, 'j': 0.2726530612244898, 'j0': 0.02, 'eta': 0.0672243414206023}"
Pt-ref,298.0,0.2726530612244898,R capa membrana,R = delta / kappa(T),0.05015252070648465,"{'delta': 0.005, 'kappa_ref': 0.1, 'Ea_kappa': 15000, 'T': 298.0, 'T_ref': 298.15, 'kappa(T)': 0.0996958862598806}"
Pt-ref,298.0,0.2726530612244898,R capa electrolito,R = delta / kappa(T),0.020048791756168367,"{'delta': 0.01, 'kappa_ref': 0.5, 'Ea_kappa': 12000, 'T': 298.0, 'T_ref': 298.15, 'kappa(T)': 0.4987831746480843}"
Pt-ref,298.0,0.2726530612244898,Perdida ohmica total,η_ohm = j · R_total,0.024593663969409065,"{'j': 0.2726530612244898, 'R_total': 0.090201312462653}"
Pt-ref,298.0,0.2726530612244898,j_lim (Arrhenius),j_lim = j_lim_ref * exp(-Ea/R * (1/T - 1/Tref)),3.9902653971846744,"{'j_lim_ref': 4.0, 'Ea': 12000.0, 'R': 8.314462618, 'T': 298.0, 'T_ref': 298.15}"
Pt-ref,298.0,0.2726530612244898,η_conc,η = -(RT/(nF))·ln(1 - j/j_lim),0.0009087531983113544,"{'R': 8.314462618, 'T': 298.0, 'n': 2, 'F': 96485.33212, 'j': 0.2726530612244898, 'j_lim': 3.9902653971846744, 'prefactor': 0.012839826560800151}"
Pt-ref,298.0,0.2726530612244898,V_cell,V = V_rev + η_act + η_ohm + η_conc,1.3226000553917705,"{'V_rev': 1.2298732968034478, 'eta_act': 0.0672243414206023, 'eta_ohm': 0.024593663969409065, 'eta_conc': 0.0009087531983113544}"
Pt-ref,298.0,0.29285714285714287,Potencial reversible (aprox. lineal),V_rev = V_ref + (ΔS/(nF))·(T - T_ref),1.2298732968034478,"{'V_ref': 1.23, 'ΔS_ref': 163.0, 'n': 2, 'F': 96485.33212, 'T': 298.0, 'T_ref': 298.15, 'slope': 0.0008446879770143449}"
Pt-ref,298.0,0.29285714285714287,j0(T) Pt-ref,j0 = j0_ref * exp(-Ea/R * (1/T - 1/Tref)),0.02,"{'j0_ref': 0.02, 'Ea': 30000.0, 'R': 8.314462618, 'T': 298.0, 'T_ref': 298.0}"
Pt-ref,298.0,0.29285714285714287,η_act BV Pt-ref,j = j0[exp(α_a nFη/RT) - exp(-α_c nFη/RT)],0.06904191083390357,"{'alpha_a': 0.5, 'alpha_c': 0.5, 'n': 2, 'F': 96485.33212, 'R': 8.314462618, 'T': 298.0, 'beta_a': 38.94133597773777, 'beta_c': 38.94133597773777, 'j': 0.29285714285714287, 'j0': 0.02, 'eta': 0.06904191083390357}"
Pt-ref,298.0,0.29285714285714287,R capa membrana,R = delta / kappa(T),0.05015252070648465,"{'delta': 0.005, 'kappa_ref': 0.1, 'Ea_kappa': 15000, 'T': 298.0, 'T_ref': 298.15, 'kappa(T)': 0.0996958862598806}"
Pt-ref,298.0,0.29285714285714287,R capa electrolito,R = delta / kappa(T),0.020048791756168367,"{'delta': 0.01, 'kappa_ref': 0.5, 'Ea_kappa': 12000, 'T': 298.0, 'T_ref': 298.15, 'kappa(T)': 0.4987831746480843}"
Pt-ref,298.0,0.29285714285714287,Perdida ohmica total,η_ohm = j · R_total,0.026416098649776953,"{'j': 0.29285714285714287, 'R_total': 0.090201312462653}"
Pt-ref,298.0,0.29285714285714287,j_lim (Arrhenius),j_lim = j_lim_ref * exp(-Ea/R * (1/T - 1/Tref)),3.9902653971846744,"{'j_lim_ref': 4.0, 'Ea': 12000.0, 'R': 8.314462618, 'T': 298.0, 'T_ref': 298.15}"
Pt-ref,298.0,0.29285714285714287,η_conc,η = -(RT/(nF))·ln(1 - j/j_lim),0.0009787240211353674,"{'R': 8.314462618, 'T': 298.0, 'n': 2, 'F': 96485.33212, 'j': 0.29285714285714287, 'j_lim': 3.9902653971846744, 'prefactor': 0.012839826560800151}"
Pt-ref,298.0,0.29285714285714287,V_cell,V = V_rev + η_act + η_ohm + η_conc,1.3263100303082638,"{'V_rev': 1.2298732968034478, 'eta_act': 0.06904191083390357, 'eta_ohm': 0.026416098649776953, 'eta_conc': 0.0009787240211353674}"
Pt-ref,298.0,0.3130612244897959,Potencial reversible (aprox. lineal),V_rev = V_ref + (ΔS/(nF))·(T - T_ref),1.2298732968034478,"{'V_ref': 1.23, 'ΔS_ref': 163.0, 'n': 2, 'F': 96485.33212, 'T': 298.0, 'T_ref': 298.15, 'slope': 0.0008446879770143449}"
Pt-ref,298.0,0.3130612244897959,j0(T) Pt-ref,j0 = j0_ref * exp(-Ea/R * (1/T - 1/Tref)),0.02,"{'j0_ref': 0.02, 'Ea': 30000.0, 'R': 8.314462618, 'T': 298.0, 'T_ref': 298.0}"
Pt-ref,298.0,0.3130612244897959,η_act BV Pt-ref,j = j0[exp(α_a nFη/RT) - exp(-α_c nFη/RT)],0.07074033285784083,"{'alpha_a': 0.5, 'alpha_c': 0.5, 'n': 2, 'F': 96485.33212, 'R': 8.314462618, 'T': 298.0, 'beta_a': 38.94133597773777, 'beta_c': 38.94133597773777, 'j': 0.3130612244897959, 'j0': 0.02, 'eta': 0.07074033285784083}"
Pt-ref,298.0,0.3130612244897959,R capa membrana,R = delta / kappa(T),0.05015252070648465,"{'delta': 0.005, 'kappa_ref': 0.1, 'Ea_kappa': 15000, 'T': 298.0, 'T_ref': 298.15, 'kappa(T)': 0.0996958862598806}"
Pt-ref,298.0,0.3130612244897959,R capa electrolito,R = delta / kappa(T),0.020048791756168367,"{'delta': 0.01, 'kappa_ref': 0.5, 'Ea_kappa': 12000, 'T': 298.0, 'T_ref': 298.15, 'kappa(T)': 0.4987831746480843}"
Pt-ref,298.0,0.3130612244897959,Perdida ohmica total,η_ohm = j · R_total,0.028238533330144838,"{'j': 0.3130612244897959, 'R_total': 0.090201312462653}"
Pt-ref,298.0,0.3130612244897959,j_lim (Arrhenius),j_lim = j_lim_ref * exp(-Ea/R * (1/T - 1/Tref)),3.9902653971846744,"{'j_lim_ref': 4.0, 'Ea': 12000.0, 'R': 8.314462618, 'T': 298.0, 'T_ref': 298.15}"
Pt-ref,298.0,0.3130612244897959,η_conc,η = -(RT/(nF))·ln(1 - j/j_lim),0.0010490782412660169,"{'R': 8.314462618, 'T': 298.0, 'n': 2, 'F': 96485.33212, 'j': 0.3130612244897959, 'j_lim': 3.9902653971846744, 'prefactor': 0.012839826560800151}"
Pt-ref,298.0,0.3130612244897959,V_cell,V = V_rev + η_act + η_ohm + η_conc,1.3299012412326996,"{'V_rev': 1.2298732968034478, 'eta_act': 0.07074033285784083, 'eta_ohm': 0.028238533330144838, 'eta_conc': 0.0010490782412660169}"
Pt-ref,298.0,0.333265306122449,Potencial reversible (aprox. lineal),V_rev = V_ref + (ΔS/(nF))·(T - T_ref),1.2298732968034478,"{'V_ref': 1.23, 'ΔS_ref': 163.0, 'n': 2, 'F': 96485.33212, 'T': 298.0, 'T_ref': 298.15, 'slope': 0.0008446879770143449}"
Pt-ref,298.0,0.333265306122449,j0(T) Pt-ref,j0 = j0_ref * exp(-Ea/R * (1/T - 1/Tref)),0.02,"{'j0_ref': 0.02, 'Ea': 30000.0, 'R': 8.314462618, 'T': 298.0, 'T_ref': 298.0}"
Pt-ref,298.0,0.333265306122449,η_act BV Pt-ref,j = j0[exp(α_a nFη/RT) - exp(-α_c nFη/RT)],0.07233415885176668,"{'alpha_a': 0.5, 'alpha_c': 0.5, 'n': 2, 'F': 96485.33212, 'R': 8.314462618, 'T': 298.0, 'beta_a': 38.94133597773777, 'beta_c': 38.94133597773777, 'j': 0.333265306122449, 'j0': 0.02, 'eta': 0.07233415885176668}"
Pt-ref,298.0,0.333265306122449,R capa membrana,R = delta / kappa(T),0.05015252070648465,"{'delta': 0.005, 'kappa_ref': 0.1, 'Ea_kappa': 15000, 'T': 298.0, 'T_ref': 298.15, 'kappa(T)': 0.0996958862598806}"
Pt-ref,298.0,0.333265306122449,R capa electrolito,R = delta / kappa(T),0.020048791756168367,"{'delta': 0.01, 'kappa_ref': 0.5, 'Ea_kappa': 12000, 'T': 298.0, 'T_ref': 298.15, 'kappa(T)': 0.4987831746480843}"
Pt-ref,298.0,0.333265306122449,Perdida ohmica total,η_ohm = j · R_total,0.030060968010512727,"{'j': 0.333265306122449, 'R_total': 0.090201312462653}"
Pt-ref,298.0,0.333265306122449,j_lim (Arrhenius),j_lim = j_lim_ref * exp(-Ea/R * (1/T - 1/Tref)),3.9902653971846744,"{'j_lim_ref': 4.0, 'Ea': 12000.0, 'R': 8.314462618, 'T': 298.0, 'T_ref': 298.15}"
Pt-ref,298.0,0.333265306122449,η_conc,η = -(RT/(nF))·ln(1 - j/j_lim),0.0011198200834282581,"{'R': 8.314462618, 'T': 298.0, 'n': 2, 'F': 96485.33212, 'j': 0.333265306122449, 'j_lim': 3.9902653971846744, 'prefactor': 0.012839826560800151}"
Pt-ref,298.0,0.333265306122449,V_cell,V = V_rev + η_act + η_ohm + η_conc,1.3333882437491558,"{'V_rev': 1.2298732968034478, 'eta_act': 0.07233415885176668, 'eta_ohm': 0.030060968010512727, 'eta_conc': 0.0011198200834282581}"
Pt-ref,298.0,0.353469387755102,Potencial reversible (aprox. lineal),V_rev = V_ref + (ΔS/(nF))·(T - T_ref),1.2298732968034478,"{'V_ref': 1.23, 'ΔS_ref': 163.0, 'n': 2, 'F': 96485.33212, 'T': 298.0, 'T_ref': 298.15, 'slope': 0.0008446879770143449}"
Pt-ref,298.0,0.353469387755102,j0(T) Pt-ref,j0 = j0_ref * exp(-Ea/R * (1/T - 1/Tref)),0.02,"{'j0_ref': 0.02, 'Ea': 30000.0, 'R': 8.314462618, 'T': 298.0, 'T_ref': 298.0}"
Pt-ref,298.0,0.353469387755102,η_act BV Pt-ref,j = j0[exp(α_a nFη/RT) - exp(-α_c nFη/RT)],0.07383544486292255,"{'alpha_a': 0.5, 'alpha_c': 0.5, 'n': 2, 'F': 96485.33212, 'R': 8.314462618, 'T': 298.0, 'beta_a': 38.94133597773777, 'beta_c': 38.94133597773777, 'j': 0.353469387755102, 'j0': 0.02, 'eta': 0.07383544486292255}"
Pt-ref,298.0,0.353469387755102,R capa membrana,R = delta / kappa(T),0.05015252070648465,"{'delta': 0.005, 'kappa_ref': 0.1, 'Ea_kappa': 15000, 'T': 298.0, 'T_ref': 298.15, 'kappa(T)': 0.0996958862598806}"
Pt-ref,298.0,0.353469387755102,R capa electrolito,R = delta / kappa(T),0.020048791756168367,"{'delta': 0.01, 'kappa_ref': 0.5, 'Ea_kappa': 12000, 'T': 298.0, 'T_ref': 298.15, 'kappa(T)': 0.4987831746480843}"
Pt-ref,298.0,0.353469387755102,Perdida ohmica total,η_ohm = j · R_total,0.03188340269088061,"{'j': 0.353469387755102, 'R_total': 0.090201312462653}"
Pt-ref,298.0,0.353469387755102,j_lim (Arrhenius),j_lim = j_lim_ref * exp(-Ea/R * (1/T - 1/Tref)),3.9902653971846744,"{'j_lim_ref': 4.0, 'Ea': 12000.0, 'R': 8.314462618, 'T': 298.0, 'T_ref': 298.15}"
Pt-ref,298.0,0.353469387755102,η_conc,η = -(RT/(nF))·ln(1 - j/j_lim),0.0011909538425636133,"{'R': 8.314462618, 'T': 298.0, 'n': 2, 'F': 96485.33212, 'j': 0.353469387755102, 'j_lim': 3.9902653971846744, 'prefactor': 0.012839826560800151}"
Pt-ref,298.0,0.353469387755102,V_cell,V = V_rev + η_act + η_ohm + η_conc,1.3367830981998146,"{'V_rev': 1.2298732968034478, 'eta_act': 0.07383544486292255, 'eta_ohm': 0.03188340269088061, 'eta_conc': 0.0011909538425636133}"
Pt-ref,298.0,0.37367346938775514,Potencial reversible (aprox. lineal),V_rev = V_ref + (ΔS/(nF))·(T - T_ref),1.2298732968034478,"{'V_ref': 1.23, 'ΔS_ref': 163.0, 'n': 2, 'F': 96485.33212, 'T': 298.0, 'T_ref': 298.15, 'slope': 0.0008446879770143449}"
Pt-ref,298.0,0.37367346938775514,j0(T) Pt-ref,j0 = j0_ref * exp(-Ea/R * (1/T - 1/Tref)),0.02,"{'j0_ref': 0.02, 'Ea': 30000.0, 'R': 8.314462618, 'T': 298.0, 'T_ref': 298.0}"
Pt-ref,298.0,0.37367346938775514,η_act BV Pt-ref,j = j0[exp(α_a nFη/RT) - exp(-α_c nFη/RT)],0.07525428792678662,"{'alpha_a': 0.5, 'alpha_c': 0.5, 'n': 2, 'F': 96485.33212, 'R': 8.314462618, 'T': 298.0, 'beta_a': 38.94133597773777, 'beta_c': 38.94133597773777, 'j': 0.37367346938775514, 'j0': 0.02, 'eta': 0.07525428792678662}"
Pt-ref,298.0,0.37367346938775514,R capa membrana,R = delta / kappa(T),0.05015252070648465,"{'delta': 0.005, 'kappa_ref': 0.1, 'Ea_kappa': 15000, 'T': 298.0, 'T_ref': 298.15, 'kappa(T)': 0.0996958862598806}"
Pt-ref,298.0,0.37367346938775514,R capa electrolito,R = delta / kappa(T),0.020048791756168367,"{'delta': 0.01, 'kappa_ref': 0.5, 'Ea_kappa': 12000, 'T': 298.0, 'T_ref': 298.15, 'kappa(T)': 0.4987831746480843}"
Pt-ref,298.0,0.37367346938775514,Perdida ohmica total,η_ohm = j · R_total,0.03370583737124851,"{'j': 0.37367346938775514, 'R_total': 0.090201312462653}"
Pt-ref,298.0,0.37367346938775514,j_lim (Arrhenius),j_lim = j_lim_ref * exp(-Ea/R * (1/T - 1/Tref)),3.9902653971846744,"{'j_lim_ref': 4.0, 'Ea': 12000.0, 'R': 8.314462618, 'T': 298.0, 'T_ref': 298.15}"
Pt-ref,298.0,0.37367346938775514,η_conc,η = -(RT/(nF))·ln(1 - j/j_lim),0.00126248388539488,"{'R': 8.314462618, 'T': 298.0, 'n': 2, 'F': 96485.33212, 'j': 0.37367346938775514, 'j_lim': 3.9902653971846744, 'prefactor': 0.012839826560800151}"
Pt-ref,298.0,0.37367346938775514,V_cell,V = V_rev + η_act + η_ohm + η_conc,1.3400959059868778,"{'V_rev': 1.2298732968034478, 'eta_act': 0.07525428792678662, 'eta_ohm': 0.03370583737124851, 'eta_conc': 0.00126248388539488}"
Pt-ref,298.0,0.39387755102040817,Potencial reversible (aprox. lineal),V_rev = V_ref + (ΔS/(nF))·(T - T_ref),1.2298732968034478,"{'V_ref': 1.23, 'ΔS_ref': 163.0, 'n': 2, 'F': 96485.33212, 'T': 298.0, 'T_ref': 298.15, 'slope': 0.0008446879770143449}"
Pt-ref,298.0,0.39387755102040817,j0(T) Pt-ref,j0 = j0_ref * exp(-Ea/R * (1/T - 1/Tref)),0.02,"{'j0_ref': 0.02, 'Ea': 30000.0, 'R': 8.314462618, 'T': 298.0, 'T_ref': 298.0}"
Pt-ref,298.0,0.39387755102040817,η_act BV Pt-ref,j = j0[exp(α_a nFη/RT) - exp(-α_c nFη/RT)],0.07659922644409954,"{'alpha_a': 0.5, 'alpha_c': 0.5, 'n': 2, 'F': 96485.33212, 'R': 8.314462618, 'T': 298.0, 'beta_a': 38.94133597773777, 'beta_c': 38.94133597773777, 'j': 0.39387755102040817, 'j0': 0.02, 'eta': 0.07659922644409954}"
Pt-ref,298.0,0.39387755102040817,R capa membrana,R = delta / kappa(T),0.05015252070648465,"{'delta': 0.005, 'kappa_ref': 0.1, 'Ea_kappa': 15000, 'T': 298.0, 'T_ref': 298.15, 'kappa(T)': 0.0996958862598806}"
Pt-ref,298.0,0.39387755102040817,R capa electrolito,R = delta / kappa(T),0.020048791756168367,"{'delta': 0.01, 'kappa_ref': 0.5, 'Ea_kappa': 12000, 'T': 298.0, 'T_ref': 298.15, 'kappa(T)': 0.4987831746480843}"
Pt-ref,298.0,0.39387755102040817,Perdida ohmica total,η_ohm = j · R_total,0.03552827205161639,"{'j': 0.39387755102040817, 'R_total': 0.090201312462653}"
Pt-ref,298.0,0.39387755102040817,j_lim (Arrhenius),j_lim = j_lim_ref * exp(-Ea/R * (1/T - 1/Tref)),3.9902653971846744,"{'j_lim_ref': 4.0, 'Ea': 12000.0, 'R': 8.314462618, 'T': 298.0, 'T_ref': 298.15}"
Pt-ref,298.0,0.39387755102040817,η_conc,η = -(RT/(nF))·ln(1 - j/j_lim),0.001334414652034669,"{'R': 8.314462618, 'T': 298.0, 'n': 2, 'F': 96485.33212, 'j': 0.39387755102040817, 'j_lim': 3.9902653971846744, 'prefactor': 0.012839826560800151}"
Pt-ref,298.0,0.39387755102040817,V_cell,V = V_rev + η_act + η_ohm + η_conc,1.3433352099511984,"{'V_rev': 1.2298732968034478, 'eta_act': 0.07659922644409954, 'eta_ohm': 0.03552827205161639, 'eta_conc': 0.001334414652034669}"
Pt-ref,298.0,0.41408163265306125,Potencial reversible (aprox. lineal),V_rev = V_ref + (ΔS/(nF))·(T - T_ref),1.2298732968034478,"{'V_ref': 1.23, 'ΔS_ref': 163.0, 'n': 2, 'F': 96485.33212, 'T': 298.0, 'T_ref': 298.15, 'slope': 0.0008446879770143449}"
Pt-ref,298.0,0.41408163265306125,j0(T) Pt-ref,j0 = j0_ref * exp(-Ea/R * (1/T - 1/Tref)),0.02,"{'j0_ref': 0.02, 'Ea': 30000.0, 'R': 8.314462618, 'T': 298.0, 'T_ref': 298.0}"
Pt-ref,298.0,0.41408163265306125,η_act BV Pt-ref,j = j0[exp(α_a nFη/RT) - exp(-α_c nFη/RT)],0.07787754375695395,"{'alpha_a': 0.5, 'alpha_c': 0.5, 'n': 2, 'F': 96485.33212, 'R': 8.314462618, 'T': 298.0, 'beta_a': 38.94133597773777, 'beta_c': 38.94133597773777, 'j': 0.41408163265306125, 'j0': 0.02, 'eta': 0.07787754375695395}"
Pt-ref,298.0,0.41408163265306125,R capa membrana,R = delta / kappa(T),0.05015252070648465,"{'delta': 0.005, 'kappa_ref': 0.1, 'Ea_kappa': 15000, 'T': 298.0, 'T_ref': 298.15, 'kappa(T)': 0.0996958862598806}"
Pt-ref,298.0,0.41408163265306125,R capa electrolito,R = delta / kappa(T),0.020048791756168367,"{'delta': 0.01, 'kappa_ref': 0.5, 'Ea_kappa': 12000, 'T': 298.0, 'T_ref': 298.15, 'kappa(T)': 0.4987831746480843}"
Pt-ref,298.0,0.41408163265306125,Perdida ohmica total,η_ohm = j · R_total,0.037350706731984276,"{'j': 0.41408163265306125, 'R_total': 0.090201312462653}"
Pt-ref,298.0,0.41408163265306125,j_lim (Arrhenius),j_lim = j_lim_ref * exp(-Ea/R * (1/T - 1/Tref)),3.9902653971846744,"{'j_lim_ref': 4.0, 'Ea': 12000.0, 'R': 8.314462618, 'T': 298.0, 'T_ref': 298.15}"
Pt-ref,298.0,0.41408163265306125,η_conc,η = -(RT/(nF))·ln(1 - j/j_lim),0.001406750657639251,"{'R': 8.314462618, 'T': 298.0, 'n': 2, 'F': 96485.33212, 'j': 0.41408163265306125, 'j_lim': 3.9902653971846744, 'prefactor': 0.012839826560800151}"
Pt-ref,298.0,0.41408163265306125,V_cell,V = V_rev + η_act + η_ohm + η_conc,1.3465082979500251,"{'V_rev': 1.2298732968034478, 'eta_act': 0.07787754375695395, 'eta_ohm': 0.037350706731984276, 'eta_conc': 0.001406750657639251}"
Pt-ref,298.0,0.4342857142857143,Potencial reversible (aprox. lineal),V_rev = V_ref + (ΔS/(nF))·(T - T_ref),1.2298732968034478,"{'V_ref': 1.23, 'ΔS_ref': 163.0, 'n': 2, 'F': 96485.33212, 'T': 298.0, 'T_ref': 298.15, 'slope': 0.0008446879770143449}"
Pt-ref,298.0,0.4342857142857143,j0(T) Pt-ref,j0 = j0_ref * exp(-Ea/R * (1/T - 1/Tref)),0.02,"{'j0_ref': 0.02, 'Ea': 30000.0, 'R': 8.314462618, 'T': 298.0, 'T_ref': 298.0}"
Pt-ref,298.0,0.4342857142857143,η_act BV Pt-ref,j = j0[exp(α_a nFη/RT) - exp(-α_c nFη/RT)],0.07909550157896825,"{'alpha_a': 0.5, 'alpha_c': 0.5, 'n': 2, 'F': 96485.33212, 'R': 8.314462618, 'T': 298.0, 'beta_a': 38.94133597773777, 'beta_c': 38.94133597773777, 'j': 0.4342857142857143, 'j0': 0.02, 'eta': 0.07909550157896825}"
Pt-ref,298.0,0.4342857142857143,R capa membrana,R = delta / kappa(T),0.05015252070648465,"{'delta': 0.005, 'kappa_ref': 0.1, 'Ea_kappa': 15000, 'T': 298.0, 'T_ref': 298.15, 'kappa(T)': 0.0996958862598806}"
Pt-ref,298.0,0.4342857142857143,R capa electrolito,R = delta / kappa(T),0.020048791756168367,"{'delta': 0.01, 'kappa_ref': 0.5, 'Ea_kappa': 12000, 'T': 298.0, 'T_ref': 298.15, 'kappa(T)': 0.4987831746480843}"
Pt-ref,298.0,0.4342857142857143,Perdida ohmica total,η_ohm = j · R_total,0.03917314141235216,"{'j': 0.4342857142857143, 'R_total': 0.090201312462653}"
Pt-ref,298.0,0.4342857142857143,j_lim (Arrhenius),j_lim = j_lim_ref * exp(-Ea/R * (1/T - 1/Tref)),3.9902653971846744,"{'j_lim_ref': 4.0, 'Ea': 12000.0, 'R': 8.314462618, 'T': 298.0, 'T_ref': 298.15}"
Pt-ref,298.0,0.4342857142857143,η_conc,η = -(RT/(nF))·ln(1 - j/j_lim),0.0014794964941092586,"{'R': 8.314462618, 'T': 298.0, 'n': 2, 'F': 96485.33212, 'j': 0.4342857142857143, 'j_lim': 3.9902653971846744, 'prefactor': 0.012839826560800151}"
Pt-ref,298.0,0.4342857142857143,V_cell,V = V_rev + η_act + η_ohm + η_conc,1.3496214362888774,"{'V_rev': 1.2298732968034478, 'eta_act': 0.07909550157896825, 'eta_ohm': 0.03917314141235216, 'eta_conc': 0.0014794964941092586}"
Pt-ref,298.0,0.45448979591836736,Potencial reversible (aprox. lineal),V_rev = V_ref + (ΔS/(nF))·(T - T_ref),1.2298732968034478,"{'V_ref': 1.23, 'ΔS_ref': 163.0, 'n': 2, 'F': 96485.33212, 'T': 298.0, 'T_ref': 298.15, 'slope': 0.0008446879770143449}"
Pt-ref,298.0,0.45448979591836736,j0(T) Pt-ref,j0 = j0_ref * exp(-Ea/R * (1/T - 1/Tref)),0.02,"{'j0_ref': 0.02, 'Ea': 30000.0, 'R': 8.314462618, 'T': 298.0, 'T_ref': 298.0}"
Pt-ref,298.0,0.45448979591836736,η_act BV Pt-ref,j = j0[exp(α_a nFη/RT) - exp(-α_c nFη/RT)],0.08025852178691713,"{'alpha_a': 0.5, 'alpha_c': 0.5, 'n': 2, 'F': 96485.33212, 'R': 8.314462618, 'T': 298.0, 'beta_a': 38.94133597773777, 'beta_c': 38.94133597773777, 'j': 0.45448979591836736, 'j0': 0.02, 'eta': 0.08025852178691713}"
Pt-ref,298.0,0.45448979591836736,R capa membrana,R = delta / kappa(T),0.05015252070648465,"{'delta': 0.005, 'kappa_ref': 0.1, 'Ea_kappa': 15000, 'T': 298.0, 'T_ref': 298.15, 'kappa(T)': 0.0996958862598806}"
Pt-ref,298.0,0.45448979591836736,R capa electrolito,R = delta / kappa(T),0.020048791756168367,"{'delta': 0.01, 'kappa_ref': 0.5, 'Ea_kappa': 12000, 'T': 298.0, 'T_ref': 298.15, 'kappa(T)': 0.4987831746480843}"
Pt-ref,298.0,0.45448979591836736,Perdida ohmica total,η_ohm = j · R_total,0.04099557609272005,"{'j': 0.45448979591836736, 'R_total': 0.090201312462653}"
Pt-ref,298.0,0.45448979591836736,j_lim (Arrhenius),j_lim = j_lim_ref * exp(-Ea/R * (1/T - 1/Tref)),3.9902653971846744,"{'j_lim_ref': 4.0, 'Ea': 12000.0, 'R': 8.314462618, 'T': 298.0, 'T_ref': 298.15}"
Pt-ref,298.0,0.45448979591836736,η_conc,η = -(RT/(nF))·ln(1 - j/j_lim),0.001552656831838836,"{'R': 8.314462618, 'T': 298.0, 'n': 2, 'F': 96485.33212, 'j': 0.45448979591836736, 'j_lim': 3.9902653971846744, 'prefactor': 0.012839826560800151}"
Pt-ref,298.0,0.45448979591836736,V_cell,V = V_rev + η_act + η_ohm + η_conc,1.352680051514924,"{'V_rev': 1.2298732968034478, 'eta_act': 0.08025852178691713, 'eta_ohm': 0.04099557609272005, 'eta_conc': 0.001552656831838836}"
Pt-ref,298.0,0.4746938775510204,Potencial reversible (aprox. lineal),V_rev = V_ref + (ΔS/(nF))·(T - T_ref),1.2298732968034478,"{'V_ref': 1.23, 'ΔS_ref': 163.0, 'n': 2, 'F': 96485.33212, 'T': 298.0, 'T_ref': 298.15, 'slope': 0.0008446879770143449}"
Pt-ref,298.0,0.4746938775510204,j0(T) Pt-ref,j0 = j0_ref * exp(-Ea/R * (1/T - 1/Tref)),0.02,"{'j0_ref': 0.02, 'Ea': 30000.0, 'R': 8.314462618, 'T': 298.0, 'T_ref': 298.0}"
Pt-ref,298.0,0.4746938775510204,η_act BV Pt-ref,j = j0[exp(α_a nFη/RT) - exp(-α_c nFη/RT)],0.08137132964788334,"{'alpha_a': 0.5, 'alpha_c': 0.5, 'n': 2, 'F': 96485.33212, 'R': 8.314462618, 'T': 298.0, 'beta_a': 38.94133597773777, 'beta_c': 38.94133597773777, 'j': 0.4746938775510204, 'j0': 0.02, 'eta': 0.08137132964788334}"
Pt-ref,298.0,0.4746938775510204,R capa membrana,R = delta / kappa(T),0.05015252070648465,"{'delta': 0.005, 'kappa_ref': 0.1, 'Ea_kappa': 15000, 'T': 298.0, 'T_ref': 298.15, 'kappa(T)': 0.0996958862598806}"
Pt-ref,298.0,0.4746938775510204,R capa electrolito,R = delta / kappa(T),0.020048791756168367,"{'delta': 0.01, 'kappa_ref': 0.5, 'Ea_kappa': 12000, 'T': 298.0, 'T_ref': 298.15, 'kappa(T)': 0.4987831746480843}"
Pt-ref,298.0,0.4746938775510204,Perdida ohmica total,η_ohm = j · R_total,0.04281801077308794,"{'j': 0.4746938775510204, 'R_total': 0.090201312462653}"
Pt-ref,298.0,0.4746938775510204,j_lim (Arrhenius),j_lim = j_lim_ref * exp(-Ea/R * (1/T - 1/Tref)),3.9902653971846744,"{'j_lim_ref': 4.0, 'Ea': 12000.0, 'R': 8.314462618, 'T': 298.0, 'T_ref': 298.15}"
Pt-ref,298.0,0.4746938775510204,η_conc,η = -(RT/(nF))·ln(1 - j/j_lim),0.0016262364215149125,"{'R': 8.314462618, 'T': 298.0, 'n': 2, 'F': 96485.33212, 'j': 0.4746938775510204, 'j_lim': 3.9902653971846744, 'prefactor': 0.012839826560800151}"
Pt-ref,298.0,0.4746938775510204,V_cell,V = V_rev + η_act + η_ohm + η_conc,1.355688873645934,"{'V_rev': 1.2298732968034478, 'eta_act': 0.08137132964788334, 'eta_ohm': 0.04281801077308794, 'eta_conc': 0.0016262364215149125}"
Pt-ref,298.0,0.49489795918367346,Potencial reversible (aprox. lineal),V_rev = V_ref + (ΔS/(nF))·(T - T_ref),1.2298732968034478,"{'V_ref': 1.23, 'ΔS_ref': 163.0, 'n': 2, 'F': 96485.33212, 'T': 298.0, 'T_ref': 298.15, 'slope': 0.0008446879770143449}"
Pt-ref,298.0,0.49489795918367346,j0(T) Pt-ref,j0 = j0_ref * exp(-Ea/R * (1/T - 1/Tref)),0.02,"{'j0_ref': 0.02, 'Ea': 30000.0, 'R': 8.314462618, 'T': 298.0, 'T_ref': 298.0}"
Pt-ref,298.0,0.49489795918367346,η_act BV Pt-ref,j = j0[exp(α_a nFη/RT) - exp(-α_c nFη/RT)],0.08243806786492415,"{'alpha_a': 0.5, 'alpha_c': 0.5, 'n': 2, 'F': 96485.33212, 'R': 8.314462618, 'T': 298.0, 'beta_a': 38.94133597773777, 'beta_c': 38.94133597773777, 'j': 0.49489795918367346, 'j0': 0.02, 'eta': 0.08243806786492415}"
Pt-ref,298.0,0.49489795918367346,R capa membrana,R = delta / kappa(T),0.05015252070648465,"{'delta': 0.005, 'kappa_ref': 0.1, 'Ea_kappa': 15000, 'T': 298.0, 'T_ref': 298.15, 'kappa(T)': 0.0996958862598806}"
Pt-ref,298.0,0.49489795918367346,R capa electrolito,R = delta / kappa(T),0.020048791756168367,"{'delta': 0.01, 'kappa_ref': 0.5, 'Ea_kappa': 12000, 'T': 298.0, 'T_ref': 298.15, 'kappa(T)': 0.4987831746480843}"
Pt-ref,298.0,0.49489795918367346,Perdida ohmica total,η_ohm = j · R_total,0.04464044545345582,"{'j': 0.49489795918367346, 'R_total': 0.090201312462653}"
Pt-ref,298.0,0.49489795918367346,j_lim (Arrhenius),j_lim = j_lim_ref * exp(-Ea/R * (1/T - 1/Tref)),3.9902653971846744,"{'j_lim_ref': 4.0, 'Ea': 12000.0, 'R': 8.314462618, 'T': 298.0, 'T_ref': 298.15}"
Pt-ref,298.0,0.49489795918367346,η_conc,η = -(RT/(nF))·ln(1 - j/j_lim),0.0017002400959683244,"{'R': 8.314462618, 'T': 298.0, 'n': 2, 'F': 96485.33212, 'j': 0.49489795918367346, 'j_lim': 3.9902653971846744, 'prefactor': 0.012839826560800151}"
Pt-ref,298.0,0.49489795918367346,V_cell,V = V_rev + η_act + η_ohm + η_conc,1.3586520502177961,"{'V_rev': 1.2298732968034478, 'eta_act': 0.08243806786492415, 'eta_ohm': 0.04464044545345582, 'eta_conc': 0.0017002400959683244}"
Pt-ref,298.0,0.5151020408163265,Potencial reversible (aprox. lineal),V_rev = V_ref + (ΔS/(nF))·(T - T_ref),1.2298732968034478,"{'V_ref': 1.23, 'ΔS_ref': 163.0, 'n': 2, 'F': 96485.33212, 'T': 298.0, 'T_ref': 298.15, 'slope': 0.0008446879770143449}"
Pt-ref,298.0,0.5151020408163265,j0(T) Pt-ref,j0 = j0_ref * exp(-Ea/R * (1/T - 1/Tref)),0.02,"{'j0_ref': 0.02, 'Ea': 30000.0, 'R': 8.314462618, 'T': 298.0, 'T_ref': 298.0}"
Pt-ref,298.0,0.5151020408163265,η_act BV Pt-ref,j = j0[exp(α_a nFη/RT) - exp(-α_c nFη/RT)],0.08346238827362078,"{'alpha_a': 0.5, 'alpha_c': 0.5, 'n': 2, 'F': 96485.33212, 'R': 8.314462618, 'T': 298.0, 'beta_a': 38.94133597773777, 'beta_c': 38.94133597773777, 'j': 0.5151020408163265, 'j0': 0.02, 'eta': 0.08346238827362078}"
Pt-ref,298.0,0.5151020408163265,R capa membrana,R = delta / kappa(T),0.05015252070648465,"{'delta': 0.005, 'kappa_ref': 0.1, 'Ea_kappa': 15000, 'T': 298.0, 'T_ref': 298.15, 'kappa(T)': 0.0996958862598806}"
Pt-ref,298.0,0.5151020408163265,R capa electrolito,R = delta / kappa(T),0.020048791756168367,"{'delta': 0.01, 'kappa_ref': 0.5, 'Ea_kappa': 12000, 'T': 298.0, 'T_ref': 298.15, 'kappa(T)': 0.4987831746480843}"
Pt-ref,298.0,0.5151020408163265,Perdida ohmica total,η_ohm = j · R_total,0.04646288013382371,"{'j': 0.5151020408163265, 'R_total': 0.090201312462653}"
Pt-ref,298.0,0.5151020408163265,j_lim (Arrhenius),j_lim = j_lim_ref * exp(-Ea/R * (1/T - 1/Tref)),3.9902653971846744,"{'j_lim_ref': 4.0, 'Ea': 12000.0, 'R': 8.314462618, 'T': 298.0, 'T_ref': 298.15}"
Pt-ref,298.0,0.5151020408163265,η_conc,η = -(RT/(nF))·ln(1 - j/j_lim),0.0017746727720785948,"{'R': 8.314462618, 'T': 298.0, 'n': 2, 'F': 96485.33212, 'j': 0.5151020408163265, 'j_lim': 3.9902653971846744, 'prefactor': 0.012839826560800151}"
Pt-ref,298.0,0.5151020408163265,V_cell,V = V_rev + η_act + η_ohm + η_conc,1.3615732379829708,"{'V_rev': 1.2298732968034478, 'eta_act': 0.08346238827362078, 'eta_ohm': 0.04646288013382371, 'eta_conc': 0.0017746727720785948}"
Pt-ref,298.0,0.5353061224489796,Potencial reversible (aprox. lineal),V_rev = V_ref + (ΔS/(nF))·(T - T_ref),1.2298732968034478,"{'V_ref': 1.23, 'ΔS_ref': 163.0, 'n': 2, 'F': 96485.33212, 'T': 298.0, 'T_ref': 298.15, 'slope': 0.0008446879770143449}"
Pt-ref,298.0,0.5353061224489796,j0(T) Pt-ref,j0 = j0_ref * exp(-Ea/R * (1/T - 1/Tref)),0.02,"{'j0_ref': 0.02, 'Ea': 30000.0, 'R': 8.314462618, 'T': 298.0, 'T_ref': 298.0}"
Pt-ref,298.0,0.5353061224489796,η_act BV Pt-ref,j = j0[exp(α_a nFη/RT) - exp(-α_c nFη/RT)],0.08444752623143094,"{'alpha_a': 0.5, 'alpha_c': 0.5, 'n': 2, 'F': 96485.33212, 'R': 8.314462618, 'T': 298.0, 'beta_a': 38.94133597773777, 'beta_c': 38.94133597773777, 'j': 0.5353061224489796, 'j0': 0.02, 'eta': 0.08444752623143094}"
Pt-ref,298.0,0.5353061224489796,R capa membrana,R = delta / kappa(T),0.05015252070648465,"{'delta': 0.005, 'kappa_ref': 0.1, 'Ea_kappa': 15000, 'T': 298.0, 'T_ref': 298.15, 'kappa(T)': 0.0996958862598806}"
Pt-ref,298.0,0.5353061224489796,R capa electrolito,R = delta / kappa(T),0.020048791756168367,"{'delta': 0.01, 'kappa_ref': 0.5, 'Ea_kappa': 12000, 'T': 298.0, 'T_ref': 298.15, 'kappa(T)': 0.4987831746480843}"
Pt-ref,298.0,0.5353061224489796,Perdida ohmica total,η_ohm = j · R_total,0.0482853148141916,"{'j': 0.5353061224489796, 'R_total': 0.090201312462653}"
Pt-ref,298.0,0.5353061224489796,j_lim (Arrhenius),j_lim = j_lim_ref * exp(-Ea/R * (1/T - 1/Tref)),3.9902653971846744,"{'j_lim_ref': 4.0, 'Ea': 12000.0, 'R': 8.314462618, 'T': 298.0, 'T_ref': 298.15}"
Pt-ref,298.0,0.5353061224489796,η_conc,η = -(RT/(nF))·ln(1 - j/j_lim),0.001849539452734246,"{'R': 8.314462618, 'T': 298.0, 'n': 2, 'F': 96485.33212, 'j': 0.5353061224489796, 'j_lim': 3.9902653971846744, 'prefactor': 0.012839826560800151}"
Pt-ref,298.0,0.5353061224489796,V_cell,V = V_rev + η_act + η_ohm + η_conc,1.3644556773018046,"{'V_rev': 1.2298732968034478, 'eta_act': 0.08444752623143094, 'eta_ohm': 0.0482853148141916, 'eta_conc': 0.001849539452734246}"
Pt-ref,298.0,0.5555102040816327,Potencial reversible (aprox. lineal),V_rev = V_ref + (ΔS/(nF))·(T - T_ref),1.2298732968034478,"{'V_ref': 1.23, 'ΔS_ref': 163.0, 'n': 2, 'F': 96485.33212, 'T': 298.0, 'T_ref': 298.15, 'slope': 0.0008446879770143449}"
Pt-ref,298.0,0.5555102040816327,j0(T) Pt-ref,j0 = j0_ref * exp(-Ea/R * (1/T - 1/Tref)),0.02,"{'j0_ref': 0.02, 'Ea': 30000.0, 'R': 8.314462618, 'T': 298.0, 'T_ref': 298.0}"
Pt-ref,298.0,0.5555102040816327,η_act BV Pt-ref,j = j0[exp(α_a nFη/RT) - exp(-α_c nFη/RT)],0.0853963614665853,"{'alpha_a': 0.5, 'alpha_c': 0.5, 'n': 2, 'F': 96485.33212, 'R': 8.314462618, 'T': 298.0, 'beta_a': 38.94133597773777, 'beta_c': 38.94133597773777, 'j': 0.5555102040816327, 'j0': 0.02, 'eta': 0.0853963614665853}"
Pt-ref,298.0,0.5555102040816327,R capa membrana,R = delta / kappa(T),0.05015252070648465,"{'delta': 0.005, 'kappa_ref': 0.1, 'Ea_kappa': 15000, 'T': 298.0, 'T_ref': 298.15, 'kappa(T)': 0.0996958862598806}"
Pt-ref,298.0,0.5555102040816327,R capa electrolito,R = delta / kappa(T),0.020048791756168367,"{'delta': 0.01, 'kappa_ref': 0.5, 'Ea_kappa': 12000, 'T': 298.0, 'T_ref': 298.15, 'kappa(T)': 0.4987831746480843}"
Pt-ref,298.0,0.5555102040816327,Perdida ohmica total,η_ohm = j · R_total,0.050107749494559484,"{'j': 0.5555102040816327, 'R_total': 0.090201312462653}"
Pt-ref,298.0,0.5555102040816327,j_lim (Arrhenius),j_lim = j_lim_ref * exp(-Ea/R * (1/T - 1/Tref)),3.9902653971846744,"{'j_lim_ref': 4.0, 'Ea': 12000.0, 'R': 8.314462618, 'T': 298.0, 'T_ref': 298.15}"
Pt-ref,298.0,0.5555102040816327,η_conc,η = -(RT/(nF))·ln(1 - j/j_lim),0.001924845228850597,"{'R': 8.314462618, 'T': 298.0, 'n': 2, 'F': 96485.33212, 'j': 0.5555102040816327, 'j_lim': 3.9902653971846744, 'prefactor': 0.012839826560800151}"
Pt-ref,298.0,0.5555102040816327,V_cell,V = V_rev + η_act + η_ohm + η_conc,1.367302252993443,"{'V_rev': 1.2298732968034478, 'eta_act': 0.0853963614665853, 'eta_ohm': 0.050107749494559484, 'eta_conc': 0.001924845228850597}"
Pt-ref,298.0,0.5757142857142857,Potencial reversible (aprox. lineal),V_rev = V_ref + (ΔS/(nF))·(T - T_ref),1.2298732968034478,"{'V_ref': 1.23, 'ΔS_ref': 163.0, 'n': 2, 'F': 96485.33212, 'T': 298.0, 'T_ref': 298.15, 'slope': 0.0008446879770143449}"
Pt-ref,298.0,0.5757142857142857,j0(T) Pt-ref,j0 = j0_ref * exp(-Ea/R * (1/T - 1/Tref)),0.02,"{'j0_ref': 0.02, 'Ea': 30000.0, 'R': 8.314462618, 'T': 298.0, 'T_ref': 298.0}"
Pt-ref,298.0,0.5757142857142857,η_act BV Pt-ref,j = j0[exp(α_a nFη/RT) - exp(-α_c nFη/RT)],0.08631146823281333,"{'alpha_a': 0.5, 'alpha_c': 0.5, 'n': 2, 'F': 96485.33212, 'R': 8.314462618, 'T': 298.0, 'beta_a': 38.94133597773777, 'beta_c': 38.94133597773777, 'j': 0.5757142857142857, 'j0': 0.02, 'eta': 0.08631146823281333}"
Pt-ref,298.0,0.5757142857142857,R capa membrana,R = delta / kappa(T),0.05015252070648465,"{'delta': 0.005, 'kappa_ref': 0.1, 'Ea_kappa': 15000, 'T': 298.0, 'T_ref': 298.15, 'kappa(T)': 0.0996958862598806}"
Pt-ref,298.0,0.5757142857142857,R capa electrolito,R = delta / kappa(T),0.020048791756168367,"{'delta': 0.01, 'kappa_ref': 0.5, 'Ea_kappa': 12000, 'T': 298.0, 'T_ref': 298.15, 'kappa(T)': 0.4987831746480843}"
Pt-ref,298.0,0.5757142857142857,Perdida ohmica total,η_ohm = j · R_total,0.051930184174927375,"{'j': 0.5757142857142857, 'R_total': 0.090201312462653}"
Pt-ref,298.0,0.5757142857142857,j_lim (Arrhenius),j_lim = j_lim_ref * exp(-Ea/R * (1/T - 1/Tref)),3.9902653971846744,"{'j_lim_ref': 4.0, 'Ea': 12000.0, 'R': 8.314462618, 'T': 298.0, 'T_ref': 298.15}"
Pt-ref,298.0,0.5757142857142857,η_conc,η = -(RT/(nF))·ln(1 - j/j_lim),0.002000595281447087,"{'R': 8.314462618, 'T': 298.0, 'n': 2, 'F': 96485.33212, 'j': 0.5757142857142857, 'j_lim': 3.9902653971846744, 'prefactor': 0.012839826560800151}"
Pt-ref,298.0,0.5757142857142857,V_cell,V = V_rev + η_act + η_ohm + η_conc,1.3701155444926356,"{'V_rev': 1.2298732968034478, 'eta_act': 0.08631146823281333, 'eta_ohm': 0.051930184174927375, 'eta_conc': 0.002000595281447087}"
Pt-ref,298.0,0.5959183673469388,Potencial reversible (aprox. lineal),V_rev = V_ref + (ΔS/(nF))·(T - T_ref),1.2298732968034478,"{'V_ref': 1.23, 'ΔS_ref': 163.0, 'n': 2, 'F': 96485.33212, 'T': 298.0, 'T_ref': 298.15, 'slope': 0.0008446879770143449}"
Pt-ref,298.0,0.5959183673469388,j0(T) Pt-ref,j0 = j0_ref * exp(-Ea/R * (1/T - 1/Tref)),0.02,"{'j0_ref': 0.02, 'Ea': 30000.0, 'R': 8.314462618, 'T': 298.0, 'T_ref': 298.0}"
Pt-ref,298.0,0.5959183673469388,η_act BV Pt-ref,j = j0[exp(α_a nFη/RT) - exp(-α_c nFη/RT)],0.08719515694346733,"{'alpha_a': 0.5, 'alpha_c': 0.5, 'n': 2, 'F': 96485.33212, 'R': 8.314462618, 'T': 298.0, 'beta_a': 38.94133597773777, 'beta_c': 38.94133597773777, 'j': 0.5959183673469388, 'j0': 0.02, 'eta': 0.08719515694346733}"
Pt-ref,298.0,0.5959183673469388,R capa membrana,R = delta / kappa(T),0.05015252070648465,"{'delta': 0.005, 'kappa_ref': 0.1, 'Ea_kappa': 15000, 'T': 298.0, 'T_ref': 298.15, 'kappa(T)': 0.0996958862598806}"
Pt-ref,298.0,0.5959183673469388,R capa electrolito,R = delta / kappa(T),0.020048791756168367,"{'delta': 0.01, 'kappa_ref': 0.5, 'Ea_kappa': 12000, 'T': 298.0, 'T_ref': 298.15, 'kappa(T)': 0.4987831746480843}"
Pt-ref,298.0,0.5959183673469388,Perdida ohmica total,η_ohm = j · R_total,0.05375261885529526,"{'j': 0.5959183673469388, 'R_total': 0.090201312462653}"
Pt-ref,298.0,0.5959183673469388,j_lim (Arrhenius),j_lim = j_lim_ref * exp(-Ea/R * (1/T - 1/Tref)),3.9902653971846744,"{'j_lim_ref': 4.0, 'Ea': 12000.0, 'R': 8.314462618, 'T': 298.0, 'T_ref': 298.15}"
Pt-ref,298.0,0.5959183673469388,η_conc,η = -(RT/(nF))·ln(1 - j/j_lim),0.0020767948837862355,"{'R': 8.314462618, 'T': 298.0, 'n': 2, 'F': 96485.33212, 'j': 0.5959183673469388, 'j_lim': 3.9902653971846744, 'prefactor': 0.012839826560800151}"
Pt-ref,298.0,0.5959183673469388,V_cell,V = V_rev + η_act + η_ohm + η_conc,1.3728978674859966,"{'V_rev': 1.2298732968034478, 'eta_act': 0.08719515694346733, 'eta_ohm': 0.05375261885529526, 'eta_conc': 0.0020767948837862355}"
Pt-ref,298.0,0.6161224489795918,Potencial reversible (aprox. lineal),V_rev = V_ref + (ΔS/(nF))·(T - T_ref),1.2298732968034478,"{'V_ref': 1.23, 'ΔS_ref': 163.0, 'n': 2, 'F': 96485.33212, 'T': 298.0, 'T_ref': 298.15, 'slope': 0.0008446879770143449}"
Pt-ref,298.0,0.6161224489795918,j0(T) Pt-ref,j0 = j0_ref * exp(-Ea/R * (1/T - 1/Tref)),0.02,"{'j0_ref': 0.02, 'Ea': 30000.0, 'R': 8.314462618, 'T': 298.0, 'T_ref': 298.0}"
Pt-ref,298.0,0.6161224489795918,η_act BV Pt-ref,j = j0[exp(α_a nFη/RT) - exp(-α_c nFη/RT)],0.0880495089612503,"{'alpha_a': 0.5, 'alpha_c': 0.5, 'n': 2, 'F': 96485.33212, 'R': 8.314462618, 'T': 298.0, 'beta_a': 38.94133597773777, 'beta_c': 38.94133597773777, 'j': 0.6161224489795918, 'j0': 0.02, 'eta': 0.0880495089612503}"
Pt-ref,298.0,0.6161224489795918,R capa membrana,R = delta / kappa(T),0.05015252070648465,"{'delta': 0.005, 'kappa_ref': 0.1, 'Ea_kappa': 15000, 'T': 298.0, 'T_ref': 298.15, 'kappa(T)': 0.0996958862598806}"
Pt-ref,298.0,0.6161224489795918,R capa electrolito,R = delta / kappa(T),0.020048791756168367,"{'delta': 0.01, 'kappa_ref': 0.5, 'Ea_kappa': 12000, 'T': 298.0, 'T_ref': 298.15, 'kappa(T)': 0.4987831746480843}"
Pt-ref,298.0,0.6161224489795918,Perdida ohmica total,η_ohm = j · R_total,0.055575053535663145,"{'j': 0.6161224489795918, 'R_total': 0.090201312462653}"
Pt-ref,298.0,0.6161224489795918,j_lim (Arrhenius),j_lim = j_lim_ref * exp(-Ea/R * (1/T - 1/Tref)),3.9902653971846744,"{'j_lim_ref': 4.0, 'Ea': 12000.0, 'R': 8.314462618, 'T': 298.0, 'T_ref': 298.15}"
Pt-ref,298.0,0.6161224489795918,η_conc,η = -(RT/(nF))·ln(1 - j/j_lim),0.0021534494035764552,"{'R': 8.314462618, 'T': 298.0, 'n': 2, 'F': 96485.33212, 'j': 0.6161224489795918, 'j_lim': 3.9902653971846744, 'prefactor': 0.012839826560800151}"
Pt-ref,298.0,0.6161224489795918,V_cell,V = V_rev + η_act + η_ohm + η_conc,1.3756513087039377,"{'V_rev': 1.2298732968034478, 'eta_act': 0.0880495089612503, 'eta_ohm': 0.055575053535663145, 'eta_conc': 0.0021534494035764552}"
Pt-ref,298.0,0.636326530612245,Potencial reversible (aprox. lineal),V_rev = V_ref + (ΔS/(nF))·(T - T_ref),1.2298732968034478,"{'V_ref': 1.23, 'ΔS_ref': 163.0, 'n': 2, 'F': 96485.33212, 'T': 298.0, 'T_ref': 298.15, 'slope': 0.0008446879770143449}"
Pt-ref,298.0,0.636326530612245,j0(T) Pt-ref,j0 = j0_ref * exp(-Ea/R * (1/T - 1/Tref)),0.02,"{'j0_ref': 0.02, 'Ea': 30000.0, 'R': 8.314462618, 'T': 298.0, 'T_ref': 298.0}"
Pt-ref,298.0,0.636326530612245,η_act BV Pt-ref,j = j0[exp(α_a nFη/RT) - exp(-α_c nFη/RT)],0.08887640584805678,"{'alpha_a': 0.5, 'alpha_c': 0.5, 'n': 2, 'F': 96485.33212, 'R': 8.314462618, 'T': 298.0, 'beta_a': 38.94133597773777, 'beta_c': 38.94133597773777, 'j': 0.636326530612245, 'j0': 0.02, 'eta': 0.08887640584805678}"
Pt-ref,298.0,0.636326530612245,R capa membrana,R = delta / kappa(T),0.05015252070648465,"{'delta': 0.005, 'kappa_ref': 0.1, 'Ea_kappa': 15000, 'T': 298.0, 'T_ref': 298.15, 'kappa(T)': 0.0996958862598806}"
Pt-ref,298.0,0.636326530612245,R capa electrolito,R = delta / kappa(T),0.020048791756168367,"{'delta': 0.01, 'kappa_ref': 0.5, 'Ea_kappa': 12000, 'T': 298.0, 'T_ref': 298.15, 'kappa(T)': 0.4987831746480843}"
Pt-ref,298.0,0.636326530612245,Perdida ohmica total,η_ohm = j · R_total,0.057397488216031044,"{'j': 0.636326530612245, 'R_total': 0.090201312462653}"
Pt-ref,298.0,0.636326530612245,j_lim (Arrhenius),j_lim = j_lim_ref * exp(-Ea/R * (1/T - 1/Tref)),3.9902653971846744,"{'j_lim_ref': 4.0, 'Ea': 12000.0, 'R': 8.314462618, 'T': 298.0, 'T_ref': 298.15}"
Pt-ref,298.0,0.636326530612245,η_conc,η = -(RT/(nF))·ln(1 - j/j_lim),0.0022305643052410217,"{'R': 8.314462618, 'T': 298.0, 'n': 2, 'F': 96485.33212, 'j': 0.636326530612245, 'j_lim': 3.9902653971846744, 'prefactor': 0.012839826560800151}"
Pt-ref,298.0,0.636326530612245,V_cell,V = V_rev + η_act + η_ohm + η_conc,1.3783777551727765,"{'V_rev': 1.2298732968034478, 'eta_act': 0.08887640584805678, 'eta_ohm': 0.057397488216031044, 'eta_conc': 0.0022305643052410217}"
Pt-ref,298.0,0.656530612244898,Potencial reversible (aprox. lineal),V_rev = V_ref + (ΔS/(nF))·(T - T_ref),1.2298732968034478,"{'V_ref': 1.23, 'ΔS_ref': 163.0, 'n': 2, 'F': 96485.33212, 'T': 298.0, 'T_ref': 298.15, 'slope': 0.0008446879770143449}"
Pt-ref,298.0,0.656530612244898,j0(T) Pt-ref,j0 = j0_ref * exp(-Ea/R * (1/T - 1/Tref)),0.02,"{'j0_ref': 0.02, 'Ea': 30000.0, 'R': 8.314462618, 'T': 298.0, 'T_ref': 298.0}"
Pt-ref,298.0,0.656530612244898,η_act BV Pt-ref,j = j0[exp(α_a nFη/RT) - exp(-α_c nFη/RT)],0.08967755409885754,"{'alpha_a': 0.5, 'alpha_c': 0.5, 'n': 2, 'F': 96485.33212, 'R': 8.314462618, 'T': 298.0, 'beta_a': 38.94133597773777, 'beta_c': 38.94133597773777, 'j': 0.656530612244898, 'j0': 0.02, 'eta': 0.08967755409885754}"
Pt-ref,298.0,0.656530612244898,R capa membrana,R = delta / kappa(T),0.05015252070648465,"{'delta': 0.005, 'kappa_ref': 0.1, 'Ea_kappa': 15000, 'T': 298.0, 'T_ref': 298.15, 'kappa(T)': 0.0996958862598806}"
Pt-ref,298.0,0.656530612244898,R capa electrolito,R = delta / kappa(T),0.020048791756168367,"{'delta': 0.01, 'kappa_ref': 0.5, 'Ea_kappa': 12000, 'T': 298.0, 'T_ref': 298.15, 'kappa(T)': 0.4987831746480843}"
Pt-ref,298.0,0.656530612244898,Perdida ohmica total,η_ohm = j · R_total,0.05921992289639892,"{'j': 0.656530612244898, 'R_total': 0.090201312462653}"
Pt-ref,298.0,0.656530612244898,j_lim (Arrhenius),j_lim = j_lim_ref * exp(-Ea/R * (1/T - 1/Tref)),3.9902653971846744,"{'j_lim_ref': 4.0, 'Ea': 12000.0, 'R': 8.314462618, 'T': 298.0, 'T_ref': 298.15}"
Pt-ref,298.0,0.656530612244898,η_conc,η = -(RT/(nF))·ln(1 - j/j_lim),0.002308145152255567,"{'R': 8.314462618, 'T': 298.0, 'n': 2, 'F': 96485.33212, 'j': 0.656530612244898, 'j_lim': 3.9902653971846744, 'prefactor': 0.012839826560800151}"
Pt-ref,298.0,0.656530612244898,V_cell,V = V_rev + η_act + η_ohm + η_conc,1.3810789189509598,"{'V_rev': 1.2298732968034478, 'eta_act': 0.08967755409885754, 'eta_ohm': 0.05921992289639892, 'eta_conc': 0.002308145152255567}"
Pt-ref,298.0,0.676734693877551,Potencial reversible (aprox. lineal),V_rev = V_ref + (ΔS/(nF))·(T - T_ref),1.2298732968034478,"{'V_ref': 1.23, 'ΔS_ref': 163.0, 'n': 2, 'F': 96485.33212, 'T': 298.0, 'T_ref': 298.15, 'slope': 0.0008446879770143449}"
Pt-ref,298.0,0.676734693877551,j0(T) Pt-ref,j0 = j0_ref * exp(-Ea/R * (1/T - 1/Tref)),0.02,"{'j0_ref': 0.02, 'Ea': 30000.0, 'R': 8.314462618, 'T': 298.0, 'T_ref': 298.0}"
Pt-ref,298.0,0.676734693877551,η_act BV Pt-ref,j = j0[exp(α_a nFη/RT) - exp(-α_c nFη/RT)],0.09045450616976375,"{'alpha_a': 0.5, 'alpha_c': 0.5, 'n': 2, 'F': 96485.33212, 'R': 8.314462618, 'T': 298.0, 'beta_a': 38.94133597773777, 'beta_c': 38.94133597773777, 'j': 0.676734693877551, 'j0': 0.02, 'eta': 0.09045450616976375}"
Pt-ref,298.0,0.676734693877551,R capa membrana,R = delta / kappa(T),0.05015252070648465,"{'delta': 0.005, 'kappa_ref': 0.1, 'Ea_kappa': 15000, 'T': 298.0, 'T_ref': 298.15, 'kappa(T)': 0.0996958862598806}"
Pt-ref,298.0,0.676734693877551,R capa electrolito,R = delta / kappa(T),0.020048791756168367,"{'delta': 0.01, 'kappa_ref': 0.5, 'Ea_kappa': 12000, 'T': 298.0, 'T_ref': 298.15, 'kappa(T)': 0.4987831746480843}"
Pt-ref,298.0,0.676734693877551,Perdida ohmica total,η_ohm = j · R_total,0.06104235757676681,"{'j': 0.676734693877551, 'R_total': 0.090201312462653}"
Pt-ref,298.0,0.676734693877551,j_lim (Arrhenius),j_lim = j_lim_ref * exp(-Ea/R * (1/T - 1/Tref)),3.9902653971846744,"{'j_lim_ref': 4.0, 'Ea': 12000.0, 'R': 8.314462618, 'T': 298.0, 'T_ref': 298.15}"
Pt-ref,298.0,0.676734693877551,η_conc,η = -(RT/(nF))·ln(1 - j/j_lim),0.002386197609556665,"{'R': 8.314462618, 'T': 298.0, 'n': 2, 'F': 96485.33212, 'j': 0.676734693877551, 'j_lim': 3.9902653971846744, 'prefactor': 0.012839826560800151}"
Pt-ref,298.0,0.676734693877551,V_cell,V = V_rev + η_act + η_ohm + η_conc,1.3837563581595351,"{'V_rev': 1.2298732968034478, 'eta_act': 0.09045450616976375, 'eta_ohm': 0.06104235757676681, 'eta_conc': 0.002386197609556665}"
Pt-ref,298.0,0.696938775510204,Potencial reversible (aprox. lineal),V_rev = V_ref + (ΔS/(nF))·(T - T_ref),1.2298732968034478,"{'V_ref': 1.23, 'ΔS_ref': 163.0, 'n': 2, 'F': 96485.33212, 'T': 298.0, 'T_ref': 298.15, 'slope': 0.0008446879770143449}"
Pt-ref,298.0,0.696938775510204,j0(T) Pt-ref,j0 = j0_ref * exp(-Ea/R * (1/T - 1/Tref)),0.02,"{'j0_ref': 0.02, 'Ea': 30000.0, 'R': 8.314462618, 'T': 298.0, 'T_ref': 298.0}"
Pt-ref,298.0,0.696938775510204,η_act BV Pt-ref,j = j0[exp(α_a nFη/RT) - exp(-α_c nFη/RT)],0.09120867844606075,"{'alpha_a': 0.5, 'alpha_c': 0.5, 'n': 2, 'F': 96485.33212, 'R': 8.314462618, 'T': 298.0, 'beta_a': 38.94133597773777, 'beta_c': 38.94133597773777, 'j': 0.696938775510204, 'j0': 0.02, 'eta': 0.09120867844606075}"
Pt-ref,298.0,0.696938775510204,R capa membrana,R = delta / kappa(T),0.05015252070648465,"{'delta': 0.005, 'kappa_ref': 0.1, 'Ea_kappa': 15000, 'T': 298.0, 'T_ref': 298.15, 'kappa(T)': 0.0996958862598806}"
Pt-ref,298.0,0.696938775510204,R capa electrolito,R = delta / kappa(T),0.020048791756168367,"{'delta': 0.01, 'kappa_ref': 0.5, 'Ea_kappa': 12000, 'T': 298.0, 'T_ref': 298.15, 'kappa(T)': 0.4987831746480843}"
Pt-ref,298.0,0.696938775510204,Perdida ohmica total,η_ohm = j · R_total,0.06286479225713469,"{'j': 0.696938775510204, 'R_total': 0.090201312462653}"
Pt-ref,298.0,0.696938775510204,j_lim (Arrhenius),j_lim = j_lim_ref * exp(-Ea/R * (1/T - 1/Tref)),3.9902653971846744,"{'j_lim_ref': 4.0, 'Ea': 12000.0, 'R': 8.314462618, 'T': 298.0, 'T_ref': 298.15}"
Pt-ref,298.0,0.696938775510204,η_conc,η = -(RT/(nF))·ln(1 - j/j_lim),0.0024647274460240214,"{'R': 8.314462618, 'T': 298.0, 'n': 2, 'F': 96485.33212, 'j': 0.696938775510204, 'j_lim': 3.9902653971846744, 'prefactor': 0.012839826560800151}"
Pt-ref,298.0,0.696938775510204,V_cell,V = V_rev + η_act + η_ohm + η_conc,1.3864114949526674,"{'V_rev': 1.2298732968034478, 'eta_act': 0.09120867844606075, 'eta_ohm': 0.06286479225713469, 'eta_conc': 0.0024647274460240214}"
Pt-ref,298.0,0.7171428571428571,Potencial reversible (aprox. lineal),V_rev = V_ref + (ΔS/(nF))·(T - T_ref),1.2298732968034478,"{'V_ref': 1.23, 'ΔS_ref': 163.0, 'n': 2, 'F': 96485.33212, 'T': 298.0, 'T_ref': 298.15, 'slope': 0.0008446879770143449}"
Pt-ref,298.0,0.7171428571428571,j0(T) Pt-ref,j0 = j0_ref * exp(-Ea/R * (1/T - 1/Tref)),0.02,"{'j0_ref': 0.02, 'Ea': 30000.0, 'R': 8.314462618, 'T': 298.0, 'T_ref': 298.0}"
Pt-ref,298.0,0.7171428571428571,η_act BV Pt-ref,j = j0[exp(α_a nFη/RT) - exp(-α_c nFη/RT)],0.09194136666862361,"{'alpha_a': 0.5, 'alpha_c': 0.5, 'n': 2, 'F': 96485.33212, 'R': 8.314462618, 'T': 298.0, 'beta_a': 38.94133597773777, 'beta_c': 38.94133597773777, 'j': 0.7171428571428571, 'j0': 0.02, 'eta': 0.09194136666862361}"
Pt-ref,298.0,0.7171428571428571,R capa membrana,R = delta / kappa(T),0.05015252070648465,"{'delta': 0.005, 'kappa_ref': 0.1, 'Ea_kappa': 15000, 'T': 298.0, 'T_ref': 298.15, 'kappa(T)': 0.0996958862598806}"
Pt-ref,298.0,0.7171428571428571,R capa electrolito,R = delta / kappa(T),0.020048791756168367,"{'delta': 0.01, 'kappa_ref': 0.5, 'Ea_kappa': 12000, 'T': 298.0, 'T_ref': 298.15, 'kappa(T)': 0.4987831746480843}"
Pt-ref,298.0,0.7171428571428571,Perdida ohmica total,η_ohm = j · R_total,0.06468722693750258,"{'j': 0.7171428571428571, 'R_total': 0.090201312462653}"
Pt-ref,298.0,0.7171428571428571,j_lim (Arrhenius),j_lim = j_lim_ref * exp(-Ea/R * (1/T - 1/Tref)),3.9902653971846744,"{'j_lim_ref': 4.0, 'Ea': 12000.0, 'R': 8.314462618, 'T': 298.0, 'T_ref': 298.15}"
Pt-ref,298.0,0.7171428571428571,η_conc,η = -(RT/(nF))·ln(1 - j/j_lim),0.002543740537039094,"{'R': 8.314462618, 'T': 298.0, 'n': 2, 'F': 96485.33212, 'j': 0.7171428571428571, 'j_lim': 3.9902653971846744, 'prefactor': 0.012839826560800151}"
Pt-ref,298.0,0.7171428571428571,V_cell,V = V_rev + η_act + η_ohm + η_conc,1.3890456309466128,"{'V_rev': 1.2298732968034478, 'eta_act': 0.09194136666862361, 'eta_ohm': 0.06468722693750258, 'eta_conc': 0.002543740537039094}"
Pt-ref,298.0,0.7373469387755103,Potencial reversible (aprox. lineal),V_rev = V_ref + (ΔS/(nF))·(T - T_ref),1.2298732968034478,"{'V_ref': 1.23, 'ΔS_ref': 163.0, 'n': 2, 'F': 96485.33212, 'T': 298.0, 'T_ref': 298.15, 'slope': 0.0008446879770143449}"
Pt-ref,298.0,0.7373469387755103,j0(T) Pt-ref,j0 = j0_ref * exp(-Ea/R * (1/T - 1/Tref)),0.02,"{'j0_ref': 0.02, 'Ea': 30000.0, 'R': 8.314462618, 'T': 298.0, 'T_ref': 298.0}"
Pt-ref,298.0,0.7373469387755103,η_act BV Pt-ref,j = j0[exp(α_a nFη/RT) - exp(-α_c nFη/RT)],0.0926537592376299,"{'alpha_a': 0.5, 'alpha_c': 0.5, 'n': 2, 'F': 96485.33212, 'R': 8.314462618, 'T': 298.0, 'beta_a': 38.94133597773777, 'beta_c': 38.94133597773777, 'j': 0.7373469387755103, 'j0': 0.02, 'eta': 0.0926537592376299}"
Pt-ref,298.0,0.7373469387755103,R capa membrana,R = delta / kappa(T),0.05015252070648465,"{'delta': 0.005, 'kappa_ref': 0.1, 'Ea_kappa': 15000, 'T': 298.0, 'T_ref': 298.15, 'kappa(T)': 0.0996958862598806}"
Pt-ref,298.0,0.7373469387755103,R capa electrolito,R = delta / kappa(T),0.020048791756168367,"{'delta': 0.01, 'kappa_ref': 0.5, 'Ea_kappa': 12000, 'T': 298.0, 'T_ref': 298.15, 'kappa(T)': 0.4987831746480843}"
Pt-ref,298.0,0.7373469387755103,Perdida ohmica total,η_ohm = j · R_total,0.06650966161787047,"{'j': 0.7373469387755103, 'R_total': 0.090201312462653}"
Pt-ref,298.0,0.7373469387755103,j_lim (Arrhenius),j_lim = j_lim_ref * exp(-Ea/R * (1/T - 1/Tref)),3.9902653971846744,"{'j_lim_ref': 4.0, 'Ea': 12000.0, 'R': 8.314462618, 'T': 298.0, 'T_ref': 298.15}"
Pt-ref,298.0,0.7373469387755103,η_conc,η = -(RT/(nF))·ln(1 - j/j_lim),0.0026232428671228705,"{'R': 8.314462618, 'T': 298.0, 'n': 2, 'F': 96485.33212, 'j': 0.7373469387755103, 'j_lim': 3.9902653971846744, 'prefactor': 0.012839826560800151}"
Pt-ref,298.0,0.7373469387755103,V_cell,V = V_rev + η_act + η_ohm + η_conc,1.391659960526071,"{'V_rev': 1.2298732968034478, 'eta_act': 0.0926537592376299, 'eta_ohm': 0.06650966161787047, 'eta_conc': 0.0026232428671228705}"
Pt-ref,298.0,0.7575510204081634,Potencial reversible (aprox. lineal),V_rev = V_ref + (ΔS/(nF))·(T - T_ref),1.2298732968034478,"{'V_ref': 1.23, 'ΔS_ref': 163.0, 'n': 2, 'F': 96485.33212, 'T': 298.0, 'T_ref': 298.15, 'slope': 0.0008446879770143449}"
Pt-ref,298.0,0.7575510204081634,j0(T) Pt-ref,j0 = j0_ref * exp(-Ea/R * (1/T - 1/Tref)),0.02,"{'j0_ref': 0.02, 'Ea': 30000.0, 'R': 8.314462618, 'T': 298.0, 'T_ref': 298.0}"
Pt-ref,298.0,0.7575510204081634,η_act BV Pt-ref,j = j0[exp(α_a nFη/RT) - exp(-α_c nFη/RT)],0.09334694873419953,"{'alpha_a': 0.5, 'alpha_c': 0.5, 'n': 2, 'F': 96485.33212, 'R': 8.314462618, 'T': 298.0, 'beta_a': 38.94133597773777, 'beta_c': 38.94133597773777, 'j': 0.7575510204081634, 'j0': 0.02, 'eta': 0.09334694873419953}"
Pt-ref,298.0,0.7575510204081634,R capa membrana,R = delta / kappa(T),0.05015252070648465,"{'delta': 0.005, 'kappa_ref': 0.1, 'Ea_kappa': 15000, 'T': 298.0, 'T_ref': 298.15, 'kappa(T)': 0.0996958862598806}"
Pt-ref,298.0,0.7575510204081634,R capa electrolito,R = delta / kappa(T),0.020048791756168367,"{'delta': 0.01, 'kappa_ref': 0.5, 'Ea_kappa': 12000, 'T': 298.0, 'T_ref': 298.15, 'kappa(T)': 0.4987831746480843}"
Pt-ref,298.0,0.7575510204081634,Perdida ohmica total,η_ohm = j · R_total,0.06833209629823836,"{'j': 0.7575510204081634, 'R_total': 0.090201312462653}"
Pt-ref,298.0,0.7575510204081634,j_lim (Arrhenius),j_lim = j_lim_ref * exp(-Ea/R * (1/T - 1/Tref)),3.9902653971846744,"{'j_lim_ref': 4.0, 'Ea': 12000.0, 'R': 8.314462618, 'T': 298.0, 'T_ref': 298.15}"
Pt-ref,298.0,0.7575510204081634,η_conc,η = -(RT/(nF))·ln(1 - j/j_lim),0.002703240532655872,"{'R': 8.314462618, 'T': 298.0, 'n': 2, 'F': 96485.33212, 'j': 0.7575510204081634, 'j_lim': 3.9902653971846744, 'prefactor': 0.012839826560800151}"
Pt-ref,298.0,0.7575510204081634,V_cell,V = V_rev + η_act + η_ohm + η_conc,1.3942555823685416,"{'V_rev': 1.2298732968034478, 'eta_act': 0.09334694873419953, 'eta_ohm': 0.06833209629823836, 'eta_conc': 0.002703240532655872}"
Pt-ref,298.0,0.7777551020408163,Potencial reversible (aprox. lineal),V_rev = V_ref + (ΔS/(nF))·(T - T_ref),1.2298732968034478,"{'V_ref': 1.23, 'ΔS_ref': 163.0, 'n': 2, 'F': 96485.33212, 'T': 298.0, 'T_ref': 298.15, 'slope': 0.0008446879770143449}"
Pt-ref,298.0,0.7777551020408163,j0(T) Pt-ref,j0 = j0_ref * exp(-Ea/R * (1/T - 1/Tref)),0.02,"{'j0_ref': 0.02, 'Ea': 30000.0, 'R': 8.314462618, 'T': 298.0, 'T_ref': 298.0}"
Pt-ref,298.0,0.7777551020408163,η_act BV Pt-ref,j = j0[exp(α_a nFη/RT) - exp(-α_c nFη/RT)],0.09402194193856649,"{'alpha_a': 0.5, 'alpha_c': 0.5, 'n': 2, 'F': 96485.33212, 'R': 8.314462618, 'T': 298.0, 'beta_a': 38.94133597773777, 'beta_c': 38.94133597773777, 'j': 0.7777551020408163, 'j0': 0.02, 'eta': 0.09402194193856649}"
Pt-ref,298.0,0.7777551020408163,R capa membrana,R = delta / kappa(T),0.05015252070648465,"{'delta': 0.005, 'kappa_ref': 0.1, 'Ea_kappa': 15000, 'T': 298.0, 'T_ref': 298.15, 'kappa(T)': 0.0996958862598806}"
Pt-ref,298.0,0.7777551020408163,R capa electrolito,R = delta / kappa(T),0.020048791756168367,"{'delta': 0.01, 'kappa_ref': 0.5, 'Ea_kappa': 12000, 'T': 298.0, 'T_ref': 298.15, 'kappa(T)': 0.4987831746480843}"
Pt-ref,298.0,0.7777551020408163,Perdida ohmica total,η_ohm = j · R_total,0.07015453097860624,"{'j': 0.7777551020408163, 'R_total': 0.090201312462653}"
Pt-ref,298.0,0.7777551020408163,j_lim (Arrhenius),j_lim = j_lim_ref * exp(-Ea/R * (1/T - 1/Tref)),3.9902653971846744,"{'j_lim_ref': 4.0, 'Ea': 12000.0, 'R': 8.314462618, 'T': 298.0, 'T_ref': 298.15}"
Pt-ref,298.0,0.7777551020408163,η_conc,η = -(RT/(nF))·ln(1 - j/j_lim),0.002783739744683387,"{'R': 8.314462618, 'T': 298.0, 'n': 2, 'F': 96485.33212, 'j': 0.7777551020408163, 'j_lim': 3.9902653971846744, 'prefactor': 0.012839826560800151}"
Pt-ref,298.0,0.7777551020408163,V_cell,V = V_rev + η_act + η_ohm + η_conc,1.396833509465304,"{'V_rev': 1.2298732968034478, 'eta_act': 0.09402194193856649, 'eta_ohm': 0.07015453097860624, 'eta_conc': 0.002783739744683387}"
Pt-ref,298.0,0.7979591836734694,Potencial reversible (aprox. lineal),V_rev = V_ref + (ΔS/(nF))·(T - T_ref),1.2298732968034478,"{'V_ref': 1.23, 'ΔS_ref': 163.0, 'n': 2, 'F': 96485.33212, 'T': 298.0, 'T_ref': 298.15, 'slope': 0.0008446879770143449}"
Pt-ref,298.0,0.7979591836734694,j0(T) Pt-ref,j0 = j0_ref * exp(-Ea/R * (1/T - 1/Tref)),0.02,"{'j0_ref': 0.02, 'Ea': 30000.0, 'R': 8.314462618, 'T': 298.0, 'T_ref': 298.0}"
Pt-ref,298.0,0.7979591836734694,η_act BV Pt-ref,j = j0[exp(α_a nFη/RT) - exp(-α_c nFη/RT)],0.09467966857392726,"{'alpha_a': 0.5, 'alpha_c': 0.5, 'n': 2, 'F': 96485.33212, 'R': 8.314462618, 'T': 298.0, 'beta_a': 38.94133597773777, 'beta_c': 38.94133597773777, 'j': 0.7979591836734694, 'j0': 0.02, 'eta': 0.09467966857392726}"
Pt-ref,298.0,0.7979591836734694,R capa membrana,R = delta / kappa(T),0.05015252070648465,"{'delta': 0.005, 'kappa_ref': 0.1, 'Ea_kappa': 15000, 'T': 298.0, 'T_ref': 298.15, 'kappa(T)': 0.0996958862598806}"
Pt-ref,298.0,0.7979591836734694,R capa electrolito,R = delta / kappa(T),0.020048791756168367,"{'delta': 0.01, 'kappa_ref': 0.5, 'Ea_kappa': 12000, 'T': 298.0, 'T_ref': 298.15, 'kappa(T)': 0.4987831746480843}"
Pt-ref,298.0,0.7979591836734694,Perdida ohmica total,η_ohm = j · R_total,0.07197696565897413,"{'j': 0.7979591836734694, 'R_total': 0.090201312462653}"
Pt-ref,298.0,0.7979591836734694,j_lim (Arrhenius),j_lim = j_lim_ref * exp(-Ea/R * (1/T - 1/Tref)),3.9902653971846744,"{'j_lim_ref': 4.0, 'Ea': 12000.0, 'R': 8.314462618, 'T': 298.0, 'T_ref': 298.15}"
Pt-ref,298.0,0.7979591836734694,η_conc,η = -(RT/(nF))·ln(1 - j/j_lim),0.0028647468318092205,"{'R': 8.314462618, 'T': 298.0, 'n': 2, 'F': 96485.33212, 'j': 0.7979591836734694, 'j_lim': 3.9902653971846744, 'prefactor': 0.012839826560800151}"
Pt-ref,298.0,0.7979591836734694,V_cell,V = V_rev + η_act + η_ohm + η_conc,1.3993946778681585,"{'V_rev': 1.2298732968034478, 'eta_act': 0.09467966857392726, 'eta_ohm': 0.07197696565897413, 'eta_conc': 0.0028647468318092205}"
Pt-ref,298.0,0.8181632653061225,Potencial reversible (aprox. lineal),V_rev = V_ref + (ΔS/(nF))·(T - T_ref),1.2298732968034478,"{'V_ref': 1.23, 'ΔS_ref': 163.0, 'n': 2, 'F': 96485.33212, 'T': 298.0, 'T_ref': 298.15, 'slope': 0.0008446879770143449}"
Pt-ref,298.0,0.8181632653061225,j0(T) Pt-ref,j0 = j0_ref * exp(-Ea/R * (1/T - 1/Tref)),0.02,"{'j0_ref': 0.02, 'Ea': 30000.0, 'R': 8.314462618, 'T': 298.0, 'T_ref': 298.0}"
Pt-ref,298.0,0.8181632653061225,η_act BV Pt-ref,j = j0[exp(α_a nFη/RT) - exp(-α_c nFη/RT)],0.09532098896542399,"{'alpha_a': 0.5, 'alpha_c': 0.5, 'n': 2, 'F': 96485.33212, 'R': 8.314462618, 'T': 298.0, 'beta_a': 38.94133597773777, 'beta_c': 38.94133597773777, 'j': 0.8181632653061225, 'j0': 0.02, 'eta': 0.09532098896542399}"
Pt-ref,298.0,0.8181632653061225,R capa membrana,R = delta / kappa(T),0.05015252070648465,"{'delta': 0.005, 'kappa_ref': 0.1, 'Ea_kappa': 15000, 'T': 298.0, 'T_ref': 298.15, 'kappa(T)': 0.0996958862598806}"
Pt-ref,298.0,0.8181632653061225,R capa electrolito,R = delta / kappa(T),0.020048791756168367,"{'delta': 0.01, 'kappa_ref': 0.5, 'Ea_kappa': 12000, 'T': 298.0, 'T_ref': 298.15, 'kappa(T)': 0.4987831746480843}"
Pt-ref,298.0,0.8181632653061225,Perdida ohmica total,η_ohm = j · R_total,0.07379940033934203,"{'j': 0.8181632653061225, 'R_total': 0.090201312462653}"
Pt-ref,298.0,0.8181632653061225,j_lim (Arrhenius),j_lim = j_lim_ref * exp(-Ea/R * (1/T - 1/Tref)),3.9902653971846744,"{'j_lim_ref': 4.0, 'Ea': 12000.0, 'R': 8.314462618, 'T': 298.0, 'T_ref': 298.15}"
Pt-ref,298.0,0.8181632653061225,η_conc,η = -(RT/(nF))·ln(1 - j/j_lim),0.002946268243181283,"{'R': 8.314462618, 'T': 298.0, 'n': 2, 'F': 96485.33212, 'j': 0.8181632653061225, 'j_lim': 3.9902653971846744, 'prefactor': 0.012839826560800151}"
Pt-ref,298.0,0.8181632653061225,V_cell,V = V_rev + η_act + η_ohm + η_conc,1.4019399543513953,"{'V_rev': 1.2298732968034478, 'eta_act': 0.09532098896542399, 'eta_ohm': 0.07379940033934203, 'eta_conc': 0.002946268243181283}"
Pt-ref,298.0,0.8383673469387755,Potencial reversible (aprox. lineal),V_rev = V_ref + (ΔS/(nF))·(T - T_ref),1.2298732968034478,"{'V_ref': 1.23, 'ΔS_ref': 163.0, 'n': 2, 'F': 96485.33212, 'T': 298.0, 'T_ref': 298.15, 'slope': 0.0008446879770143449}"
Pt-ref,298.0,0.8383673469387755,j0(T) Pt-ref,j0 = j0_ref * exp(-Ea/R * (1/T - 1/Tref)),0.02,"{'j0_ref': 0.02, 'Ea': 30000.0, 'R': 8.314462618, 'T': 298.0, 'T_ref': 298.0}"
Pt-ref,298.0,0.8383673469387755,η_act BV Pt-ref,j = j0[exp(α_a nFη/RT) - exp(-α_c nFη/RT)],0.0959467007716905,"{'alpha_a': 0.5, 'alpha_c': 0.5, 'n': 2, 'F': 96485.33212, 'R': 8.314462618, 'T': 298.0, 'beta_a': 38.94133597773777, 'beta_c': 38.94133597773777, 'j': 0.8383673469387755, 'j0': 0.02, 'eta': 0.0959467007716905}"
Pt-ref,298.0,0.8383673469387755,R capa membrana,R = delta / kappa(T),0.05015252070648465,"{'delta': 0.005, 'kappa_ref': 0.1, 'Ea_kappa': 15000, 'T': 298.0, 'T_ref': 298.15, 'kappa(T)': 0.0996958862598806}"
Pt-ref,298.0,0.8383673469387755,R capa electrolito,R = delta / kappa(T),0.020048791756168367,"{'delta': 0.01, 'kappa_ref': 0.5, 'Ea_kappa': 12000, 'T': 298.0, 'T_ref': 298.15, 'kappa(T)': 0.4987831746480843}"
Pt-ref,298.0,0.8383673469387755,Perdida ohmica total,η_ohm = j · R_total,0.0756218350197099,"{'j': 0.8383673469387755, 'R_total': 0.090201312462653}"
Pt-ref,298.0,0.8383673469387755,j_lim (Arrhenius),j_lim = j_lim_ref * exp(-Ea/R * (1/T - 1/Tref)),3.9902653971846744,"{'j_lim_ref': 4.0, 'Ea': 12000.0, 'R': 8.314462618, 'T': 298.0, 'T_ref': 298.15}"
Pt-ref,298.0,0.8383673469387755,η_conc,η = -(RT/(nF))·ln(1 - j/j_lim),0.003028310551572607,"{'R': 8.314462618, 'T': 298.0, 'n': 2, 'F': 96485.33212, 'j': 0.8383673469387755, 'j_lim': 3.9902653971846744, 'prefactor': 0.012839826560800151}"
Pt-ref,298.0,0.8383673469387755,V_cell,V = V_rev + η_act + η_ohm + η_conc,1.404470143146421,"{'V_rev': 1.2298732968034478, 'eta_act': 0.0959467007716905, 'eta_ohm': 0.0756218350197099, 'eta_conc': 0.003028310551572607}"
Pt-ref,298.0,0.8585714285714285,Potencial reversible (aprox. lineal),V_rev = V_ref + (ΔS/(nF))·(T - T_ref),1.2298732968034478,"{'V_ref': 1.23, 'ΔS_ref': 163.0, 'n': 2, 'F': 96485.33212, 'T': 298.0, 'T_ref': 298.15, 'slope': 0.0008446879770143449}"
Pt-ref,298.0,0.8585714285714285,j0(T) Pt-ref,j0 = j0_ref * exp(-Ea/R * (1/T - 1/Tref)),0.02,"{'j0_ref': 0.02, 'Ea': 30000.0, 'R': 8.314462618, 'T': 298.0, 'T_ref': 298.0}"
Pt-ref,298.0,0.8585714285714285,η_act BV Pt-ref,j = j0[exp(α_a nFη/RT) - exp(-α_c nFη/RT)],0.09655754492039616,"{'alpha_a': 0.5, 'alpha_c': 0.5, 'n': 2, 'F': 96485.33212, 'R': 8.314462618, 'T': 298.0, 'beta_a': 38.94133597773777, 'beta_c': 38.94133597773777, 'j': 0.8585714285714285, 'j0': 0.02, 'eta': 0.09655754492039616}"
Pt-ref,298.0,0.8585714285714285,R capa membrana,R = delta / kappa(T),0.05015252070648465,"{'delta': 0.005, 'kappa_ref': 0.1, 'Ea_kappa': 15000, 'T': 298.0, 'T_ref': 298.15, 'kappa(T)': 0.0996958862598806}"
Pt-ref,298.0,0.8585714285714285,R capa electrolito,R = delta / kappa(T),0.020048791756168367,"{'delta': 0.01, 'kappa_ref': 0.5, 'Ea_kappa': 12000, 'T': 298.0, 'T_ref': 298.15, 'kappa(T)': 0.4987831746480843}"
Pt-ref,298.0,0.8585714285714285,Perdida ohmica total,η_ohm = j · R_total,0.0774442697000778,"{'j': 0.8585714285714285, 'R_total': 0.090201312462653}"
Pt-ref,298.0,0.8585714285714285,j_lim (Arrhenius),j_lim = j_lim_ref * exp(-Ea/R * (1/T - 1/Tref)),3.9902653971846744,"{'j_lim_ref': 4.0, 'Ea': 12000.0, 'R': 8.314462618, 'T': 298.0, 'T_ref': 298.15}"
Pt-ref,298.0,0.8585714285714285,η_conc,η = -(RT/(nF))·ln(1 - j/j_lim),0.0031108804565613763,"{'R': 8.314462618, 'T': 298.0, 'n': 2, 'F': 96485.33212, 'j': 0.8585714285714285, 'j_lim': 3.9902653971846744, 'prefactor': 0.012839826560800151}"
Pt-ref,298.0,0.8585714285714285,V_cell,V = V_rev + η_act + η_ohm + η_conc,1.4069859918804832,"{'V_rev': 1.2298732968034478, 'eta_act': 0.09655754492039616, 'eta_ohm': 0.0774442697000778, 'eta_conc': 0.0031108804565613763}"
Pt-ref,298.0,0.8787755102040816,Potencial reversible (aprox. lineal),V_rev = V_ref + (ΔS/(nF))·(T - T_ref),1.2298732968034478,"{'V_ref': 1.23, 'ΔS_ref': 163.0, 'n': 2, 'F': 96485.33212, 'T': 298.0, 'T_ref': 298.15, 'slope': 0.0008446879770143449}"
Pt-ref,298.0,0.8787755102040816,j0(T) Pt-ref,j0 = j0_ref * exp(-Ea/R * (1/T - 1/Tref)),0.02,"{'j0_ref': 0.02, 'Ea': 30000.0, 'R': 8.314462618, 'T': 298.0, 'T_ref': 298.0}"
Pt-ref,298.0,0.8787755102040816,η_act BV Pt-ref,j = j0[exp(α_a nFη/RT) - exp(-α_c nFη/RT)],0.09715421085801397,"{'alpha_a': 0.5, 'alpha_c': 0.5, 'n': 2, 'F': 96485.33212, 'R': 8.314462618, 'T': 298.0, 'beta_a': 38.94133597773777, 'beta_c': 38.94133597773777, 'j': 0.8787755102040816, 'j0': 0.02, 'eta': 0.09715421085801397}"
Pt-ref,298.0,0.8787755102040816,R capa membrana,R = delta / kappa(T),0.05015252070648465,"{'delta': 0.005, 'kappa_ref': 0.1, 'Ea_kappa': 15000, 'T': 298.0, 'T_ref': 298.15, 'kappa(T)': 0.0996958862598806}"
Pt-ref,298.0,0.8787755102040816,R capa electrolito,R = delta / kappa(T),0.020048791756168367,"{'delta': 0.01, 'kappa_ref': 0.5, 'Ea_kappa': 12000, 'T': 298.0, 'T_ref': 298.15, 'kappa(T)': 0.4987831746480843}"
Pt-ref,298.0,0.8787755102040816,Perdida ohmica total,η_ohm = j · R_total,0.07926670438044568,"{'j': 0.8787755102040816, 'R_total': 0.090201312462653}"
Pt-ref,298.0,0.8787755102040816,j_lim (Arrhenius),j_lim = j_lim_ref * exp(-Ea/R * (1/T - 1/Tref)),3.9902653971846744,"{'j_lim_ref': 4.0, 'Ea': 12000.0, 'R': 8.314462618, 'T': 298.0, 'T_ref': 298.15}"
Pt-ref,298.0,0.8787755102040816,η_conc,η = -(RT/(nF))·ln(1 - j/j_lim),0.0031939847878139313,"{'R': 8.314462618, 'T': 298.0, 'n': 2, 'F': 96485.33212, 'j': 0.8787755102040816, 'j_lim': 3.9902653971846744, 'prefactor': 0.012839826560800151}"
Pt-ref,298.0,0.8787755102040816,V_cell,V = V_rev + η_act + η_ohm + η_conc,1.4094881968297213,"{'V_rev': 1.2298732968034478, 'eta_act': 0.09715421085801397, 'eta_ohm': 0.07926670438044568, 'eta_conc': 0.0031939847878139313}"
Pt-ref,298.0,0.8989795918367347,Potencial reversible (aprox. lineal),V_rev = V_ref + (ΔS/(nF))·(T - T_ref),1.2298732968034478,"{'V_ref': 1.23, 'ΔS_ref': 163.0, 'n': 2, 'F': 96485.33212, 'T': 298.0, 'T_ref': 298.15, 'slope': 0.0008446879770143449}"
Pt-ref,298.0,0.8989795918367347,j0(T) Pt-ref,j0 = j0_ref * exp(-Ea/R * (1/T - 1/Tref)),0.02,"{'j0_ref': 0.02, 'Ea': 30000.0, 'R': 8.314462618, 'T': 298.0, 'T_ref': 298.0}"
Pt-ref,298.0,0.8989795918367347,η_act BV Pt-ref,j = j0[exp(α_a nFη/RT) - exp(-α_c nFη/RT)],0.09773734120665259,"{'alpha_a': 0.5, 'alpha_c': 0.5, 'n': 2, 'F': 96485.33212, 'R': 8.314462618, 'T': 298.0, 'beta_a': 38.94133597773777, 'beta_c': 38.94133597773777, 'j': 0.8989795918367347, 'j0': 0.02, 'eta': 0.09773734120665259}"
Pt-ref,298.0,0.8989795918367347,R capa membrana,R = delta / kappa(T),0.05015252070648465,"{'delta': 0.005, 'kappa_ref': 0.1, 'Ea_kappa': 15000, 'T': 298.0, 'T_ref': 298.15, 'kappa(T)': 0.0996958862598806}"
Pt-ref,298.0,0.8989795918367347,R capa electrolito,R = delta / kappa(T),0.020048791756168367,"{'delta': 0.01, 'kappa_ref': 0.5, 'Ea_kappa': 12000, 'T': 298.0, 'T_ref': 298.15, 'kappa(T)': 0.4987831746480843}"
Pt-ref,298.0,0.8989795918367347,Perdida ohmica total,η_ohm = j · R_total,0.08108913906081357,"{'j': 0.8989795918367347, 'R_total': 0.090201312462653}"
Pt-ref,298.0,0.8989795918367347,j_lim (Arrhenius),j_lim = j_lim_ref * exp(-Ea/R * (1/T - 1/Tref)),3.9902653971846744,"{'j_lim_ref': 4.0, 'Ea': 12000.0, 'R': 8.314462618, 'T': 298.0, 'T_ref': 298.15}"
Pt-ref,298.0,0.8989795918367347,η_conc,η = -(RT/(nF))·ln(1 - j/j_lim),0.0032776305084746492,"{'R': 8.314462618, 'T': 298.0, 'n': 2, 'F': 96485.33212, 'j': 0.8989795918367347, 'j_lim': 3.9902653971846744, 'prefactor': 0.012839826560800151}"
Pt-ref,298.0,0.8989795918367347,V_cell,V = V_rev + η_act + η_ohm + η_conc,1.4119774075793887,"{'V_rev': 1.2298732968034478, 'eta_act': 0.09773734120665259, 'eta_ohm': 0.08108913906081357, 'eta_conc': 0.0032776305084746492}"
Pt-ref,298.0,0.9191836734693877,Potencial reversible (aprox. lineal),V_rev = V_ref + (ΔS/(nF))·(T - T_ref),1.2298732968034478,"{'V_ref': 1.23, 'ΔS_ref': 163.0, 'n': 2, 'F': 96485.33212, 'T': 298.0, 'T_ref': 298.15, 'slope': 0.0008446879770143449}"
Pt-ref,298.0,0.9191836734693877,j0(T) Pt-ref,j0 = j0_ref * exp(-Ea/R * (1/T - 1/Tref)),0.02,"{'j0_ref': 0.02, 'Ea': 30000.0, 'R': 8.314462618, 'T': 298.0, 'T_ref': 298.0}"
Pt-ref,298.0,0.9191836734693877,η_act BV Pt-ref,j = j0[exp(α_a nFη/RT) - exp(-α_c nFη/RT)],0.09830753590646471,"{'alpha_a': 0.5, 'alpha_c': 0.5, 'n': 2, 'F': 96485.33212, 'R': 8.314462618, 'T': 298.0, 'beta_a': 38.94133597773777, 'beta_c': 38.94133597773777, 'j': 0.9191836734693877, 'j0': 0.02, 'eta': 0.09830753590646471}"
Pt-ref,298.0,0.9191836734693877,R capa membrana,R = delta / kappa(T),0.05015252070648465,"{'delta': 0.005, 'kappa_ref': 0.1, 'Ea_kappa': 15000, 'T': 298.0, 'T_ref': 298.15, 'kappa(T)': 0.0996958862598806}"
Pt-ref,298.0,0.9191836734693877,R capa electrolito,R = delta / kappa(T),0.020048791756168367,"{'delta': 0.01, 'kappa_ref': 0.5, 'Ea_kappa': 12000, 'T': 298.0, 'T_ref': 298.15, 'kappa(T)': 0.4987831746480843}"
Pt-ref,298.0,0.9191836734693877,Perdida ohmica total,η_ohm = j · R_total,0.08291157374118145,"{'j': 0.9191836734693877, 'R_total': 0.090201312462653}"
Pt-ref,298.0,0.9191836734693877,j_lim (Arrhenius),j_lim = j_lim_ref * exp(-Ea/R * (1/T - 1/Tref)),3.9902653971846744,"{'j_lim_ref': 4.0, 'Ea': 12000.0, 'R': 8.314462618, 'T': 298.0, 'T_ref': 298.15}"
Pt-ref,298.0,0.9191836734693877,η_conc,η = -(RT/(nF))·ln(1 - j/j_lim),0.0033618247186670293,"{'R': 8.314462618, 'T': 298.0, 'n': 2, 'F': 96485.33212, 'j': 0.9191836734693877, 'j_lim': 3.9902653971846744, 'prefactor': 0.012839826560800151}"
Pt-ref,298.0,0.9191836734693877,V_cell,V = V_rev + η_act + η_ohm + η_conc,1.414454231169761,"{'V_rev': 1.2298732968034478, 'eta_act': 0.09830753590646471, 'eta_ohm': 0.08291157374118145, 'eta_conc': 0.0033618247186670293}"
Pt-ref,298.0,0.9393877551020408,Potencial reversible (aprox. lineal),V_rev = V_ref + (ΔS/(nF))·(T - T_ref),1.2298732968034478,"{'V_ref': 1.23, 'ΔS_ref': 163.0, 'n': 2, 'F': 96485.33212, 'T': 298.0, 'T_ref': 298.15, 'slope': 0.0008446879770143449}"
Pt-ref,298.0,0.9393877551020408,j0(T) Pt-ref,j0 = j0_ref * exp(-Ea/R * (1/T - 1/Tref)),0.02,"{'j0_ref': 0.02, 'Ea': 30000.0, 'R': 8.314462618, 'T': 298.0, 'T_ref': 298.0}"
Pt-ref,298.0,0.9393877551020408,η_act BV Pt-ref,j = j0[exp(α_a nFη/RT) - exp(-α_c nFη/RT)],0.0988653559102892,"{'alpha_a': 0.5, 'alpha_c': 0.5, 'n': 2, 'F': 96485.33212, 'R': 8.314462618, 'T': 298.0, 'beta_a': 38.94133597773777, 'beta_c': 38.94133597773777, 'j': 0.9393877551020408, 'j0': 0.02, 'eta': 0.0988653559102892}"
Pt-ref,298.0,0.9393877551020408,R capa membrana,R = delta / kappa(T),0.05015252070648465,"{'delta': 0.005, 'kappa_ref': 0.1, 'Ea_kappa': 15000, 'T': 298.0, 'T_ref': 298.15, 'kappa(T)': 0.0996958862598806}"
Pt-ref,298.0,0.9393877551020408,R capa electrolito,R = delta / kappa(T),0.020048791756168367,"{'delta': 0.01, 'kappa_ref': 0.5, 'Ea_kappa': 12000, 'T': 298.0, 'T_ref': 298.15, 'kappa(T)': 0.4987831746480843}"
Pt-ref,298.0,0.9393877551020408,Perdida ohmica total,η_ohm = j · R_total,0.08473400842154934,"{'j': 0.9393877551020408, 'R_total': 0.090201312462653}"
Pt-ref,298.0,0.9393877551020408,j_lim (Arrhenius),j_lim = j_lim_ref * exp(-Ea/R * (1/T - 1/Tref)),3.9902653971846744,"{'j_lim_ref': 4.0, 'Ea': 12000.0, 'R': 8.314462618, 'T': 298.0, 'T_ref': 298.15}"
Pt-ref,298.0,0.9393877551020408,η_conc,η = -(RT/(nF))·ln(1 - j/j_lim),0.0034465746591102716,"{'R': 8.314462618, 'T': 298.0, 'n': 2, 'F': 96485.33212, 'j': 0.9393877551020408, 'j_lim': 3.9902653971846744, 'prefactor': 0.012839826560800151}"
Pt-ref,298.0,0.9393877551020408,V_cell,V = V_rev + η_act + η_ohm + η_conc,1.4169192357943967,"{'V_rev': 1.2298732968034478, 'eta_act': 0.0988653559102892, 'eta_ohm': 0.08473400842154934, 'eta_conc': 0.0034465746591102716}"
Pt-ref,298.0,0.959591836734694,Potencial reversible (aprox. lineal),V_rev = V_ref + (ΔS/(nF))·(T - T_ref),1.2298732968034478,"{'V_ref': 1.23, 'ΔS_ref': 163.0, 'n': 2, 'F': 96485.33212, 'T': 298.0, 'T_ref': 298.15, 'slope': 0.0008446879770143449}"
Pt-ref,298.0,0.959591836734694,j0(T) Pt-ref,j0 = j0_ref * exp(-Ea/R * (1/T - 1/Tref)),0.02,"{'j0_ref': 0.02, 'Ea': 30000.0, 'R': 8.314462618, 'T': 298.0, 'T_ref': 298.0}"
Pt-ref,298.0,0.959591836734694,η_act BV Pt-ref,j = j0[exp(α_a nFη/RT) - exp(-α_c nFη/RT)],0.09941132648732888,"{'alpha_a': 0.5, 'alpha_c': 0.5, 'n': 2, 'F': 96485.33212, 'R': 8.314462618, 'T': 298.0, 'beta_a': 38.94133597773777, 'beta_c': 38.94133597773777, 'j': 0.959591836734694, 'j0': 0.02, 'eta': 0.09941132648732888}"
Pt-ref,298.0,0.959591836734694,R capa membrana,R = delta / kappa(T),0.05015252070648465,"{'delta': 0.005, 'kappa_ref': 0.1, 'Ea_kappa': 15000, 'T': 298.0, 'T_ref': 298.15, 'kappa(T)': 0.0996958862598806}"
Pt-ref,298.0,0.959591836734694,R capa electrolito,R = delta / kappa(T),0.020048791756168367,"{'delta': 0.01, 'kappa_ref': 0.5, 'Ea_kappa': 12000, 'T': 298.0, 'T_ref': 298.15, 'kappa(T)': 0.4987831746480843}"
Pt-ref,298.0,0.959591836734694,Perdida ohmica total,η_ohm = j · R_total,0.08655644310191724,"{'j': 0.959591836734694, 'R_total': 0.090201312462653}"
Pt-ref,298.0,0.959591836734694,j_lim (Arrhenius),j_lim = j_lim_ref * exp(-Ea/R * (1/T - 1/Tref)),3.9902653971846744,"{'j_lim_ref': 4.0, 'Ea': 12000.0, 'R': 8.314462618, 'T': 298.0, 'T_ref': 298.15}"
Pt-ref,298.0,0.959591836734694,η_conc,η = -(RT/(nF))·ln(1 - j/j_lim),0.0035318877148560464,"{'R': 8.314462618, 'T': 298.0, 'n': 2, 'F': 96485.33212, 'j': 0.959591836734694, 'j_lim': 3.9902653971846744, 'prefactor': 0.012839826560800151}"
Pt-ref,298.0,0.959591836734694,V_cell,V = V_rev + η_act + η_ohm + η_conc,1.41937295410755,"{'V_rev': 1.2298732968034478, 'eta_act': 0.09941132648732888, 'eta_ohm': 0.08655644310191724, 'eta_conc': 0.0035318877148560464}"
Pt-ref,298.0,0.9797959183673469,Potencial reversible (aprox. lineal),V_rev = V_ref + (ΔS/(nF))·(T - T_ref),1.2298732968034478,"{'V_ref': 1.23, 'ΔS_ref': 163.0, 'n': 2, 'F': 96485.33212, 'T': 298.0, 'T_ref': 298.15, 'slope': 0.0008446879770143449}"
Pt-ref,298.0,0.9797959183673469,j0(T) Pt-ref,j0 = j0_ref * exp(-Ea/R * (1/T - 1/Tref)),0.02,"{'j0_ref': 0.02, 'Ea': 30000.0, 'R': 8.314462618, 'T': 298.0, 'T_ref': 298.0}"
Pt-ref,298.0,0.9797959183673469,η_act BV Pt-ref,j = j0[exp(α_a nFη/RT) - exp(-α_c nFη/RT)],0.09994594018444042,"{'alpha_a': 0.5, 'alpha_c': 0.5, 'n': 2, 'F': 96485.33212, 'R': 8.314462618, 'T': 298.0, 'beta_a': 38.94133597773777, 'beta_c': 38.94133597773777, 'j': 0.9797959183673469, 'j0': 0.02, 'eta': 0.09994594018444042}"
Pt-ref,298.0,0.9797959183673469,R capa membrana,R = delta / kappa(T),0.05015252070648465,"{'delta': 0.005, 'kappa_ref': 0.1, 'Ea_kappa': 15000, 'T': 298.0, 'T_ref': 298.15, 'kappa(T)': 0.0996958862598806}"
Pt-ref,298.0,0.9797959183673469,R capa electrolito,R = delta / kappa(T),0.020048791756168367,"{'delta': 0.01, 'kappa_ref': 0.5, 'Ea_kappa': 12000, 'T': 298.0, 'T_ref': 298.15, 'kappa(T)': 0.4987831746480843}"
Pt-ref,298.0,0.9797959183673469,Perdida ohmica total,η_ohm = j · R_total,0.08837887778228512,"{'j': 0.9797959183673469, 'R_total': 0.090201312462653}"
Pt-ref,298.0,0.9797959183673469,j_lim (Arrhenius),j_lim = j_lim_ref * exp(-Ea/R * (1/T - 1/Tref)),3.9902653971846744,"{'j_lim_ref': 4.0, 'Ea': 12000.0, 'R': 8.314462618, 'T': 298.0, 'T_ref': 298.15}"
Pt-ref,298.0,0.9797959183673469,η_conc,η = -(RT/(nF))·ln(1 - j/j_lim),0.0036177714191502155,"{'R': 8.314462618, 'T': 298.0, 'n': 2, 'F': 96485.33212, 'j': 0.9797959183673469, 'j_lim': 3.9902653971846744, 'prefactor': 0.012839826560800151}"
Pt-ref,298.0,0.9797959183673469,V_cell,V = V_rev + η_act + η_ohm + η_conc,1.4218158861893238,"{'V_rev': 1.2298732968034478, 'eta_act': 0.09994594018444042, 'eta_ohm': 0.08837887778228512, 'eta_conc': 0.0036177714191502155}"
Pt-ref,298.0,1.0,Potencial reversible (aprox. lineal),V_rev = V_ref + (ΔS/(nF))·(T - T_ref),1.2298732968034478,"{'V_ref': 1.23, 'ΔS_ref': 163.0, 'n': 2, 'F': 96485.33212, 'T': 298.0, 'T_ref': 298.15, 'slope': 0.0008446879770143449}"
Pt-ref,298.0,1.0,j0(T) Pt-ref,j0 = j0_ref * exp(-Ea/R * (1/T - 1/Tref)),0.02,"{'j0_ref': 0.02, 'Ea': 30000.0, 'R': 8.314462618, 'T': 298.0, 'T_ref': 298.0}"
Pt-ref,298.0,1.0,η_act BV Pt-ref,j = j0[exp(α_a nFη/RT) - exp(-α_c nFη/RT)],0.10046965948671956,"{'alpha_a': 0.5, 'alpha_c': 0.5, 'n': 2, 'F': 96485.33212, 'R': 8.314462618, 'T': 298.0, 'beta_a': 38.94133597773777, 'beta_c': 38.94133597773777, 'j': 1.0, 'j0': 0.02, 'eta': 0.10046965948671956}"
Pt-ref,298.0,1.0,R capa membrana,R = delta / kappa(T),0.05015252070648465,"{'delta': 0.005, 'kappa_ref': 0.1, 'Ea_kappa': 15000, 'T': 298.0, 'T_ref': 298.15, 'kappa(T)': 0.0996958862598806}"
Pt-ref,298.0,1.0,R capa electrolito,R = delta / kappa(T),0.020048791756168367,"{'delta': 0.01, 'kappa_ref': 0.5, 'Ea_kappa': 12000, 'T': 298.0, 'T_ref': 298.15, 'kappa(T)': 0.4987831746480843}"
Pt-ref,298.0,1.0,Perdida ohmica total,η_ohm = j · R_total,0.090201312462653,"{'j': 1.0, 'R_total': 0.090201312462653}"
Pt-ref,298.0,1.0,j_lim (Arrhenius),j_lim = j_lim_ref * exp(-Ea/R * (1/T - 1/Tref)),3.9902653971846744,"{'j_lim_ref': 4.0, 'Ea': 12000.0, 'R': 8.314462618, 'T': 298.0, 'T_ref': 298.15}"
Pt-ref,298.0,1.0,η_conc,η = -(RT/(nF))·ln(1 - j/j_lim),0.0037042334574246025,"{'R': 8.314462618, 'T': 298.0, 'n': 2, 'F': 96485.33212, 'j': 1.0, 'j_lim': 3.9902653971846744, 'prefactor': 0.012839826560800151}"
Pt-ref,298.0,1.0,V_cell,V = V_rev + η_act + η_ohm + η_conc,1.4242485022102451,"{'V_rev': 1.2298732968034478, 'eta_act': 0.10046965948671956, 'eta_ohm': 0.090201312462653, 'eta_conc': 0.0037042334574246025}"
Pt-ref,333.0,0.01,Potencial reversible (aprox. lineal),V_rev = V_ref + (ΔS/(nF))·(T - T_ref),1.25943737599895,"{'V_ref': 1.23, 'ΔS_ref': 163.0, 'n': 2, 'F': 96485.33212, 'T': 333.0, 'T_ref': 298.15, 'slope': 0.0008446879770143449}"
Pt-ref,333.0,0.01,j0(T) Pt-ref,j0 = j0_ref * exp(-Ea/R * (1/T - 1/Tref)),0.07140302090715395,"{'j0_ref': 0.02, 'Ea': 30000.0, 'R': 8.314462618, 'T': 333.0, 'T_ref': 298.0}"
Pt-ref,333.0,0.01,η_act BV Pt-ref,j = j0[exp(α_a nFη/RT) - exp(-α_c nFη/RT)],0.002007780580147507,"{'alpha_a': 0.5, 'alpha_c': 0.5, 'n': 2, 'F': 96485.33212, 'R': 8.314462618, 'T': 333.0, 'beta_a': 34.84840276686443, 'beta_c': 34.84840276686443, 'j': 0.01, 'j0': 0.07140302090715395, 'eta': 0.002007780580147507}"
Pt-ref,333.0,0.01,R capa membrana,R = delta / kappa(T),0.026542967213653592,"{'delta': 0.005, 'kappa_ref': 0.1, 'Ea_kappa': 15000, 'T': 333.0, 'T_ref': 298.15, 'kappa(T)': 0.1883738151711999}"
Pt-ref,333.0,0.01,R capa electrolito,R = delta / kappa(T),0.01205073589975269,"{'delta': 0.01, 'kappa_ref': 0.5, 'Ea_kappa': 12000, 'T': 333.0, 'T_ref': 298.15, 'kappa(T)': 0.8298248408385768}"
Pt-ref,333.0,0.01,Perdida ohmica total,η_ohm = j · R_total,0.0005859370311340628,"{'j': 0.01, 'R_total': 0.05859370311340628}"
Pt-ref,333.0,0.01,j_lim (Arrhenius),j_lim = j_lim_ref * exp(-Ea/R * (1/T - 1/Tref)),6.638598726708614,"{'j_lim_ref': 4.0, 'Ea': 12000.0, 'R': 8.314462618, 'T': 333.0, 'T_ref': 298.15}"
Pt-ref,333.0,0.01,η_conc,η = -(RT/(nF))·ln(1 - j/j_lim),2.1629078257393257e-05,"{'R': 8.314462618, 'T': 333.0, 'n': 2, 'F': 96485.33212, 'j': 0.01, 'j_lim': 6.638598726708614, 'prefactor': 0.014347859881699497}"
Pt-ref,333.0,0.01,V_cell,V = V_rev + η_act + η_ohm + η_conc,1.2620527226884888,"{'V_rev': 1.25943737599895, 'eta_act': 0.002007780580147507, 'eta_ohm': 0.0005859370311340628, 'eta_conc': 2.1629078257393257e-05}"
Pt-ref,333.0,0.030204081632653063,Potencial reversible (aprox. lineal),V_rev = V_ref + (ΔS/(nF))·(T - T_ref),1.25943737599895,"{'V_ref': 1.23, 'ΔS_ref': 163.0, 'n': 2, 'F': 96485.33212, 'T': 333.0, 'T_ref': 298.15, 'slope': 0.0008446879770143449}"
Pt-ref,333.0,0.030204081632653063,j0(T) Pt-ref,j0 = j0_ref * exp(-Ea/R * (1/T - 1/Tref)),0.07140302090715395,"{'j0_ref': 0.02, 'Ea': 30000.0, 'R': 8.314462618, 'T': 333.0, 'T_ref': 298.0}"
Pt-ref,333.0,0.030204081632653063,η_act BV Pt-ref,j = j0[exp(α_a nFη/RT) - exp(-α_c nFη/RT)],0.006024902958948851,"{'alpha_a': 0.5, 'alpha_c': 0.5, 'n': 2, 'F': 96485.33212, 'R': 8.314462618, 'T': 333.0, 'beta_a': 34.84840276686443, 'beta_c': 34.84840276686443, 'j': 0.030204081632653063, 'j0': 0.07140302090715395, 'eta': 0.006024902958948851}"
Pt-ref,333.0,0.030204081632653063,R capa membrana,R = delta / kappa(T),0.026542967213653592,"{'delta': 0.005, 'kappa_ref': 0.1, 'Ea_kappa': 15000, 'T': 333.0, 'T_ref': 298.15, 'kappa(T)': 0.1883738151711999}"
Pt-ref,333.0,0.030204081632653063,R capa electrolito,R = delta / kappa(T),0.01205073589975269,"{'delta': 0.01, 'kappa_ref': 0.5, 'Ea_kappa': 12000, 'T': 333.0, 'T_ref': 298.15, 'kappa(T)': 0.8298248408385768}"
Pt-ref,333.0,0.030204081632653063,Perdida ohmica total,η_ohm = j · R_total,0.0017697689919967613,"{'j': 0.030204081632653063, 'R_total': 0.05859370311340628}"
Pt-ref,333.0,0.030204081632653063,j_lim (Arrhenius),j_lim = j_lim_ref * exp(-Ea/R * (1/T - 1/Tref)),6.638598726708614,"{'j_lim_ref': 4.0, 'Ea': 12000.0, 'R': 8.314462618, 'T': 333.0, 'T_ref': 298.15}"
Pt-ref,333.0,0.030204081632653063,η_conc,η = -(RT/(nF))·ln(1 - j/j_lim),6.542838362487649e-05,"{'R': 8.314462618, 'T': 333.0, 'n': 2, 'F': 96485.33212, 'j': 0.030204081632653063, 'j_lim': 6.638598726708614, 'prefactor': 0.014347859881699497}"
Pt-ref,333.0,0.030204081632653063,V_cell,V = V_rev + η_act + η_ohm + η_conc,1.26729747633352,"{'V_rev': 1.25943737599895, 'eta_act': 0.006024902958948851, 'eta_ohm': 0.0017697689919967613, 'eta_conc': 6.542838362487649e-05}"
Pt-ref,333.0,0.05040816326530612,Potencial reversible (aprox. lineal),V_rev = V_ref + (ΔS/(nF))·(T - T_ref),1.25943737599895,"{'V_ref': 1.23, 'ΔS_ref': 163.0, 'n': 2, 'F': 96485.33212, 'T': 333.0, 'T_ref': 298.15, 'slope': 0.0008446879770143449}"
Pt-ref,333.0,0.05040816326530612,j0(T) Pt-ref,j0 = j0_ref * exp(-Ea/R * (1/T - 1/Tref)),0.07140302090715395,"{'j0_ref': 0.02, 'Ea': 30000.0, 'R': 8.314462618, 'T': 333.0, 'T_ref': 298.0}"
Pt-ref,333.0,0.05040816326530612,η_act BV Pt-ref,j = j0[exp(α_a nFη/RT) - exp(-α_c nFη/RT)],0.009929756590595312,"{'alpha_a': 0.5, 'alpha_c': 0.5, 'n': 2, 'F': 96485.33212, 'R': 8.314462618, 'T': 333.0, 'beta_a': 34.84840276686443, 'beta_c': 34.84840276686443, 'j': 0.05040816326530612, 'j0': 0.07140302090715395, 'eta': 0.009929756590595312}"
Pt-ref,333.0,0.05040816326530612,R capa membrana,R = delta / kappa(T),0.026542967213653592,"{'delta': 0.005, 'kappa_ref': 0.1, 'Ea_kappa': 15000, 'T': 333.0, 'T_ref': 298.15, 'kappa(T)': 0.1883738151711999}"
Pt-ref,333.0,0.05040816326530612,R capa electrolito,R = delta / kappa(T),0.01205073589975269,"{'delta': 0.01, 'kappa_ref': 0.5, 'Ea_kappa': 12000, 'T': 333.0, 'T_ref': 298.15, 'kappa(T)': 0.8298248408385768}"
Pt-ref,333.0,0.05040816326530612,Perdida ohmica total,η_ohm = j · R_total,0.0029536009528594595,"{'j': 0.05040816326530612, 'R_total': 0.05859370311340628}"
Pt-ref,333.0,0.05040816326530612,j_lim (Arrhenius),j_lim = j_lim_ref * exp(-Ea/R * (1/T - 1/Tref)),6.638598726708614,"{'j_lim_ref': 4.0, 'Ea': 12000.0, 'R': 8.314462618, 'T': 333.0, 'T_ref': 298.15}"
Pt-ref,333.0,0.05040816326530612,η_conc,η = -(RT/(nF))·ln(1 - j/j_lim),0.00010936180340269428,"{'R': 8.314462618, 'T': 333.0, 'n': 2, 'F': 96485.33212, 'j': 0.05040816326530612, 'j_lim': 6.638598726708614, 'prefactor': 0.014347859881699497}"
Pt-ref,333.0,0.05040816326530612,V_cell,V = V_rev + η_act + η_ohm + η_conc,1.2724300953458074,"{'V_rev': 1.25943737599895, 'eta_act': 0.009929756590595312, 'eta_ohm': 0.0029536009528594595, 'eta_conc': 0.00010936180340269428}"
Pt-ref,333.0,0.07061224489795918,Potencial reversible (aprox. lineal),V_rev = V_ref + (ΔS/(nF))·(T - T_ref),1.25943737599895,"{'V_ref': 1.23, 'ΔS_ref': 163.0, 'n': 2, 'F': 96485.33212, 'T': 333.0, 'T_ref': 298.15, 'slope': 0.0008446879770143449}"
Pt-ref,333.0,0.07061224489795918,j0(T) Pt-ref,j0 = j0_ref * exp(-Ea/R * (1/T - 1/Tref)),0.07140302090715395,"{'j0_ref': 0.02, 'Ea': 30000.0, 'R': 8.314462618, 'T': 333.0, 'T_ref': 298.0}"
Pt-ref,333.0,0.07061224489795918,η_act BV Pt-ref,j = j0[exp(α_a nFη/RT) - exp(-α_c nFη/RT)],0.013666437989987599,"{'alpha_a': 0.5, 'alpha_c': 0.5, 'n': 2, 'F': 96485.33212, 'R': 8.314462618, 'T': 333.0, 'beta_a': 34.84840276686443, 'beta_c': 34.84840276686443, 'j': 0.07061224489795918, 'j0': 0.07140302090715395, 'eta': 0.013666437989987599}"
Pt-ref,333.0,0.07061224489795918,R capa membrana,R = delta / kappa(T),0.026542967213653592,"{'delta': 0.005, 'kappa_ref': 0.1, 'Ea_kappa': 15000, 'T': 333.0, 'T_ref': 298.15, 'kappa(T)': 0.1883738151711999}"
Pt-ref,333.0,0.07061224489795918,R capa electrolito,R = delta / kappa(T),0.01205073589975269,"{'delta': 0.01, 'kappa_ref': 0.5, 'Ea_kappa': 12000, 'T': 333.0, 'T_ref': 298.15, 'kappa(T)': 0.8298248408385768}"
Pt-ref,333.0,0.07061224489795918,Perdida ohmica total,η_ohm = j · R_total,0.004137432913722158,"{'j': 0.07061224489795918, 'R_total': 0.05859370311340628}"
Pt-ref,333.0,0.07061224489795918,j_lim (Arrhenius),j_lim = j_lim_ref * exp(-Ea/R * (1/T - 1/Tref)),6.638598726708614,"{'j_lim_ref': 4.0, 'Ea': 12000.0, 'R': 8.314462618, 'T': 333.0, 'T_ref': 298.15}"
Pt-ref,333.0,0.07061224489795918,η_conc,η = -(RT/(nF))·ln(1 - j/j_lim),0.00015343016143651273,"{'R': 8.314462618, 'T': 333.0, 'n': 2, 'F': 96485.33212, 'j': 0.07061224489795918, 'j_lim': 6.638598726708614, 'prefactor': 0.014347859881699497}"
Pt-ref,333.0,0.07061224489795918,V_cell,V = V_rev + η_act + η_ohm + η_conc,1.2773946770640963,"{'V_rev': 1.25943737599895, 'eta_act': 0.013666437989987599, 'eta_ohm': 0.004137432913722158, 'eta_conc': 0.00015343016143651273}"
Pt-ref,333.0,0.09081632653061224,Potencial reversible (aprox. lineal),V_rev = V_ref + (ΔS/(nF))·(T - T_ref),1.25943737599895,"{'V_ref': 1.23, 'ΔS_ref': 163.0, 'n': 2, 'F': 96485.33212, 'T': 333.0, 'T_ref': 298.15, 'slope': 0.0008446879770143449}"
Pt-ref,333.0,0.09081632653061224,j0(T) Pt-ref,j0 = j0_ref * exp(-Ea/R * (1/T - 1/Tref)),0.07140302090715395,"{'j0_ref': 0.02, 'Ea': 30000.0, 'R': 8.314462618, 'T': 333.0, 'T_ref': 298.0}"
Pt-ref,333.0,0.09081632653061224,η_act BV Pt-ref,j = j0[exp(α_a nFη/RT) - exp(-α_c nFη/RT)],0.01720019866654005,"{'alpha_a': 0.5, 'alpha_c': 0.5, 'n': 2, 'F': 96485.33212, 'R': 8.314462618, 'T': 333.0, 'beta_a': 34.84840276686443, 'beta_c': 34.84840276686443, 'j': 0.09081632653061224, 'j0': 0.07140302090715395, 'eta': 0.01720019866654005}"
Pt-ref,333.0,0.09081632653061224,R capa membrana,R = delta / kappa(T),0.026542967213653592,"{'delta': 0.005, 'kappa_ref': 0.1, 'Ea_kappa': 15000, 'T': 333.0, 'T_ref': 298.15, 'kappa(T)': 0.1883738151711999}"
Pt-ref,333.0,0.09081632653061224,R capa electrolito,R = delta / kappa(T),0.01205073589975269,"{'delta': 0.01, 'kappa_ref': 0.5, 'Ea_kappa': 12000, 'T': 333.0, 'T_ref': 298.15, 'kappa(T)': 0.8298248408385768}"
Pt-ref,333.0,0.09081632653061224,Perdida ohmica total,η_ohm = j · R_total,0.005321264874584856,"{'j': 0.09081632653061224, 'R_total': 0.05859370311340628}"
Pt-ref,333.0,0.09081632653061224,j_lim (Arrhenius),j_lim = j_lim_ref * exp(-Ea/R * (1/T - 1/Tref)),6.638598726708614,"{'j_lim_ref': 4.0, 'Ea': 12000.0, 'R': 8.314462618, 'T': 333.0, 'T_ref': 298.15}"
Pt-ref,333.0,0.09081632653061224,η_conc,η = -(RT/(nF))·ln(1 - j/j_lim),0.0001976342891865424,"{'R': 8.314462618, 'T': 333.0, 'n': 2, 'F': 96485.33212, 'j': 0.09081632653061224, 'j_lim': 6.638598726708614, 'prefactor': 0.014347859881699497}"
Pt-ref,333.0,0.09081632653061224,V_cell,V = V_rev + η_act + η_ohm + η_conc,1.2821564738292612,"{'V_rev': 1.25943737599895, 'eta_act': 0.01720019866654005, 'eta_ohm': 0.005321264874584856, 'eta_conc': 0.0001976342891865424}"
Pt-ref,333.0,0.1110204081632653,Potencial reversible (aprox. lineal),V_rev = V_ref + (ΔS/(nF))·(T - T_ref),1.25943737599895,"{'V_ref': 1.23, 'ΔS_ref': 163.0, 'n': 2, 'F': 96485.33212, 'T': 333.0, 'T_ref': 298.15, 'slope': 0.0008446879770143449}"
Pt-ref,333.0,0.1110204081632653,j0(T) Pt-ref,j0 = j0_ref * exp(-Ea/R * (1/T - 1/Tref)),0.07140302090715395,"{'j0_ref': 0.02, 'Ea': 30000.0, 'R': 8.314462618, 'T': 333.0, 'T_ref': 298.0}"
Pt-ref,333.0,0.1110204081632653,η_act BV Pt-ref,j = j0[exp(α_a nFη/RT) - exp(-α_c nFη/RT)],0.02051571020815399,"{'alpha_a': 0.5, 'alpha_c': 0.5, 'n': 2, 'F': 96485.33212, 'R': 8.314462618, 'T': 333.0, 'beta_a': 34.84840276686443, 'beta_c': 34.84840276686443, 'j': 0.1110204081632653, 'j0': 0.07140302090715395, 'eta': 0.02051571020815399}"
Pt-ref,333.0,0.1110204081632653,R capa membrana,R = delta / kappa(T),0.026542967213653592,"{'delta': 0.005, 'kappa_ref': 0.1, 'Ea_kappa': 15000, 'T': 333.0, 'T_ref': 298.15, 'kappa(T)': 0.1883738151711999}"
Pt-ref,333.0,0.1110204081632653,R capa electrolito,R = delta / kappa(T),0.01205073589975269,"{'delta': 0.01, 'kappa_ref': 0.5, 'Ea_kappa': 12000, 'T': 333.0, 'T_ref': 298.15, 'kappa(T)': 0.8298248408385768}"
Pt-ref,333.0,0.1110204081632653,Perdida ohmica total,η_ohm = j · R_total,0.006505096835447554,"{'j': 0.1110204081632653, 'R_total': 0.05859370311340628}"
Pt-ref,333.0,0.1110204081632653,j_lim (Arrhenius),j_lim = j_lim_ref * exp(-Ea/R * (1/T - 1/Tref)),6.638598726708614,"{'j_lim_ref': 4.0, 'Ea': 12000.0, 'R': 8.314462618, 'T': 333.0, 'T_ref': 298.15}"
Pt-ref,333.0,0.1110204081632653,η_conc,η = -(RT/(nF))·ln(1 - j/j_lim),0.00024197502582166372,"{'R': 8.314462618, 'T': 333.0, 'n': 2, 'F': 96485.33212, 'j': 0.1110204081632653, 'j_lim': 6.638598726708614, 'prefactor': 0.014347859881699497}"
Pt-ref,333.0,0.1110204081632653,V_cell,V = V_rev + η_act + η_ohm + η_conc,1.286700158068373,"{'V_rev': 1.25943737599895, 'eta_act': 0.02051571020815399, 'eta_ohm': 0.006505096835447554, 'eta_conc': 0.00024197502582166372}"
Pt-ref,333.0,0.13122448979591836,Potencial reversible (aprox. lineal),V_rev = V_ref + (ΔS/(nF))·(T - T_ref),1.25943737599895,"{'V_ref': 1.23, 'ΔS_ref': 163.0, 'n': 2, 'F': 96485.33212, 'T': 333.0, 'T_ref': 298.15, 'slope': 0.0008446879770143449}"
Pt-ref,333.0,0.13122448979591836,j0(T) Pt-ref,j0 = j0_ref * exp(-Ea/R * (1/T - 1/Tref)),0.07140302090715395,"{'j0_ref': 0.02, 'Ea': 30000.0, 'R': 8.314462618, 'T': 333.0, 'T_ref': 298.0}"
Pt-ref,333.0,0.13122448979591836,η_act BV Pt-ref,j = j0[exp(α_a nFη/RT) - exp(-α_c nFη/RT)],0.023612256854769746,"{'alpha_a': 0.5, 'alpha_c': 0.5, 'n': 2, 'F': 96485.33212, 'R': 8.314462618, 'T': 333.0, 'beta_a': 34.84840276686443, 'beta_c': 34.84840276686443, 'j': 0.13122448979591836, 'j0': 0.07140302090715395, 'eta': 0.023612256854769746}"
Pt-ref,333.0,0.13122448979591836,R capa membrana,R = delta / kappa(T),0.026542967213653592,"{'delta': 0.005, 'kappa_ref': 0.1, 'Ea_kappa': 15000, 'T': 333.0, 'T_ref': 298.15, 'kappa(T)': 0.1883738151711999}"
Pt-ref,333.0,0.13122448979591836,R capa electrolito,R = delta / kappa(T),0.01205073589975269,"{'delta': 0.01, 'kappa_ref': 0.5, 'Ea_kappa': 12000, 'T': 333.0, 'T_ref': 298.15, 'kappa(T)': 0.8298248408385768}"
Pt-ref,333.0,0.13122448979591836,Perdida ohmica total,η_ohm = j · R_total,0.007688928796310252,"{'j': 0.13122448979591836, 'R_total': 0.05859370311340628}"
Pt-ref,333.0,0.13122448979591836,j_lim (Arrhenius),j_lim = j_lim_ref * exp(-Ea/R * (1/T - 1/Tref)),6.638598726708614,"{'j_lim_ref': 4.0, 'Ea': 12000.0, 'R': 8.314462618, 'T': 333.0, 'T_ref': 298.15}"
Pt-ref,333.0,0.13122448979591836,η_conc,η = -(RT/(nF))·ln(1 - j/j_lim),0.00028645321831502073,"{'R': 8.314462618, 'T': 333.0, 'n': 2, 'F': 96485.33212, 'j': 0.13122448979591836, 'j_lim': 6.638598726708614, 'prefactor': 0.014347859881699497}"
Pt-ref,333.0,0.13122448979591836,V_cell,V = V_rev + η_act + η_ohm + η_conc,1.2910250148683449,"{'V_rev': 1.25943737599895, 'eta_act': 0.023612256854769746, 'eta_ohm': 0.007688928796310252, 'eta_conc': 0.00028645321831502073}"
Pt-ref,333.0,0.15142857142857144,Potencial reversible (aprox. lineal),V_rev = V_ref + (ΔS/(nF))·(T - T_ref),1.25943737599895,"{'V_ref': 1.23, 'ΔS_ref': 163.0, 'n': 2, 'F': 96485.33212, 'T': 333.0, 'T_ref': 298.15, 'slope': 0.0008446879770143449}"
Pt-ref,333.0,0.15142857142857144,j0(T) Pt-ref,j0 = j0_ref * exp(-Ea/R * (1/T - 1/Tref)),0.07140302090715395,"{'j0_ref': 0.02, 'Ea': 30000.0, 'R': 8.314462618, 'T': 333.0, 'T_ref': 298.0}"
Pt-ref,333.0,0.15142857142857144,η_act BV Pt-ref,j = j0[exp(α_a nFη/RT) - exp(-α_c nFη/RT)],0.026498498734475812,"{'alpha_a': 0.5, 'alpha_c': 0.5, 'n': 2, 'F': 96485.33212, 'R': 8.314462618, 'T': 333.0, 'beta_a': 34.84840276686443, 'beta_c': 34.84840276686443, 'j': 0.15142857142857144, 'j0': 0.07140302090715395, 'eta': 0.026498498734475812}"
Pt-ref,333.0,0.15142857142857144,R capa membrana,R = delta / kappa(T),0.026542967213653592,"{'delta': 0.005, 'kappa_ref': 0.1, 'Ea_kappa': 15000, 'T': 333.0, 'T_ref': 298.15, 'kappa(T)': 0.1883738151711999}"
Pt-ref,333.0,0.15142857142857144,R capa electrolito,R = delta / kappa(T),0.01205073589975269,"{'delta': 0.01, 'kappa_ref': 0.5, 'Ea_kappa': 12000, 'T': 333.0, 'T_ref': 298.15, 'kappa(T)': 0.8298248408385768}"
Pt-ref,333.0,0.15142857142857144,Perdida ohmica total,η_ohm = j · R_total,0.008872760757172951,"{'j': 0.15142857142857144, 'R_total': 0.05859370311340628}"
Pt-ref,333.0,0.15142857142857144,j_lim (Arrhenius),j_lim = j_lim_ref * exp(-Ea/R * (1/T - 1/Tref)),6.638598726708614,"{'j_lim_ref': 4.0, 'Ea': 12000.0, 'R': 8.314462618, 'T': 333.0, 'T_ref': 298.15}"
Pt-ref,333.0,0.15142857142857144,η_conc,η = -(RT/(nF))·ln(1 - j/j_lim),0.00033106972154108526,"{'R': 8.314462618, 'T': 333.0, 'n': 2, 'F': 96485.33212, 'j': 0.15142857142857144, 'j_lim': 6.638598726708614, 'prefactor': 0.014347859881699497}"
Pt-ref,333.0,0.15142857142857144,V_cell,V = V_rev + η_act + η_ohm + η_conc,1.2951397052121398,"{'V_rev': 1.25943737599895, 'eta_act': 0.026498498734475812, 'eta_ohm': 0.008872760757172951, 'eta_conc': 0.00033106972154108526}"
Pt-ref,333.0,0.1716326530612245,Potencial reversible (aprox. lineal),V_rev = V_ref + (ΔS/(nF))·(T - T_ref),1.25943737599895,"{'V_ref': 1.23, 'ΔS_ref': 163.0, 'n': 2, 'F': 96485.33212, 'T': 333.0, 'T_ref': 298.15, 'slope': 0.0008446879770143449}"
Pt-ref,333.0,0.1716326530612245,j0(T) Pt-ref,j0 = j0_ref * exp(-Ea/R * (1/T - 1/Tref)),0.07140302090715395,"{'j0_ref': 0.02, 'Ea': 30000.0, 'R': 8.314462618, 'T': 333.0, 'T_ref': 298.0}"
Pt-ref,333.0,0.1716326530612245,η_act BV Pt-ref,j = j0[exp(α_a nFη/RT) - exp(-α_c nFη/RT)],0.029188206144242286,"{'alpha_a': 0.5, 'alpha_c': 0.5, 'n': 2, 'F': 96485.33212, 'R': 8.314462618, 'T': 333.0, 'beta_a': 34.84840276686443, 'beta_c': 34.84840276686443, 'j': 0.1716326530612245, 'j0': 0.07140302090715395, 'eta': 0.029188206144242286}"
Pt-ref,333.0,0.1716326530612245,R capa membrana,R = delta / kappa(T),0.026542967213653592,"{'delta': 0.005, 'kappa_ref': 0.1, 'Ea_kappa': 15000, 'T': 333.0, 'T_ref': 298.15, 'kappa(T)': 0.1883738151711999}"
Pt-ref,333.0,0.1716326530612245,R capa electrolito,R = delta / kappa(T),0.01205073589975269,"{'delta': 0.01, 'kappa_ref': 0.5, 'Ea_kappa': 12000, 'T': 333.0, 'T_ref': 298.15, 'kappa(T)': 0.8298248408385768}"
Pt-ref,333.0,0.1716326530612245,Perdida ohmica total,η_ohm = j · R_total,0.01005659271803565,"{'j': 0.1716326530612245, 'R_total': 0.05859370311340628}"
Pt-ref,333.0,0.1716326530612245,j_lim (Arrhenius),j_lim = j_lim_ref * exp(-Ea/R * (1/T - 1/Tref)),6.638598726708614,"{'j_lim_ref': 4.0, 'Ea': 12000.0, 'R': 8.314462618, 'T': 333.0, 'T_ref': 298.15}"
Pt-ref,333.0,0.1716326530612245,η_conc,η = -(RT/(nF))·ln(1 - j/j_lim),0.00037582539837425084,"{'R': 8.314462618, 'T': 333.0, 'n': 2, 'F': 96485.33212, 'j': 0.1716326530612245, 'j_lim': 6.638598726708614, 'prefactor': 0.014347859881699497}"
Pt-ref,333.0,0.1716326530612245,V_cell,V = V_rev + η_act + η_ohm + η_conc,1.2990580002596022,"{'V_rev': 1.25943737599895, 'eta_act': 0.029188206144242286, 'eta_ohm': 0.01005659271803565, 'eta_conc': 0.00037582539837425084}"
Pt-ref,333.0,0.19183673469387758,Potencial reversible (aprox. lineal),V_rev = V_ref + (ΔS/(nF))·(T - T_ref),1.25943737599895,"{'V_ref': 1.23, 'ΔS_ref': 163.0, 'n': 2, 'F': 96485.33212, 'T': 333.0, 'T_ref': 298.15, 'slope': 0.0008446879770143449}"
Pt-ref,333.0,0.19183673469387758,j0(T) Pt-ref,j0 = j0_ref * exp(-Ea/R * (1/T - 1/Tref)),0.07140302090715395,"{'j0_ref': 0.02, 'Ea': 30000.0, 'R': 8.314462618, 'T': 333.0, 'T_ref': 298.0}"
Pt-ref,333.0,0.19183673469387758,η_act BV Pt-ref,j = j0[exp(α_a nFη/RT) - exp(-α_c nFη/RT)],0.03169730662967708,"{'alpha_a': 0.5, 'alpha_c': 0.5, 'n': 2, 'F': 96485.33212, 'R': 8.314462618, 'T': 333.0, 'beta_a': 34.84840276686443, 'beta_c': 34.84840276686443, 'j': 0.19183673469387758, 'j0': 0.07140302090715395, 'eta': 0.03169730662967708}"
Pt-ref,333.0,0.19183673469387758,R capa membrana,R = delta / kappa(T),0.026542967213653592,"{'delta': 0.005, 'kappa_ref': 0.1, 'Ea_kappa': 15000, 'T': 333.0, 'T_ref': 298.15, 'kappa(T)': 0.1883738151711999}"
Pt-ref,333.0,0.19183673469387758,R capa electrolito,R = delta / kappa(T),0.01205073589975269,"{'delta': 0.01, 'kappa_ref': 0.5, 'Ea_kappa': 12000, 'T': 333.0, 'T_ref': 298.15, 'kappa(T)': 0.8298248408385768}"
Pt-ref,333.0,0.19183673469387758,Perdida ohmica total,η_ohm = j · R_total,0.01124042467889835,"{'j': 0.19183673469387758, 'R_total': 0.05859370311340628}"
Pt-ref,333.0,0.19183673469387758,j_lim (Arrhenius),j_lim = j_lim_ref * exp(-Ea/R * (1/T - 1/Tref)),6.638598726708614,"{'j_lim_ref': 4.0, 'Ea': 12000.0, 'R': 8.314462618, 'T': 333.0, 'T_ref': 298.15}"
Pt-ref,333.0,0.19183673469387758,η_conc,η = -(RT/(nF))·ln(1 - j/j_lim),0.00042072111978896156,"{'R': 8.314462618, 'T': 333.0, 'n': 2, 'F': 96485.33212, 'j': 0.19183673469387758, 'j_lim': 6.638598726708614, 'prefactor': 0.014347859881699497}"
Pt-ref,333.0,0.19183673469387758,V_cell,V = V_rev + η_act + η_ohm + η_conc,1.3027958284273142,"{'V_rev': 1.25943737599895, 'eta_act': 0.03169730662967708, 'eta_ohm': 0.01124042467889835, 'eta_conc': 0.00042072111978896156}"
Pt-ref,333.0,0.21204081632653063,Potencial reversible (aprox. lineal),V_rev = V_ref + (ΔS/(nF))·(T - T_ref),1.25943737599895,"{'V_ref': 1.23, 'ΔS_ref': 163.0, 'n': 2, 'F': 96485.33212, 'T': 333.0, 'T_ref': 298.15, 'slope': 0.0008446879770143449}"
Pt-ref,333.0,0.21204081632653063,j0(T) Pt-ref,j0 = j0_ref * exp(-Ea/R * (1/T - 1/Tref)),0.07140302090715395,"{'j0_ref': 0.02, 'Ea': 30000.0, 'R': 8.314462618, 'T': 333.0, 'T_ref': 298.0}"
Pt-ref,333.0,0.21204081632653063,η_act BV Pt-ref,j = j0[exp(α_a nFη/RT) - exp(-α_c nFη/RT)],0.03404206238118238,"{'alpha_a': 0.5, 'alpha_c': 0.5, 'n': 2, 'F': 96485.33212, 'R': 8.314462618, 'T': 333.0, 'beta_a': 34.84840276686443, 'beta_c': 34.84840276686443, 'j': 0.21204081632653063, 'j0': 0.07140302090715395, 'eta': 0.03404206238118238}"
Pt-ref,333.0,0.21204081632653063,R capa membrana,R = delta / kappa(T),0.026542967213653592,"{'delta': 0.005, 'kappa_ref': 0.1, 'Ea_kappa': 15000, 'T': 333.0, 'T_ref': 298.15, 'kappa(T)': 0.1883738151711999}"
Pt-ref,333.0,0.21204081632653063,R capa electrolito,R = delta / kappa(T),0.01205073589975269,"{'delta': 0.01, 'kappa_ref': 0.5, 'Ea_kappa': 12000, 'T': 333.0, 'T_ref': 298.15, 'kappa(T)': 0.8298248408385768}"
Pt-ref,333.0,0.21204081632653063,Perdida ohmica total,η_ohm = j · R_total,0.012424256639761048,"{'j': 0.21204081632653063, 'R_total': 0.05859370311340628}"
Pt-ref,333.0,0.21204081632653063,j_lim (Arrhenius),j_lim = j_lim_ref * exp(-Ea/R * (1/T - 1/Tref)),6.638598726708614,"{'j_lim_ref': 4.0, 'Ea': 12000.0, 'R': 8.314462618, 'T': 333.0, 'T_ref': 298.15}"
Pt-ref,333.0,0.21204081632653063,η_conc,η = -(RT/(nF))·ln(1 - j/j_lim),0.00046575776496141167,"{'R': 8.314462618, 'T': 333.0, 'n': 2, 'F': 96485.33212, 'j': 0.21204081632653063, 'j_lim': 6.638598726708614, 'prefactor': 0.014347859881699497}"
Pt-ref,333.0,0.21204081632653063,V_cell,V = V_rev + η_act + η_ohm + η_conc,1.3063694527848546,"{'V_rev': 1.25943737599895, 'eta_act': 0.03404206238118238, 'eta_ohm': 0.012424256639761048, 'eta_conc': 0.00046575776496141167}"
Pt-ref,333.0,0.23224489795918368,Potencial reversible (aprox. lineal),V_rev = V_ref + (ΔS/(nF))·(T - T_ref),1.25943737599895,"{'V_ref': 1.23, 'ΔS_ref': 163.0, 'n': 2, 'F': 96485.33212, 'T': 333.0, 'T_ref': 298.15, 'slope': 0.0008446879770143449}"
Pt-ref,333.0,0.23224489795918368,j0(T) Pt-ref,j0 = j0_ref * exp(-Ea/R * (1/T - 1/Tref)),0.07140302090715395,"{'j0_ref': 0.02, 'Ea': 30000.0, 'R': 8.314462618, 'T': 333.0, 'T_ref': 298.0}"
Pt-ref,333.0,0.23224489795918368,η_act BV Pt-ref,j = j0[exp(α_a nFη/RT) - exp(-α_c nFη/RT)],0.036238055580381616,"{'alpha_a': 0.5, 'alpha_c': 0.5, 'n': 2, 'F': 96485.33212, 'R': 8.314462618, 'T': 333.0, 'beta_a': 34.84840276686443, 'beta_c': 34.84840276686443, 'j': 0.23224489795918368, 'j0': 0.07140302090715395, 'eta': 0.036238055580381616}"
Pt-ref,333.0,0.23224489795918368,R capa membrana,R = delta / kappa(T),0.026542967213653592,"{'delta': 0.005, 'kappa_ref': 0.1, 'Ea_kappa': 15000, 'T': 333.0, 'T_ref': 298.15, 'kappa(T)': 0.1883738151711999}"
Pt-ref,333.0,0.23224489795918368,R capa electrolito,R = delta / kappa(T),0.01205073589975269,"{'delta': 0.01, 'kappa_ref': 0.5, 'Ea_kappa': 12000, 'T': 333.0, 'T_ref': 298.15, 'kappa(T)': 0.8298248408385768}"
Pt-ref,333.0,0.23224489795918368,Perdida ohmica total,η_ohm = j · R_total,0.013608088600623744,"{'j': 0.23224489795918368, 'R_total': 0.05859370311340628}"
Pt-ref,333.0,0.23224489795918368,j_lim (Arrhenius),j_lim = j_lim_ref * exp(-Ea/R * (1/T - 1/Tref)),6.638598726708614,"{'j_lim_ref': 4.0, 'Ea': 12000.0, 'R': 8.314462618, 'T': 333.0, 'T_ref': 298.15}"
Pt-ref,333.0,0.23224489795918368,η_conc,η = -(RT/(nF))·ln(1 - j/j_lim),0.0005109362213728555,"{'R': 8.314462618, 'T': 333.0, 'n': 2, 'F': 96485.33212, 'j': 0.23224489795918368, 'j_lim': 6.638598726708614, 'prefactor': 0.014347859881699497}"
Pt-ref,333.0,0.23224489795918368,V_cell,V = V_rev + η_act + η_ohm + η_conc,1.3097944564013282,"{'V_rev': 1.25943737599895, 'eta_act': 0.036238055580381616, 'eta_ohm': 0.013608088600623744, 'eta_conc': 0.0005109362213728555}"
Pt-ref,333.0,0.2524489795918367,Potencial reversible (aprox. lineal),V_rev = V_ref + (ΔS/(nF))·(T - T_ref),1.25943737599895,"{'V_ref': 1.23, 'ΔS_ref': 163.0, 'n': 2, 'F': 96485.33212, 'T': 333.0, 'T_ref': 298.15, 'slope': 0.0008446879770143449}"
Pt-ref,333.0,0.2524489795918367,j0(T) Pt-ref,j0 = j0_ref * exp(-Ea/R * (1/T - 1/Tref)),0.07140302090715395,"{'j0_ref': 0.02, 'Ea': 30000.0, 'R': 8.314462618, 'T': 333.0, 'T_ref': 298.0}"
Pt-ref,333.0,0.2524489795918367,η_act BV Pt-ref,j = j0[exp(α_a nFη/RT) - exp(-α_c nFη/RT)],0.03829969271550648,"{'alpha_a': 0.5, 'alpha_c': 0.5, 'n': 2, 'F': 96485.33212, 'R': 8.314462618, 'T': 333.0, 'beta_a': 34.84840276686443, 'beta_c': 34.84840276686443, 'j': 0.2524489795918367, 'j0': 0.07140302090715395, 'eta': 0.03829969271550648}"
Pt-ref,333.0,0.2524489795918367,R capa membrana,R = delta / kappa(T),0.026542967213653592,"{'delta': 0.005, 'kappa_ref': 0.1, 'Ea_kappa': 15000, 'T': 333.0, 'T_ref': 298.15, 'kappa(T)': 0.1883738151711999}"
Pt-ref,333.0,0.2524489795918367,R capa electrolito,R = delta / kappa(T),0.01205073589975269,"{'delta': 0.01, 'kappa_ref': 0.5, 'Ea_kappa': 12000, 'T': 333.0, 'T_ref': 298.15, 'kappa(T)': 0.8298248408385768}"
Pt-ref,333.0,0.2524489795918367,Perdida ohmica total,η_ohm = j · R_total,0.01479192056148644,"{'j': 0.2524489795918367, 'R_total': 0.05859370311340628}"
Pt-ref,333.0,0.2524489795918367,j_lim (Arrhenius),j_lim = j_lim_ref * exp(-Ea/R * (1/T - 1/Tref)),6.638598726708614,"{'j_lim_ref': 4.0, 'Ea': 12000.0, 'R': 8.314462618, 'T': 333.0, 'T_ref': 298.15}"
Pt-ref,333.0,0.2524489795918367,η_conc,η = -(RT/(nF))·ln(1 - j/j_lim),0.0005562573849145318,"{'R': 8.314462618, 'T': 333.0, 'n': 2, 'F': 96485.33212, 'j': 0.2524489795918367, 'j_lim': 6.638598726708614, 'prefactor': 0.014347859881699497}"
Pt-ref,333.0,0.2524489795918367,V_cell,V = V_rev + η_act + η_ohm + η_conc,1.3130852466608571,"{'V_rev': 1.25943737599895, 'eta_act': 0.03829969271550648, 'eta_ohm': 0.01479192056148644, 'eta_conc': 0.0005562573849145318}"
Pt-ref,333.0,0.2726530612244898,Potencial reversible (aprox. lineal),V_rev = V_ref + (ΔS/(nF))·(T - T_ref),1.25943737599895,"{'V_ref': 1.23, 'ΔS_ref': 163.0, 'n': 2, 'F': 96485.33212, 'T': 333.0, 'T_ref': 298.15, 'slope': 0.0008446879770143449}"
Pt-ref,333.0,0.2726530612244898,j0(T) Pt-ref,j0 = j0_ref * exp(-Ea/R * (1/T - 1/Tref)),0.07140302090715395,"{'j0_ref': 0.02, 'Ea': 30000.0, 'R': 8.314462618, 'T': 333.0, 'T_ref': 298.0}"
Pt-ref,333.0,0.2726530612244898,η_act BV Pt-ref,j = j0[exp(α_a nFη/RT) - exp(-α_c nFη/RT)],0.040240018124526905,"{'alpha_a': 0.5, 'alpha_c': 0.5, 'n': 2, 'F': 96485.33212, 'R': 8.314462618, 'T': 333.0, 'beta_a': 34.84840276686443, 'beta_c': 34.84840276686443, 'j': 0.2726530612244898, 'j0': 0.07140302090715395, 'eta': 0.040240018124526905}"
Pt-ref,333.0,0.2726530612244898,R capa membrana,R = delta / kappa(T),0.026542967213653592,"{'delta': 0.005, 'kappa_ref': 0.1, 'Ea_kappa': 15000, 'T': 333.0, 'T_ref': 298.15, 'kappa(T)': 0.1883738151711999}"
Pt-ref,333.0,0.2726530612244898,R capa electrolito,R = delta / kappa(T),0.01205073589975269,"{'delta': 0.01, 'kappa_ref': 0.5, 'Ea_kappa': 12000, 'T': 333.0, 'T_ref': 298.15, 'kappa(T)': 0.8298248408385768}"
Pt-ref,333.0,0.2726530612244898,Perdida ohmica total,η_ohm = j · R_total,0.015975752522349142,"{'j': 0.2726530612244898, 'R_total': 0.05859370311340628}"
Pt-ref,333.0,0.2726530612244898,j_lim (Arrhenius),j_lim = j_lim_ref * exp(-Ea/R * (1/T - 1/Tref)),6.638598726708614,"{'j_lim_ref': 4.0, 'Ea': 12000.0, 'R': 8.314462618, 'T': 333.0, 'T_ref': 298.15}"
Pt-ref,333.0,0.2726530612244898,η_conc,η = -(RT/(nF))·ln(1 - j/j_lim),0.0006017221599942649,"{'R': 8.314462618, 'T': 333.0, 'n': 2, 'F': 96485.33212, 'j': 0.2726530612244898, 'j_lim': 6.638598726708614, 'prefactor': 0.014347859881699497}"
Pt-ref,333.0,0.2726530612244898,V_cell,V = V_rev + η_act + η_ohm + η_conc,1.3162548688058202,"{'V_rev': 1.25943737599895, 'eta_act': 0.040240018124526905, 'eta_ohm': 0.015975752522349142, 'eta_conc': 0.0006017221599942649}"
Pt-ref,333.0,0.29285714285714287,Potencial reversible (aprox. lineal),V_rev = V_ref + (ΔS/(nF))·(T - T_ref),1.25943737599895,"{'V_ref': 1.23, 'ΔS_ref': 163.0, 'n': 2, 'F': 96485.33212, 'T': 333.0, 'T_ref': 298.15, 'slope': 0.0008446879770143449}"
Pt-ref,333.0,0.29285714285714287,j0(T) Pt-ref,j0 = j0_ref * exp(-Ea/R * (1/T - 1/Tref)),0.07140302090715395,"{'j0_ref': 0.02, 'Ea': 30000.0, 'R': 8.314462618, 'T': 333.0, 'T_ref': 298.0}"
Pt-ref,333.0,0.29285714285714287,η_act BV Pt-ref,j = j0[exp(α_a nFη/RT) - exp(-α_c nFη/RT)],0.042070699869931616,"{'alpha_a': 0.5, 'alpha_c': 0.5, 'n': 2, 'F': 96485.33212, 'R': 8.314462618, 'T': 333.0, 'beta_a': 34.84840276686443, 'beta_c': 34.84840276686443, 'j': 0.29285714285714287, 'j0': 0.07140302090715395, 'eta': 0.042070699869931616}"
Pt-ref,333.0,0.29285714285714287,R capa membrana,R = delta / kappa(T),0.026542967213653592,"{'delta': 0.005, 'kappa_ref': 0.1, 'Ea_kappa': 15000, 'T': 333.0, 'T_ref': 298.15, 'kappa(T)': 0.1883738151711999}"
Pt-ref,333.0,0.29285714285714287,R capa electrolito,R = delta / kappa(T),0.01205073589975269,"{'delta': 0.01, 'kappa_ref': 0.5, 'Ea_kappa': 12000, 'T': 333.0, 'T_ref': 298.15, 'kappa(T)': 0.8298248408385768}"
Pt-ref,333.0,0.29285714285714287,Perdida ohmica total,η_ohm = j · R_total,0.01715958448321184,"{'j': 0.29285714285714287, 'R_total': 0.05859370311340628}"
Pt-ref,333.0,0.29285714285714287,j_lim (Arrhenius),j_lim = j_lim_ref * exp(-Ea/R * (1/T - 1/Tref)),6.638598726708614,"{'j_lim_ref': 4.0, 'Ea': 12000.0, 'R': 8.314462618, 'T': 333.0, 'T_ref': 298.15}"
Pt-ref,333.0,0.29285714285714287,η_conc,η = -(RT/(nF))·ln(1 - j/j_lim),0.0006473314596447623,"{'R': 8.314462618, 'T': 333.0, 'n': 2, 'F': 96485.33212, 'j': 0.29285714285714287, 'j_lim': 6.638598726708614, 'prefactor': 0.014347859881699497}"
Pt-ref,333.0,0.29285714285714287,V_cell,V = V_rev + η_act + η_ohm + η_conc,1.319314991811738,"{'V_rev': 1.25943737599895, 'eta_act': 0.042070699869931616, 'eta_ohm': 0.01715958448321184, 'eta_conc': 0.0006473314596447623}"
Pt-ref,333.0,0.3130612244897959,Potencial reversible (aprox. lineal),V_rev = V_ref + (ΔS/(nF))·(T - T_ref),1.25943737599895,"{'V_ref': 1.23, 'ΔS_ref': 163.0, 'n': 2, 'F': 96485.33212, 'T': 333.0, 'T_ref': 298.15, 'slope': 0.0008446879770143449}"
Pt-ref,333.0,0.3130612244897959,j0(T) Pt-ref,j0 = j0_ref * exp(-Ea/R * (1/T - 1/Tref)),0.07140302090715395,"{'j0_ref': 0.02, 'Ea': 30000.0, 'R': 8.314462618, 'T': 333.0, 'T_ref': 298.0}"
Pt-ref,333.0,0.3130612244897959,η_act BV Pt-ref,j = j0[exp(α_a nFη/RT) - exp(-α_c nFη/RT)],0.04380210422125354,"{'alpha_a': 0.5, 'alpha_c': 0.5, 'n': 2, 'F': 96485.33212, 'R': 8.314462618, 'T': 333.0, 'beta_a': 34.84840276686443, 'beta_c': 34.84840276686443, 'j': 0.3130612244897959, 'j0': 0.07140302090715395, 'eta': 0.04380210422125354}"
Pt-ref,333.0,0.3130612244897959,R capa membrana,R = delta / kappa(T),0.026542967213653592,"{'delta': 0.005, 'kappa_ref': 0.1, 'Ea_kappa': 15000, 'T': 333.0, 'T_ref': 298.15, 'kappa(T)': 0.1883738151711999}"
Pt-ref,333.0,0.3130612244897959,R capa electrolito,R = delta / kappa(T),0.01205073589975269,"{'delta': 0.01, 'kappa_ref': 0.5, 'Ea_kappa': 12000, 'T': 333.0, 'T_ref': 298.15, 'kappa(T)': 0.8298248408385768}"
Pt-ref,333.0,0.3130612244897959,Perdida ohmica total,η_ohm = j · R_total,0.018343416444074535,"{'j': 0.3130612244897959, 'R_total': 0.05859370311340628}"
Pt-ref,333.0,0.3130612244897959,j_lim (Arrhenius),j_lim = j_lim_ref * exp(-Ea/R * (1/T - 1/Tref)),6.638598726708614,"{'j_lim_ref': 4.0, 'Ea': 12000.0, 'R': 8.314462618, 'T': 333.0, 'T_ref': 298.15}"
Pt-ref,333.0,0.3130612244897959,η_conc,η = -(RT/(nF))·ln(1 - j/j_lim),0.0006930862056336214,"{'R': 8.314462618, 'T': 333.0, 'n': 2, 'F': 96485.33212, 'j': 0.3130612244897959, 'j_lim': 6.638598726708614, 'prefactor': 0.014347859881699497}"
Pt-ref,333.0,0.3130612244897959,V_cell,V = V_rev + η_act + η_ohm + η_conc,1.3222759828699115,"{'V_rev': 1.25943737599895, 'eta_act': 0.04380210422125354, 'eta_ohm': 0.018343416444074535, 'eta_conc': 0.0006930862056336214}"
Pt-ref,333.0,0.333265306122449,Potencial reversible (aprox. lineal),V_rev = V_ref + (ΔS/(nF))·(T - T_ref),1.25943737599895,"{'V_ref': 1.23, 'ΔS_ref': 163.0, 'n': 2, 'F': 96485.33212, 'T': 333.0, 'T_ref': 298.15, 'slope': 0.0008446879770143449}"
Pt-ref,333.0,0.333265306122449,j0(T) Pt-ref,j0 = j0_ref * exp(-Ea/R * (1/T - 1/Tref)),0.07140302090715395,"{'j0_ref': 0.02, 'Ea': 30000.0, 'R': 8.314462618, 'T': 333.0, 'T_ref': 298.0}"
Pt-ref,333.0,0.333265306122449,η_act BV Pt-ref,j = j0[exp(α_a nFη/RT) - exp(-α_c nFη/RT)],0.04544340992690085,"{'alpha_a': 0.5, 'alpha_c': 0.5, 'n': 2, 'F': 96485.33212, 'R': 8.314462618, 'T': 333.0, 'beta_a': 34.84840276686443, 'beta_c': 34.84840276686443, 'j': 0.333265306122449, 'j0': 0.07140302090715395, 'eta': 0.04544340992690085}"
Pt-ref,333.0,0.333265306122449,R capa membrana,R = delta / kappa(T),0.026542967213653592,"{'delta': 0.005, 'kappa_ref': 0.1, 'Ea_kappa': 15000, 'T': 333.0, 'T_ref': 298.15, 'kappa(T)': 0.1883738151711999}"
Pt-ref,333.0,0.333265306122449,R capa electrolito,R = delta / kappa(T),0.01205073589975269,"{'delta': 0.01, 'kappa_ref': 0.5, 'Ea_kappa': 12000, 'T': 333.0, 'T_ref': 298.15, 'kappa(T)': 0.8298248408385768}"
Pt-ref,333.0,0.333265306122449,Perdida ohmica total,η_ohm = j · R_total,0.019527248404937237,"{'j': 0.333265306122449, 'R_total': 0.05859370311340628}"
Pt-ref,333.0,0.333265306122449,j_lim (Arrhenius),j_lim = j_lim_ref * exp(-Ea/R * (1/T - 1/Tref)),6.638598726708614,"{'j_lim_ref': 4.0, 'Ea': 12000.0, 'R': 8.314462618, 'T': 333.0, 'T_ref': 298.15}"
Pt-ref,333.0,0.333265306122449,η_conc,η = -(RT/(nF))·ln(1 - j/j_lim),0.0007389873285751149,"{'R': 8.314462618, 'T': 333.0, 'n': 2, 'F': 96485.33212, 'j': 0.333265306122449, 'j_lim': 6.638598726708614, 'prefactor': 0.014347859881699497}"
Pt-ref,333.0,0.333265306122449,V_cell,V = V_rev + η_act + η_ohm + η_conc,1.3251470216593628,"{'V_rev': 1.25943737599895, 'eta_act': 0.04544340992690085, 'eta_ohm': 0.019527248404937237, 'eta_conc': 0.0007389873285751149}"
Pt-ref,333.0,0.353469387755102,Potencial reversible (aprox. lineal),V_rev = V_ref + (ΔS/(nF))·(T - T_ref),1.25943737599895,"{'V_ref': 1.23, 'ΔS_ref': 163.0, 'n': 2, 'F': 96485.33212, 'T': 333.0, 'T_ref': 298.15, 'slope': 0.0008446879770143449}"
Pt-ref,333.0,0.353469387755102,j0(T) Pt-ref,j0 = j0_ref * exp(-Ea/R * (1/T - 1/Tref)),0.07140302090715395,"{'j0_ref': 0.02, 'Ea': 30000.0, 'R': 8.314462618, 'T': 333.0, 'T_ref': 298.0}"
Pt-ref,333.0,0.353469387755102,η_act BV Pt-ref,j = j0[exp(α_a nFη/RT) - exp(-α_c nFη/RT)],0.04700273503918643,"{'alpha_a': 0.5, 'alpha_c': 0.5, 'n': 2, 'F': 96485.33212, 'R': 8.314462618, 'T': 333.0, 'beta_a': 34.84840276686443, 'beta_c': 34.84840276686443, 'j': 0.353469387755102, 'j0': 0.07140302090715395, 'eta': 0.04700273503918643}"
Pt-ref,333.0,0.353469387755102,R capa membrana,R = delta / kappa(T),0.026542967213653592,"{'delta': 0.005, 'kappa_ref': 0.1, 'Ea_kappa': 15000, 'T': 333.0, 'T_ref': 298.15, 'kappa(T)': 0.1883738151711999}"
Pt-ref,333.0,0.353469387755102,R capa electrolito,R = delta / kappa(T),0.01205073589975269,"{'delta': 0.01, 'kappa_ref': 0.5, 'Ea_kappa': 12000, 'T': 333.0, 'T_ref': 298.15, 'kappa(T)': 0.8298248408385768}"
Pt-ref,333.0,0.353469387755102,Perdida ohmica total,η_ohm = j · R_total,0.020711080365799932,"{'j': 0.353469387755102, 'R_total': 0.05859370311340628}"
Pt-ref,333.0,0.353469387755102,j_lim (Arrhenius),j_lim = j_lim_ref * exp(-Ea/R * (1/T - 1/Tref)),6.638598726708614,"{'j_lim_ref': 4.0, 'Ea': 12000.0, 'R': 8.314462618, 'T': 333.0, 'T_ref': 298.15}"
Pt-ref,333.0,0.353469387755102,η_conc,η = -(RT/(nF))·ln(1 - j/j_lim),0.0007850357680437597,"{'R': 8.314462618, 'T': 333.0, 'n': 2, 'F': 96485.33212, 'j': 0.353469387755102, 'j_lim': 6.638598726708614, 'prefactor': 0.014347859881699497}"
Pt-ref,333.0,0.353469387755102,V_cell,V = V_rev + η_act + η_ohm + η_conc,1.32793622717198,"{'V_rev': 1.25943737599895, 'eta_act': 0.04700273503918643, 'eta_ohm': 0.020711080365799932, 'eta_conc': 0.0007850357680437597}"
Pt-ref,333.0,0.37367346938775514,Potencial reversible (aprox. lineal),V_rev = V_ref + (ΔS/(nF))·(T - T_ref),1.25943737599895,"{'V_ref': 1.23, 'ΔS_ref': 163.0, 'n': 2, 'F': 96485.33212, 'T': 333.0, 'T_ref': 298.15, 'slope': 0.0008446879770143449}"
Pt-ref,333.0,0.37367346938775514,j0(T) Pt-ref,j0 = j0_ref * exp(-Ea/R * (1/T - 1/Tref)),0.07140302090715395,"{'j0_ref': 0.02, 'Ea': 30000.0, 'R': 8.314462618, 'T': 333.0, 'T_ref': 298.0}"
Pt-ref,333.0,0.37367346938775514,η_act BV Pt-ref,j = j0[exp(α_a nFη/RT) - exp(-α_c nFη/RT)],0.04848726188946948,"{'alpha_a': 0.5, 'alpha_c': 0.5, 'n': 2, 'F': 96485.33212, 'R': 8.314462618, 'T': 333.0, 'beta_a': 34.84840276686443, 'beta_c': 34.84840276686443, 'j': 0.37367346938775514, 'j0': 0.07140302090715395, 'eta': 0.04848726188946948}"
Pt-ref,333.0,0.37367346938775514,R capa membrana,R = delta / kappa(T),0.026542967213653592,"{'delta': 0.005, 'kappa_ref': 0.1, 'Ea_kappa': 15000, 'T': 333.0, 'T_ref': 298.15, 'kappa(T)': 0.1883738151711999}"
Pt-ref,333.0,0.37367346938775514,R capa electrolito,R = delta / kappa(T),0.01205073589975269,"{'delta': 0.01, 'kappa_ref': 0.5, 'Ea_kappa': 12000, 'T': 333.0, 'T_ref': 298.15, 'kappa(T)': 0.8298248408385768}"
Pt-ref,333.0,0.37367346938775514,Perdida ohmica total,η_ohm = j · R_total,0.021894912326662637,"{'j': 0.37367346938775514, 'R_total': 0.05859370311340628}"
Pt-ref,333.0,0.37367346938775514,j_lim (Arrhenius),j_lim = j_lim_ref * exp(-Ea/R * (1/T - 1/Tref)),6.638598726708614,"{'j_lim_ref': 4.0, 'Ea': 12000.0, 'R': 8.314462618, 'T': 333.0, 'T_ref': 298.15}"
Pt-ref,333.0,0.37367346938775514,η_conc,η = -(RT/(nF))·ln(1 - j/j_lim),0.0008312324726897155,"{'R': 8.314462618, 'T': 333.0, 'n': 2, 'F': 96485.33212, 'j': 0.37367346938775514, 'j_lim': 6.638598726708614, 'prefactor': 0.014347859881699497}"
Pt-ref,333.0,0.37367346938775514,V_cell,V = V_rev + η_act + η_ohm + η_conc,1.3306507826877718,"{'V_rev': 1.25943737599895, 'eta_act': 0.04848726188946948, 'eta_ohm': 0.021894912326662637, 'eta_conc': 0.0008312324726897155}"
Pt-ref,333.0,0.39387755102040817,Potencial reversible (aprox. lineal),V_rev = V_ref + (ΔS/(nF))·(T - T_ref),1.25943737599895,"{'V_ref': 1.23, 'ΔS_ref': 163.0, 'n': 2, 'F': 96485.33212, 'T': 333.0, 'T_ref': 298.15, 'slope': 0.0008446879770143449}"
Pt-ref,333.0,0.39387755102040817,j0(T) Pt-ref,j0 = j0_ref * exp(-Ea/R * (1/T - 1/Tref)),0.07140302090715395,"{'j0_ref': 0.02, 'Ea': 30000.0, 'R': 8.314462618, 'T': 333.0, 'T_ref': 298.0}"
Pt-ref,333.0,0.39387755102040817,η_act BV Pt-ref,j = j0[exp(α_a nFη/RT) - exp(-α_c nFη/RT)],0.04990335321227745,"{'alpha_a': 0.5, 'alpha_c': 0.5, 'n': 2, 'F': 96485.33212, 'R': 8.314462618, 'T': 333.0, 'beta_a': 34.84840276686443, 'beta_c': 34.84840276686443, 'j': 0.39387755102040817, 'j0': 0.07140302090715395, 'eta': 0.04990335321227745}"
Pt-ref,333.0,0.39387755102040817,R capa membrana,R = delta / kappa(T),0.026542967213653592,"{'delta': 0.005, 'kappa_ref': 0.1, 'Ea_kappa': 15000, 'T': 333.0, 'T_ref': 298.15, 'kappa(T)': 0.1883738151711999}"
Pt-ref,333.0,0.39387755102040817,R capa electrolito,R = delta / kappa(T),0.01205073589975269,"{'delta': 0.01, 'kappa_ref': 0.5, 'Ea_kappa': 12000, 'T': 333.0, 'T_ref': 298.15, 'kappa(T)': 0.8298248408385768}"
Pt-ref,333.0,0.39387755102040817,Perdida ohmica total,η_ohm = j · R_total,0.02307874428752533,"{'j': 0.39387755102040817, 'R_total': 0.05859370311340628}"
Pt-ref,333.0,0.39387755102040817,j_lim (Arrhenius),j_lim = j_lim_ref * exp(-Ea/R * (1/T - 1/Tref)),6.638598726708614,"{'j_lim_ref': 4.0, 'Ea': 12000.0, 'R': 8.314462618, 'T': 333.0, 'T_ref': 298.15}"
Pt-ref,333.0,0.39387755102040817,η_conc,η = -(RT/(nF))·ln(1 - j/j_lim),0.0008775784003560552,"{'R': 8.314462618, 'T': 333.0, 'n': 2, 'F': 96485.33212, 'j': 0.39387755102040817, 'j_lim': 6.638598726708614, 'prefactor': 0.014347859881699497}"
Pt-ref,333.0,0.39387755102040817,V_cell,V = V_rev + η_act + η_ohm + η_conc,1.3332970518991087,"{'V_rev': 1.25943737599895, 'eta_act': 0.04990335321227745, 'eta_ohm': 0.02307874428752533, 'eta_conc': 0.0008775784003560552}"
Pt-ref,333.0,0.41408163265306125,Potencial reversible (aprox. lineal),V_rev = V_ref + (ΔS/(nF))·(T - T_ref),1.25943737599895,"{'V_ref': 1.23, 'ΔS_ref': 163.0, 'n': 2, 'F': 96485.33212, 'T': 333.0, 'T_ref': 298.15, 'slope': 0.0008446879770143449}"
Pt-ref,333.0,0.41408163265306125,j0(T) Pt-ref,j0 = j0_ref * exp(-Ea/R * (1/T - 1/Tref)),0.07140302090715395,"{'j0_ref': 0.02, 'Ea': 30000.0, 'R': 8.314462618, 'T': 333.0, 'T_ref': 298.0}"
Pt-ref,333.0,0.41408163265306125,η_act BV Pt-ref,j = j0[exp(α_a nFη/RT) - exp(-α_c nFη/RT)],0.05125665656117854,"{'alpha_a': 0.5, 'alpha_c': 0.5, 'n': 2, 'F': 96485.33212, 'R': 8.314462618, 'T': 333.0, 'beta_a': 34.84840276686443, 'beta_c': 34.84840276686443, 'j': 0.41408163265306125, 'j0': 0.07140302090715395, 'eta': 0.05125665656117854}"
Pt-ref,333.0,0.41408163265306125,R capa membrana,R = delta / kappa(T),0.026542967213653592,"{'delta': 0.005, 'kappa_ref': 0.1, 'Ea_kappa': 15000, 'T': 333.0, 'T_ref': 298.15, 'kappa(T)': 0.1883738151711999}"
Pt-ref,333.0,0.41408163265306125,R capa electrolito,R = delta / kappa(T),0.01205073589975269,"{'delta': 0.01, 'kappa_ref': 0.5, 'Ea_kappa': 12000, 'T': 333.0, 'T_ref': 298.15, 'kappa(T)': 0.8298248408385768}"
Pt-ref,333.0,0.41408163265306125,Perdida ohmica total,η_ohm = j · R_total,0.02426257624838803,"{'j': 0.41408163265306125, 'R_total': 0.05859370311340628}"
Pt-ref,333.0,0.41408163265306125,j_lim (Arrhenius),j_lim = j_lim_ref * exp(-Ea/R * (1/T - 1/Tref)),6.638598726708614,"{'j_lim_ref': 4.0, 'Ea': 12000.0, 'R': 8.314462618, 'T': 333.0, 'T_ref': 298.15}"
Pt-ref,333.0,0.41408163265306125,η_conc,η = -(RT/(nF))·ln(1 - j/j_lim),0.0009240745181979186,"{'R': 8.314462618, 'T': 333.0, 'n': 2, 'F': 96485.33212, 'j': 0.41408163265306125, 'j_lim': 6.638598726708614, 'prefactor': 0.014347859881699497}"
Pt-ref,333.0,0.41408163265306125,V_cell,V = V_rev + η_act + η_ohm + η_conc,1.3358806833267145,"{'V_rev': 1.25943737599895, 'eta_act': 0.05125665656117854, 'eta_ohm': 0.02426257624838803, 'eta_conc': 0.0009240745181979186}"
Pt-ref,333.0,0.4342857142857143,Potencial reversible (aprox. lineal),V_rev = V_ref + (ΔS/(nF))·(T - T_ref),1.25943737599895,"{'V_ref': 1.23, 'ΔS_ref': 163.0, 'n': 2, 'F': 96485.33212, 'T': 333.0, 'T_ref': 298.15, 'slope': 0.0008446879770143449}"
Pt-ref,333.0,0.4342857142857143,j0(T) Pt-ref,j0 = j0_ref * exp(-Ea/R * (1/T - 1/Tref)),0.07140302090715395,"{'j0_ref': 0.02, 'Ea': 30000.0, 'R': 8.314462618, 'T': 333.0, 'T_ref': 298.0}"
Pt-ref,333.0,0.4342857142857143,η_act BV Pt-ref,j = j0[exp(α_a nFη/RT) - exp(-α_c nFη/RT)],0.05255219639421508,"{'alpha_a': 0.5, 'alpha_c': 0.5, 'n': 2, 'F': 96485.33212, 'R': 8.314462618, 'T': 333.0, 'beta_a': 34.84840276686443, 'beta_c': 34.84840276686443, 'j': 0.4342857142857143, 'j0': 0.07140302090715395, 'eta': 0.05255219639421508}"
Pt-ref,333.0,0.4342857142857143,R capa membrana,R = delta / kappa(T),0.026542967213653592,"{'delta': 0.005, 'kappa_ref': 0.1, 'Ea_kappa': 15000, 'T': 333.0, 'T_ref': 298.15, 'kappa(T)': 0.1883738151711999}"
Pt-ref,333.0,0.4342857142857143,R capa electrolito,R = delta / kappa(T),0.01205073589975269,"{'delta': 0.01, 'kappa_ref': 0.5, 'Ea_kappa': 12000, 'T': 333.0, 'T_ref': 298.15, 'kappa(T)': 0.8298248408385768}"
Pt-ref,333.0,0.4342857142857143,Perdida ohmica total,η_ohm = j · R_total,0.025446408209250728,"{'j': 0.4342857142857143, 'R_total': 0.05859370311340628}"
Pt-ref,333.0,0.4342857142857143,j_lim (Arrhenius),j_lim = j_lim_ref * exp(-Ea/R * (1/T - 1/Tref)),6.638598726708614,"{'j_lim_ref': 4.0, 'Ea': 12000.0, 'R': 8.314462618, 'T': 333.0, 'T_ref': 298.15}"
Pt-ref,333.0,0.4342857142857143,η_conc,η = -(RT/(nF))·ln(1 - j/j_lim),0.0009707218028036191,"{'R': 8.314462618, 'T': 333.0, 'n': 2, 'F': 96485.33212, 'j': 0.4342857142857143, 'j_lim': 6.638598726708614, 'prefactor': 0.014347859881699497}"
Pt-ref,333.0,0.4342857142857143,V_cell,V = V_rev + η_act + η_ohm + η_conc,1.3384067024052193,"{'V_rev': 1.25943737599895, 'eta_act': 0.05255219639421508, 'eta_ohm': 0.025446408209250728, 'eta_conc': 0.0009707218028036191}"
Pt-ref,333.0,0.45448979591836736,Potencial reversible (aprox. lineal),V_rev = V_ref + (ΔS/(nF))·(T - T_ref),1.25943737599895,"{'V_ref': 1.23, 'ΔS_ref': 163.0, 'n': 2, 'F': 96485.33212, 'T': 333.0, 'T_ref': 298.15, 'slope': 0.0008446879770143449}"
Pt-ref,333.0,0.45448979591836736,j0(T) Pt-ref,j0 = j0_ref * exp(-Ea/R * (1/T - 1/Tref)),0.07140302090715395,"{'j0_ref': 0.02, 'Ea': 30000.0, 'R': 8.314462618, 'T': 333.0, 'T_ref': 298.0}"
Pt-ref,333.0,0.45448979591836736,η_act BV Pt-ref,j = j0[exp(α_a nFη/RT) - exp(-α_c nFη/RT)],0.05379445434512825,"{'alpha_a': 0.5, 'alpha_c': 0.5, 'n': 2, 'F': 96485.33212, 'R': 8.314462618, 'T': 333.0, 'beta_a': 34.84840276686443, 'beta_c': 34.84840276686443, 'j': 0.45448979591836736, 'j0': 0.07140302090715395, 'eta': 0.05379445434512825}"
Pt-ref,333.0,0.45448979591836736,R capa membrana,R = delta / kappa(T),0.026542967213653592,"{'delta': 0.005, 'kappa_ref': 0.1, 'Ea_kappa': 15000, 'T': 333.0, 'T_ref': 298.15, 'kappa(T)': 0.1883738151711999}"
Pt-ref,333.0,0.45448979591836736,R capa electrolito,R = delta / kappa(T),0.01205073589975269,"{'delta': 0.01, 'kappa_ref': 0.5, 'Ea_kappa': 12000, 'T': 333.0, 'T_ref': 298.15, 'kappa(T)': 0.8298248408385768}"
Pt-ref,333.0,0.45448979591836736,Perdida ohmica total,η_ohm = j · R_total,0.026630240170113426,"{'j': 0.45448979591836736, 'R_total': 0.05859370311340628}"
Pt-ref,333.0,0.45448979591836736,j_lim (Arrhenius),j_lim = j_lim_ref * exp(-Ea/R * (1/T - 1/Tref)),6.638598726708614,"{'j_lim_ref': 4.0, 'Ea': 12000.0, 'R': 8.314462618, 'T': 333.0, 'T_ref': 298.15}"
Pt-ref,333.0,0.45448979591836736,η_conc,η = -(RT/(nF))·ln(1 - j/j_lim),0.0010175212403177177,"{'R': 8.314462618, 'T': 333.0, 'n': 2, 'F': 96485.33212, 'j': 0.45448979591836736, 'j_lim': 6.638598726708614, 'prefactor': 0.014347859881699497}"
Pt-ref,333.0,0.45448979591836736,V_cell,V = V_rev + η_act + η_ohm + η_conc,1.3408795917545093,"{'V_rev': 1.25943737599895, 'eta_act': 0.05379445434512825, 'eta_ohm': 0.026630240170113426, 'eta_conc': 0.0010175212403177177}"
Pt-ref,333.0,0.4746938775510204,Potencial reversible (aprox. lineal),V_rev = V_ref + (ΔS/(nF))·(T - T_ref),1.25943737599895,"{'V_ref': 1.23, 'ΔS_ref': 163.0, 'n': 2, 'F': 96485.33212, 'T': 333.0, 'T_ref': 298.15, 'slope': 0.0008446879770143449}"
Pt-ref,333.0,0.4746938775510204,j0(T) Pt-ref,j0 = j0_ref * exp(-Ea/R * (1/T - 1/Tref)),0.07140302090715395,"{'j0_ref': 0.02, 'Ea': 30000.0, 'R': 8.314462618, 'T': 333.0, 'T_ref': 298.0}"
Pt-ref,333.0,0.4746938775510204,η_act BV Pt-ref,j = j0[exp(α_a nFη/RT) - exp(-α_c nFη/RT)],0.05498743871788654,"{'alpha_a': 0.5, 'alpha_c': 0.5, 'n': 2, 'F': 96485.33212, 'R': 8.314462618, 'T': 333.0, 'beta_a': 34.84840276686443, 'beta_c': 34.84840276686443, 'j': 0.4746938775510204, 'j0': 0.07140302090715395, 'eta': 0.05498743871788654}"
Pt-ref,333.0,0.4746938775510204,R capa membrana,R = delta / kappa(T),0.026542967213653592,"{'delta': 0.005, 'kappa_ref': 0.1, 'Ea_kappa': 15000, 'T': 333.0, 'T_ref': 298.15, 'kappa(T)': 0.1883738151711999}"
Pt-ref,333.0,0.4746938775510204,R capa electrolito,R = delta / kappa(T),0.01205073589975269,"{'delta': 0.01, 'kappa_ref': 0.5, 'Ea_kappa': 12000, 'T': 333.0, 'T_ref': 298.15, 'kappa(T)': 0.8298248408385768}"
Pt-ref,333.0,0.4746938775510204,Perdida ohmica total,η_ohm = j · R_total,0.027814072130976124,"{'j': 0.4746938775510204, 'R_total': 0.05859370311340628}"
Pt-ref,333.0,0.4746938775510204,j_lim (Arrhenius),j_lim = j_lim_ref * exp(-Ea/R * (1/T - 1/Tref)),6.638598726708614,"{'j_lim_ref': 4.0, 'Ea': 12000.0, 'R': 8.314462618, 'T': 333.0, 'T_ref': 298.15}"
Pt-ref,333.0,0.4746938775510204,η_conc,η = -(RT/(nF))·ln(1 - j/j_lim),0.0010644738265661185,"{'R': 8.314462618, 'T': 333.0, 'n': 2, 'F': 96485.33212, 'j': 0.4746938775510204, 'j_lim': 6.638598726708614, 'prefactor': 0.014347859881699497}"
Pt-ref,333.0,0.4746938775510204,V_cell,V = V_rev + η_act + η_ohm + η_conc,1.3433033606743787,"{'V_rev': 1.25943737599895, 'eta_act': 0.05498743871788654, 'eta_ohm': 0.027814072130976124, 'eta_conc': 0.0010644738265661185}"
Pt-ref,333.0,0.49489795918367346,Potencial reversible (aprox. lineal),V_rev = V_ref + (ΔS/(nF))·(T - T_ref),1.25943737599895,"{'V_ref': 1.23, 'ΔS_ref': 163.0, 'n': 2, 'F': 96485.33212, 'T': 333.0, 'T_ref': 298.15, 'slope': 0.0008446879770143449}"
Pt-ref,333.0,0.49489795918367346,j0(T) Pt-ref,j0 = j0_ref * exp(-Ea/R * (1/T - 1/Tref)),0.07140302090715395,"{'j0_ref': 0.02, 'Ea': 30000.0, 'R': 8.314462618, 'T': 333.0, 'T_ref': 298.0}"
Pt-ref,333.0,0.49489795918367346,η_act BV Pt-ref,j = j0[exp(α_a nFη/RT) - exp(-α_c nFη/RT)],0.0561347444252028,"{'alpha_a': 0.5, 'alpha_c': 0.5, 'n': 2, 'F': 96485.33212, 'R': 8.314462618, 'T': 333.0, 'beta_a': 34.84840276686443, 'beta_c': 34.84840276686443, 'j': 0.49489795918367346, 'j0': 0.07140302090715395, 'eta': 0.0561347444252028}"
Pt-ref,333.0,0.49489795918367346,R capa membrana,R = delta / kappa(T),0.026542967213653592,"{'delta': 0.005, 'kappa_ref': 0.1, 'Ea_kappa': 15000, 'T': 333.0, 'T_ref': 298.15, 'kappa(T)': 0.1883738151711999}"
Pt-ref,333.0,0.49489795918367346,R capa electrolito,R = delta / kappa(T),0.01205073589975269,"{'delta': 0.01, 'kappa_ref': 0.5, 'Ea_kappa': 12000, 'T': 333.0, 'T_ref': 298.15, 'kappa(T)': 0.8298248408385768}"
Pt-ref,333.0,0.49489795918367346,Perdida ohmica total,η_ohm = j · R_total,0.028997904091838823,"{'j': 0.49489795918367346, 'R_total': 0.05859370311340628}"
Pt-ref,333.0,0.49489795918367346,j_lim (Arrhenius),j_lim = j_lim_ref * exp(-Ea/R * (1/T - 1/Tref)),6.638598726708614,"{'j_lim_ref': 4.0, 'Ea': 12000.0, 'R': 8.314462618, 'T': 333.0, 'T_ref': 298.15}"
Pt-ref,333.0,0.49489795918367346,η_conc,η = -(RT/(nF))·ln(1 - j/j_lim),0.001111580567183201,"{'R': 8.314462618, 'T': 333.0, 'n': 2, 'F': 96485.33212, 'j': 0.49489795918367346, 'j_lim': 6.638598726708614, 'prefactor': 0.014347859881699497}"
Pt-ref,333.0,0.49489795918367346,V_cell,V = V_rev + η_act + η_ohm + η_conc,1.3456816050831748,"{'V_rev': 1.25943737599895, 'eta_act': 0.0561347444252028, 'eta_ohm': 0.028997904091838823, 'eta_conc': 0.001111580567183201}"
Pt-ref,333.0,0.5151020408163265,Potencial reversible (aprox. lineal),V_rev = V_ref + (ΔS/(nF))·(T - T_ref),1.25943737599895,"{'V_ref': 1.23, 'ΔS_ref': 163.0, 'n': 2, 'F': 96485.33212, 'T': 333.0, 'T_ref': 298.15, 'slope': 0.0008446879770143449}"
Pt-ref,333.0,0.5151020408163265,j0(T) Pt-ref,j0 = j0_ref * exp(-Ea/R * (1/T - 1/Tref)),0.07140302090715395,"{'j0_ref': 0.02, 'Ea': 30000.0, 'R': 8.314462618, 'T': 333.0, 'T_ref': 298.0}"
Pt-ref,333.0,0.5151020408163265,η_act BV Pt-ref,j = j0[exp(α_a nFη/RT) - exp(-α_c nFη/RT)],0.05723960459709393,"{'alpha_a': 0.5, 'alpha_c': 0.5, 'n': 2, 'F': 96485.33212, 'R': 8.314462618, 'T': 333.0, 'beta_a': 34.84840276686443, 'beta_c': 34.84840276686443, 'j': 0.5151020408163265, 'j0': 0.07140302090715395, 'eta': 0.05723960459709393}"
Pt-ref,333.0,0.5151020408163265,R capa membrana,R = delta / kappa(T),0.026542967213653592,"{'delta': 0.005, 'kappa_ref': 0.1, 'Ea_kappa': 15000, 'T': 333.0, 'T_ref': 298.15, 'kappa(T)': 0.1883738151711999}"
Pt-ref,333.0,0.5151020408163265,R capa electrolito,R = delta / kappa(T),0.01205073589975269,"{'delta': 0.01, 'kappa_ref': 0.5, 'Ea_kappa': 12000, 'T': 333.0, 'T_ref': 298.15, 'kappa(T)': 0.8298248408385768}"
Pt-ref,333.0,0.5151020408163265,Perdida ohmica total,η_ohm = j · R_total,0.030181736052701517,"{'j': 0.5151020408163265, 'R_total': 0.05859370311340628}"
Pt-ref,333.0,0.5151020408163265,j_lim (Arrhenius),j_lim = j_lim_ref * exp(-Ea/R * (1/T - 1/Tref)),6.638598726708614,"{'j_lim_ref': 4.0, 'Ea': 12000.0, 'R': 8.314462618, 'T': 333.0, 'T_ref': 298.15}"
Pt-ref,333.0,0.5151020408163265,η_conc,η = -(RT/(nF))·ln(1 - j/j_lim),0.0011588424777410654,"{'R': 8.314462618, 'T': 333.0, 'n': 2, 'F': 96485.33212, 'j': 0.5151020408163265, 'j_lim': 6.638598726708614, 'prefactor': 0.014347859881699497}"
Pt-ref,333.0,0.5151020408163265,V_cell,V = V_rev + η_act + η_ohm + η_conc,1.3480175591264865,"{'V_rev': 1.25943737599895, 'eta_act': 0.05723960459709393, 'eta_ohm': 0.030181736052701517, 'eta_conc': 0.0011588424777410654}"
Pt-ref,333.0,0.5353061224489796,Potencial reversible (aprox. lineal),V_rev = V_ref + (ΔS/(nF))·(T - T_ref),1.25943737599895,"{'V_ref': 1.23, 'ΔS_ref': 163.0, 'n': 2, 'F': 96485.33212, 'T': 333.0, 'T_ref': 298.15, 'slope': 0.0008446879770143449}"
Pt-ref,333.0,0.5353061224489796,j0(T) Pt-ref,j0 = j0_ref * exp(-Ea/R * (1/T - 1/Tref)),0.07140302090715395,"{'j0_ref': 0.02, 'Ea': 30000.0, 'R': 8.314462618, 'T': 333.0, 'T_ref': 298.0}"
Pt-ref,333.0,0.5353061224489796,η_act BV Pt-ref,j = j0[exp(α_a nFη/RT) - exp(-α_c nFη/RT)],0.058304935003875014,"{'alpha_a': 0.5, 'alpha_c': 0.5, 'n': 2, 'F': 96485.33212, 'R': 8.314462618, 'T': 333.0, 'beta_a': 34.84840276686443, 'beta_c': 34.84840276686443, 'j': 0.5353061224489796, 'j0': 0.07140302090715395, 'eta': 0.058304935003875014}"
Pt-ref,333.0,0.5353061224489796,R capa membrana,R = delta / kappa(T),0.026542967213653592,"{'delta': 0.005, 'kappa_ref': 0.1, 'Ea_kappa': 15000, 'T': 333.0, 'T_ref': 298.15, 'kappa(T)': 0.1883738151711999}"
Pt-ref,333.0,0.5353061224489796,R capa electrolito,R = delta / kappa(T),0.01205073589975269,"{'delta': 0.01, 'kappa_ref': 0.5, 'Ea_kappa': 12000, 'T': 333.0, 'T_ref': 298.15, 'kappa(T)': 0.8298248408385768}"
Pt-ref,333.0,0.5353061224489796,Perdida ohmica total,η_ohm = j · R_total,0.031365568013564216,"{'j': 0.5353061224489796, 'R_total': 0.05859370311340628}"
Pt-ref,333.0,0.5353061224489796,j_lim (Arrhenius),j_lim = j_lim_ref * exp(-Ea/R * (1/T - 1/Tref)),6.638598726708614,"{'j_lim_ref': 4.0, 'Ea': 12000.0, 'R': 8.314462618, 'T': 333.0, 'T_ref': 298.15}"
Pt-ref,333.0,0.5353061224489796,η_conc,η = -(RT/(nF))·ln(1 - j/j_lim),0.0012062605838809013,"{'R': 8.314462618, 'T': 333.0, 'n': 2, 'F': 96485.33212, 'j': 0.5353061224489796, 'j_lim': 6.638598726708614, 'prefactor': 0.014347859881699497}"
Pt-ref,333.0,0.5353061224489796,V_cell,V = V_rev + η_act + η_ohm + η_conc,1.35031413960027,"{'V_rev': 1.25943737599895, 'eta_act': 0.058304935003875014, 'eta_ohm': 0.031365568013564216, 'eta_conc': 0.0012062605838809013}"
Pt-ref,333.0,0.5555102040816327,Potencial reversible (aprox. lineal),V_rev = V_ref + (ΔS/(nF))·(T - T_ref),1.25943737599895,"{'V_ref': 1.23, 'ΔS_ref': 163.0, 'n': 2, 'F': 96485.33212, 'T': 333.0, 'T_ref': 298.15, 'slope': 0.0008446879770143449}"
Pt-ref,333.0,0.5555102040816327,j0(T) Pt-ref,j0 = j0_ref * exp(-Ea/R * (1/T - 1/Tref)),0.07140302090715395,"{'j0_ref': 0.02, 'Ea': 30000.0, 'R': 8.314462618, 'T': 333.0, 'T_ref': 298.0}"
Pt-ref,333.0,0.5555102040816327,η_act BV Pt-ref,j = j0[exp(α_a nFη/RT) - exp(-α_c nFη/RT)],0.059333372319674504,"{'alpha_a': 0.5, 'alpha_c': 0.5, 'n': 2, 'F': 96485.33212, 'R': 8.314462618, 'T': 333.0, 'beta_a': 34.84840276686443, 'beta_c': 34.84840276686443, 'j': 0.5555102040816327, 'j0': 0.07140302090715395, 'eta': 0.059333372319674504}"
Pt-ref,333.0,0.5555102040816327,R capa membrana,R = delta / kappa(T),0.026542967213653592,"{'delta': 0.005, 'kappa_ref': 0.1, 'Ea_kappa': 15000, 'T': 333.0, 'T_ref': 298.15, 'kappa(T)': 0.1883738151711999}"
Pt-ref,333.0,0.5555102040816327,R capa electrolito,R = delta / kappa(T),0.01205073589975269,"{'delta': 0.01, 'kappa_ref': 0.5, 'Ea_kappa': 12000, 'T': 333.0, 'T_ref': 298.15, 'kappa(T)': 0.8298248408385768}"
Pt-ref,333.0,0.5555102040816327,Perdida ohmica total,η_ohm = j · R_total,0.03254939997442692,"{'j': 0.5555102040816327, 'R_total': 0.05859370311340628}"
Pt-ref,333.0,0.5555102040816327,j_lim (Arrhenius),j_lim = j_lim_ref * exp(-Ea/R * (1/T - 1/Tref)),6.638598726708614,"{'j_lim_ref': 4.0, 'Ea': 12000.0, 'R': 8.314462618, 'T': 333.0, 'T_ref': 298.15}"
Pt-ref,333.0,0.5555102040816327,η_conc,η = -(RT/(nF))·ln(1 - j/j_lim),0.0012538359214465447,"{'R': 8.314462618, 'T': 333.0, 'n': 2, 'F': 96485.33212, 'j': 0.5555102040816327, 'j_lim': 6.638598726708614, 'prefactor': 0.014347859881699497}"
Pt-ref,333.0,0.5555102040816327,V_cell,V = V_rev + η_act + η_ohm + η_conc,1.3525739842144977,"{'V_rev': 1.25943737599895, 'eta_act': 0.059333372319674504, 'eta_ohm': 0.03254939997442692, 'eta_conc': 0.0012538359214465447}"
Pt-ref,333.0,0.5757142857142857,Potencial reversible (aprox. lineal),V_rev = V_ref + (ΔS/(nF))·(T - T_ref),1.25943737599895,"{'V_ref': 1.23, 'ΔS_ref': 163.0, 'n': 2, 'F': 96485.33212, 'T': 333.0, 'T_ref': 298.15, 'slope': 0.0008446879770143449}"
Pt-ref,333.0,0.5757142857142857,j0(T) Pt-ref,j0 = j0_ref * exp(-Ea/R * (1/T - 1/Tref)),0.07140302090715395,"{'j0_ref': 0.02, 'Ea': 30000.0, 'R': 8.314462618, 'T': 333.0, 'T_ref': 298.0}"
Pt-ref,333.0,0.5757142857142857,η_act BV Pt-ref,j = j0[exp(α_a nFη/RT) - exp(-α_c nFη/RT)],0.06032730712474881,"{'alpha_a': 0.5, 'alpha_c': 0.5, 'n': 2, 'F': 96485.33212, 'R': 8.314462618, 'T': 333.0, 'beta_a': 34.84840276686443, 'beta_c': 34.84840276686443, 'j': 0.5757142857142857, 'j0': 0.07140302090715395, 'eta': 0.06032730712474881}"
Pt-ref,333.0,0.5757142857142857,R capa membrana,R = delta / kappa(T),0.026542967213653592,"{'delta': 0.005, 'kappa_ref': 0.1, 'Ea_kappa': 15000, 'T': 333.0, 'T_ref': 298.15, 'kappa(T)': 0.1883738151711999}"
Pt-ref,333.0,0.5757142857142857,R capa electrolito,R = delta / kappa(T),0.01205073589975269,"{'delta': 0.01, 'kappa_ref': 0.5, 'Ea_kappa': 12000, 'T': 333.0, 'T_ref': 298.15, 'kappa(T)': 0.8298248408385768}"
Pt-ref,333.0,0.5757142857142857,Perdida ohmica total,η_ohm = j · R_total,0.03373323193528962,"{'j': 0.5757142857142857, 'R_total': 0.05859370311340628}"
Pt-ref,333.0,0.5757142857142857,j_lim (Arrhenius),j_lim = j_lim_ref * exp(-Ea/R * (1/T - 1/Tref)),6.638598726708614,"{'j_lim_ref': 4.0, 'Ea': 12000.0, 'R': 8.314462618, 'T': 333.0, 'T_ref': 298.15}"
Pt-ref,333.0,0.5757142857142857,η_conc,η = -(RT/(nF))·ln(1 - j/j_lim),0.001301569536620242,"{'R': 8.314462618, 'T': 333.0, 'n': 2, 'F': 96485.33212, 'j': 0.5757142857142857, 'j_lim': 6.638598726708614, 'prefactor': 0.014347859881699497}"
Pt-ref,333.0,0.5757142857142857,V_cell,V = V_rev + η_act + η_ohm + η_conc,1.3547994845956086,"{'V_rev': 1.25943737599895, 'eta_act': 0.06032730712474881, 'eta_ohm': 0.03373323193528962, 'eta_conc': 0.001301569536620242}"
Pt-ref,333.0,0.5959183673469388,Potencial reversible (aprox. lineal),V_rev = V_ref + (ΔS/(nF))·(T - T_ref),1.25943737599895,"{'V_ref': 1.23, 'ΔS_ref': 163.0, 'n': 2, 'F': 96485.33212, 'T': 333.0, 'T_ref': 298.15, 'slope': 0.0008446879770143449}"
Pt-ref,333.0,0.5959183673469388,j0(T) Pt-ref,j0 = j0_ref * exp(-Ea/R * (1/T - 1/Tref)),0.07140302090715395,"{'j0_ref': 0.02, 'Ea': 30000.0, 'R': 8.314462618, 'T': 333.0, 'T_ref': 298.0}"
Pt-ref,333.0,0.5959183673469388,η_act BV Pt-ref,j = j0[exp(α_a nFη/RT) - exp(-α_c nFη/RT)],0.061288912421443104,"{'alpha_a': 0.5, 'alpha_c': 0.5, 'n': 2, 'F': 96485.33212, 'R': 8.314462618, 'T': 333.0, 'beta_a': 34.84840276686443, 'beta_c': 34.84840276686443, 'j': 0.5959183673469388, 'j0': 0.07140302090715395, 'eta': 0.061288912421443104}"
Pt-ref,333.0,0.5959183673469388,R capa membrana,R = delta / kappa(T),0.026542967213653592,"{'delta': 0.005, 'kappa_ref': 0.1, 'Ea_kappa': 15000, 'T': 333.0, 'T_ref': 298.15, 'kappa(T)': 0.1883738151711999}"
Pt-ref,333.0,0.5959183673469388,R capa electrolito,R = delta / kappa(T),0.01205073589975269,"{'delta': 0.01, 'kappa_ref': 0.5, 'Ea_kappa': 12000, 'T': 333.0, 'T_ref': 298.15, 'kappa(T)': 0.8298248408385768}"
Pt-ref,333.0,0.5959183673469388,Perdida ohmica total,η_ohm = j · R_total,0.03491706389615232,"{'j': 0.5959183673469388, 'R_total': 0.05859370311340628}"
Pt-ref,333.0,0.5959183673469388,j_lim (Arrhenius),j_lim = j_lim_ref * exp(-Ea/R * (1/T - 1/Tref)),6.638598726708614,"{'j_lim_ref': 4.0, 'Ea': 12000.0, 'R': 8.314462618, 'T': 333.0, 'T_ref': 298.15}"
Pt-ref,333.0,0.5959183673469388,η_conc,η = -(RT/(nF))·ln(1 - j/j_lim),0.001349462486060693,"{'R': 8.314462618, 'T': 333.0, 'n': 2, 'F': 96485.33212, 'j': 0.5959183673469388, 'j_lim': 6.638598726708614, 'prefactor': 0.014347859881699497}"
Pt-ref,333.0,0.5959183673469388,V_cell,V = V_rev + η_act + η_ohm + η_conc,1.3569928148026058,"{'V_rev': 1.25943737599895, 'eta_act': 0.061288912421443104, 'eta_ohm': 0.03491706389615232, 'eta_conc': 0.001349462486060693}"
Pt-ref,333.0,0.6161224489795918,Potencial reversible (aprox. lineal),V_rev = V_ref + (ΔS/(nF))·(T - T_ref),1.25943737599895,"{'V_ref': 1.23, 'ΔS_ref': 163.0, 'n': 2, 'F': 96485.33212, 'T': 333.0, 'T_ref': 298.15, 'slope': 0.0008446879770143449}"
Pt-ref,333.0,0.6161224489795918,j0(T) Pt-ref,j0 = j0_ref * exp(-Ea/R * (1/T - 1/Tref)),0.07140302090715395,"{'j0_ref': 0.02, 'Ea': 30000.0, 'R': 8.314462618, 'T': 333.0, 'T_ref': 298.0}"
Pt-ref,333.0,0.6161224489795918,η_act BV Pt-ref,j = j0[exp(α_a nFη/RT) - exp(-α_c nFη/RT)],0.06222016832603566,"{'alpha_a': 0.5, 'alpha_c': 0.5, 'n': 2, 'F': 96485.33212, 'R': 8.314462618, 'T': 333.0, 'beta_a': 34.84840276686443, 'beta_c': 34.84840276686443, 'j': 0.6161224489795918, 'j0': 0.07140302090715395, 'eta': 0.06222016832603566}"
Pt-ref,333.0,0.6161224489795918,R capa membrana,R = delta / kappa(T),0.026542967213653592,"{'delta': 0.005, 'kappa_ref': 0.1, 'Ea_kappa': 15000, 'T': 333.0, 'T_ref': 298.15, 'kappa(T)': 0.1883738151711999}"
Pt-ref,333.0,0.6161224489795918,R capa electrolito,R = delta / kappa(T),0.01205073589975269,"{'delta': 0.01, 'kappa_ref': 0.5, 'Ea_kappa': 12000, 'T': 333.0, 'T_ref': 298.15, 'kappa(T)': 0.8298248408385768}"
Pt-ref,333.0,0.6161224489795918,Perdida ohmica total,η_ohm = j · R_total,0.03610089585701501,"{'j': 0.6161224489795918, 'R_total': 0.05859370311340628}"
Pt-ref,333.0,0.6161224489795918,j_lim (Arrhenius),j_lim = j_lim_ref * exp(-Ea/R * (1/T - 1/Tref)),6.638598726708614,"{'j_lim_ref': 4.0, 'Ea': 12000.0, 'R': 8.314462618, 'T': 333.0, 'T_ref': 298.15}"
Pt-ref,333.0,0.6161224489795918,η_conc,η = -(RT/(nF))·ln(1 - j/j_lim),0.0013975158370433994,"{'R': 8.314462618, 'T': 333.0, 'n': 2, 'F': 96485.33212, 'j': 0.6161224489795918, 'j_lim': 6.638598726708614, 'prefactor': 0.014347859881699497}"
Pt-ref,333.0,0.6161224489795918,V_cell,V = V_rev + η_act + η_ohm + η_conc,1.359155956019044,"{'V_rev': 1.25943737599895, 'eta_act': 0.06222016832603566, 'eta_ohm': 0.03610089585701501, 'eta_conc': 0.0013975158370433994}"
Pt-ref,333.0,0.636326530612245,Potencial reversible (aprox. lineal),V_rev = V_ref + (ΔS/(nF))·(T - T_ref),1.25943737599895,"{'V_ref': 1.23, 'ΔS_ref': 163.0, 'n': 2, 'F': 96485.33212, 'T': 333.0, 'T_ref': 298.15, 'slope': 0.0008446879770143449}"
Pt-ref,333.0,0.636326530612245,j0(T) Pt-ref,j0 = j0_ref * exp(-Ea/R * (1/T - 1/Tref)),0.07140302090715395,"{'j0_ref': 0.02, 'Ea': 30000.0, 'R': 8.314462618, 'T': 333.0, 'T_ref': 298.0}"
Pt-ref,333.0,0.636326530612245,η_act BV Pt-ref,j = j0[exp(α_a nFη/RT) - exp(-α_c nFη/RT)],0.06312288349927143,"{'alpha_a': 0.5, 'alpha_c': 0.5, 'n': 2, 'F': 96485.33212, 'R': 8.314462618, 'T': 333.0, 'beta_a': 34.84840276686443, 'beta_c': 34.84840276686443, 'j': 0.636326530612245, 'j0': 0.07140302090715395, 'eta': 0.06312288349927143}"
Pt-ref,333.0,0.636326530612245,R capa membrana,R = delta / kappa(T),0.026542967213653592,"{'delta': 0.005, 'kappa_ref': 0.1, 'Ea_kappa': 15000, 'T': 333.0, 'T_ref': 298.15, 'kappa(T)': 0.1883738151711999}"
Pt-ref,333.0,0.636326530612245,R capa electrolito,R = delta / kappa(T),0.01205073589975269,"{'delta': 0.01, 'kappa_ref': 0.5, 'Ea_kappa': 12000, 'T': 333.0, 'T_ref': 298.15, 'kappa(T)': 0.8298248408385768}"
Pt-ref,333.0,0.636326530612245,Perdida ohmica total,η_ohm = j · R_total,0.037284727817877714,"{'j': 0.636326530612245, 'R_total': 0.05859370311340628}"
Pt-ref,333.0,0.636326530612245,j_lim (Arrhenius),j_lim = j_lim_ref * exp(-Ea/R * (1/T - 1/Tref)),6.638598726708614,"{'j_lim_ref': 4.0, 'Ea': 12000.0, 'R': 8.314462618, 'T': 333.0, 'T_ref': 298.15}"
Pt-ref,333.0,0.636326530612245,η_conc,η = -(RT/(nF))·ln(1 - j/j_lim),0.0014457306676033783,"{'R': 8.314462618, 'T': 333.0, 'n': 2, 'F': 96485.33212, 'j': 0.636326530612245, 'j_lim': 6.638598726708614, 'prefactor': 0.014347859881699497}"
Pt-ref,333.0,0.636326530612245,V_cell,V = V_rev + η_act + η_ohm + η_conc,1.3612907179837024,"{'V_rev': 1.25943737599895, 'eta_act': 0.06312288349927143, 'eta_ohm': 0.037284727817877714, 'eta_conc': 0.0014457306676033783}"
Pt-ref,333.0,0.656530612244898,Potencial reversible (aprox. lineal),V_rev = V_ref + (ΔS/(nF))·(T - T_ref),1.25943737599895,"{'V_ref': 1.23, 'ΔS_ref': 163.0, 'n': 2, 'F': 96485.33212, 'T': 333.0, 'T_ref': 298.15, 'slope': 0.0008446879770143449}"
Pt-ref,333.0,0.656530612244898,j0(T) Pt-ref,j0 = j0_ref * exp(-Ea/R * (1/T - 1/Tref)),0.07140302090715395,"{'j0_ref': 0.02, 'Ea': 30000.0, 'R': 8.314462618, 'T': 333.0, 'T_ref': 298.0}"
Pt-ref,333.0,0.656530612244898,η_act BV Pt-ref,j = j0[exp(α_a nFη/RT) - exp(-α_c nFη/RT)],0.0639987137923396,"{'alpha_a': 0.5, 'alpha_c': 0.5, 'n': 2, 'F': 96485.33212, 'R': 8.314462618, 'T': 333.0, 'beta_a': 34.84840276686443, 'beta_c': 34.84840276686443, 'j': 0.656530612244898, 'j0': 0.07140302090715395, 'eta': 0.0639987137923396}"
Pt-ref,333.0,0.656530612244898,R capa membrana,R = delta / kappa(T),0.026542967213653592,"{'delta': 0.005, 'kappa_ref': 0.1, 'Ea_kappa': 15000, 'T': 333.0, 'T_ref': 298.15, 'kappa(T)': 0.1883738151711999}"
Pt-ref,333.0,0.656530612244898,R capa electrolito,R = delta / kappa(T),0.01205073589975269,"{'delta': 0.01, 'kappa_ref': 0.5, 'Ea_kappa': 12000, 'T': 333.0, 'T_ref': 298.15, 'kappa(T)': 0.8298248408385768}"
Pt-ref,333.0,0.656530612244898,Perdida ohmica total,η_ohm = j · R_total,0.03846855977874041,"{'j': 0.656530612244898, 'R_total': 0.05859370311340628}"
Pt-ref,333.0,0.656530612244898,j_lim (Arrhenius),j_lim = j_lim_ref * exp(-Ea/R * (1/T - 1/Tref)),6.638598726708614,"{'j_lim_ref': 4.0, 'Ea': 12000.0, 'R': 8.314462618, 'T': 333.0, 'T_ref': 298.15}"
Pt-ref,333.0,0.656530612244898,η_conc,η = -(RT/(nF))·ln(1 - j/j_lim),0.0014941080666802668,"{'R': 8.314462618, 'T': 333.0, 'n': 2, 'F': 96485.33212, 'j': 0.656530612244898, 'j_lim': 6.638598726708614, 'prefactor': 0.014347859881699497}"
Pt-ref,333.0,0.656530612244898,V_cell,V = V_rev + η_act + η_ohm + η_conc,1.3633987576367104,"{'V_rev': 1.25943737599895, 'eta_act': 0.0639987137923396, 'eta_ohm': 0.03846855977874041, 'eta_conc': 0.0014941080666802668}"
Pt-ref,333.0,0.676734693877551,Potencial reversible (aprox. lineal),V_rev = V_ref + (ΔS/(nF))·(T - T_ref),1.25943737599895,"{'V_ref': 1.23, 'ΔS_ref': 163.0, 'n': 2, 'F': 96485.33212, 'T': 333.0, 'T_ref': 298.15, 'slope': 0.0008446879770143449}"
Pt-ref,333.0,0.676734693877551,j0(T) Pt-ref,j0 = j0_ref * exp(-Ea/R * (1/T - 1/Tref)),0.07140302090715395,"{'j0_ref': 0.02, 'Ea': 30000.0, 'R': 8.314462618, 'T': 333.0, 'T_ref': 298.0}"
Pt-ref,333.0,0.676734693877551,η_act BV Pt-ref,j = j0[exp(α_a nFη/RT) - exp(-α_c nFη/RT)],0.06484917851151759,"{'alpha_a': 0.5, 'alpha_c': 0.5, 'n': 2, 'F': 96485.33212, 'R': 8.314462618, 'T': 333.0, 'beta_a': 34.84840276686443, 'beta_c': 34.84840276686443, 'j': 0.676734693877551, 'j0': 0.07140302090715395, 'eta': 0.06484917851151759}"
Pt-ref,333.0,0.676734693877551,R capa membrana,R = delta / kappa(T),0.026542967213653592,"{'delta': 0.005, 'kappa_ref': 0.1, 'Ea_kappa': 15000, 'T': 333.0, 'T_ref': 298.15, 'kappa(T)': 0.1883738151711999}"
Pt-ref,333.0,0.676734693877551,R capa electrolito,R = delta / kappa(T),0.01205073589975269,"{'delta': 0.01, 'kappa_ref': 0.5, 'Ea_kappa': 12000, 'T': 333.0, 'T_ref': 298.15, 'kappa(T)': 0.8298248408385768}"
Pt-ref,333.0,0.676734693877551,Perdida ohmica total,η_ohm = j · R_total,0.03965239173960311,"{'j': 0.676734693877551, 'R_total': 0.05859370311340628}"
Pt-ref,333.0,0.676734693877551,j_lim (Arrhenius),j_lim = j_lim_ref * exp(-Ea/R * (1/T - 1/Tref)),6.638598726708614,"{'j_lim_ref': 4.0, 'Ea': 12000.0, 'R': 8.314462618, 'T': 333.0, 'T_ref': 298.15}"
Pt-ref,333.0,0.676734693877551,η_conc,η = -(RT/(nF))·ln(1 - j/j_lim),0.0015426491342658984,"{'R': 8.314462618, 'T': 333.0, 'n': 2, 'F': 96485.33212, 'j': 0.676734693877551, 'j_lim': 6.638598726708614, 'prefactor': 0.014347859881699497}"
Pt-ref,333.0,0.676734693877551,V_cell,V = V_rev + η_act + η_ohm + η_conc,1.3654815953843362,"{'V_rev': 1.25943737599895, 'eta_act': 0.06484917851151759, 'eta_ohm': 0.03965239173960311, 'eta_conc': 0.0015426491342658984}"
Pt-ref,333.0,0.696938775510204,Potencial reversible (aprox. lineal),V_rev = V_ref + (ΔS/(nF))·(T - T_ref),1.25943737599895,"{'V_ref': 1.23, 'ΔS_ref': 163.0, 'n': 2, 'F': 96485.33212, 'T': 333.0, 'T_ref': 298.15, 'slope': 0.0008446879770143449}"
Pt-ref,333.0,0.696938775510204,j0(T) Pt-ref,j0 = j0_ref * exp(-Ea/R * (1/T - 1/Tref)),0.07140302090715395,"{'j0_ref': 0.02, 'Ea': 30000.0, 'R': 8.314462618, 'T': 333.0, 'T_ref': 298.0}"
Pt-ref,333.0,0.696938775510204,η_act BV Pt-ref,j = j0[exp(α_a nFη/RT) - exp(-α_c nFη/RT)],0.0656756746423722,"{'alpha_a': 0.5, 'alpha_c': 0.5, 'n': 2, 'F': 96485.33212, 'R': 8.314462618, 'T': 333.0, 'beta_a': 34.84840276686443, 'beta_c': 34.84840276686443, 'j': 0.696938775510204, 'j0': 0.07140302090715395, 'eta': 0.0656756746423722}"
Pt-ref,333.0,0.696938775510204,R capa membrana,R = delta / kappa(T),0.026542967213653592,"{'delta': 0.005, 'kappa_ref': 0.1, 'Ea_kappa': 15000, 'T': 333.0, 'T_ref': 298.15, 'kappa(T)': 0.1883738151711999}"
Pt-ref,333.0,0.696938775510204,R capa electrolito,R = delta / kappa(T),0.01205073589975269,"{'delta': 0.01, 'kappa_ref': 0.5, 'Ea_kappa': 12000, 'T': 333.0, 'T_ref': 298.15, 'kappa(T)': 0.8298248408385768}"
Pt-ref,333.0,0.696938775510204,Perdida ohmica total,η_ohm = j · R_total,0.0408362237004658,"{'j': 0.696938775510204, 'R_total': 0.05859370311340628}"
Pt-ref,333.0,0.696938775510204,j_lim (Arrhenius),j_lim = j_lim_ref * exp(-Ea/R * (1/T - 1/Tref)),6.638598726708614,"{'j_lim_ref': 4.0, 'Ea': 12000.0, 'R': 8.314462618, 'T': 333.0, 'T_ref': 298.15}"
Pt-ref,333.0,0.696938775510204,η_conc,η = -(RT/(nF))·ln(1 - j/j_lim),0.0015913549815543709,"{'R': 8.314462618, 'T': 333.0, 'n': 2, 'F': 96485.33212, 'j': 0.696938775510204, 'j_lim': 6.638598726708614, 'prefactor': 0.014347859881699497}"
Pt-ref,333.0,0.696938775510204,V_cell,V = V_rev + η_act + η_ohm + η_conc,1.367540629323342,"{'V_rev': 1.25943737599895, 'eta_act': 0.0656756746423722, 'eta_ohm': 0.0408362237004658, 'eta_conc': 0.0015913549815543709}"
Pt-ref,333.0,0.7171428571428571,Potencial reversible (aprox. lineal),V_rev = V_ref + (ΔS/(nF))·(T - T_ref),1.25943737599895,"{'V_ref': 1.23, 'ΔS_ref': 163.0, 'n': 2, 'F': 96485.33212, 'T': 333.0, 'T_ref': 298.15, 'slope': 0.0008446879770143449}"
Pt-ref,333.0,0.7171428571428571,j0(T) Pt-ref,j0 = j0_ref * exp(-Ea/R * (1/T - 1/Tref)),0.07140302090715395,"{'j0_ref': 0.02, 'Ea': 30000.0, 'R': 8.314462618, 'T': 333.0, 'T_ref': 298.0}"
Pt-ref,333.0,0.7171428571428571,η_act BV Pt-ref,j = j0[exp(α_a nFη/RT) - exp(-α_c nFη/RT)],0.06647948932183428,"{'alpha_a': 0.5, 'alpha_c': 0.5, 'n': 2, 'F': 96485.33212, 'R': 8.314462618, 'T': 333.0, 'beta_a': 34.84840276686443, 'beta_c': 34.84840276686443, 'j': 0.7171428571428571, 'j0': 0.07140302090715395, 'eta': 0.06647948932183428}"
Pt-ref,333.0,0.7171428571428571,R capa membrana,R = delta / kappa(T),0.026542967213653592,"{'delta': 0.005, 'kappa_ref': 0.1, 'Ea_kappa': 15000, 'T': 333.0, 'T_ref': 298.15, 'kappa(T)': 0.1883738151711999}"
Pt-ref,333.0,0.7171428571428571,R capa electrolito,R = delta / kappa(T),0.01205073589975269,"{'delta': 0.01, 'kappa_ref': 0.5, 'Ea_kappa': 12000, 'T': 333.0, 'T_ref': 298.15, 'kappa(T)': 0.8298248408385768}"
Pt-ref,333.0,0.7171428571428571,Perdida ohmica total,η_ohm = j · R_total,0.0420200556613285,"{'j': 0.7171428571428571, 'R_total': 0.05859370311340628}"
Pt-ref,333.0,0.7171428571428571,j_lim (Arrhenius),j_lim = j_lim_ref * exp(-Ea/R * (1/T - 1/Tref)),6.638598726708614,"{'j_lim_ref': 4.0, 'Ea': 12000.0, 'R': 8.314462618, 'T': 333.0, 'T_ref': 298.15}"
Pt-ref,333.0,0.7171428571428571,η_conc,η = -(RT/(nF))·ln(1 - j/j_lim),0.001640226731094685,"{'R': 8.314462618, 'T': 333.0, 'n': 2, 'F': 96485.33212, 'j': 0.7171428571428571, 'j_lim': 6.638598726708614, 'prefactor': 0.014347859881699497}"
Pt-ref,333.0,0.7171428571428571,V_cell,V = V_rev + η_act + η_ohm + η_conc,1.3695771477132075,"{'V_rev': 1.25943737599895, 'eta_act': 0.06647948932183428, 'eta_ohm': 0.0420200556613285, 'eta_conc': 0.001640226731094685}"
Pt-ref,333.0,0.7373469387755103,Potencial reversible (aprox. lineal),V_rev = V_ref + (ΔS/(nF))·(T - T_ref),1.25943737599895,"{'V_ref': 1.23, 'ΔS_ref': 163.0, 'n': 2, 'F': 96485.33212, 'T': 333.0, 'T_ref': 298.15, 'slope': 0.0008446879770143449}"
Pt-ref,333.0,0.7373469387755103,j0(T) Pt-ref,j0 = j0_ref * exp(-Ea/R * (1/T - 1/Tref)),0.07140302090715395,"{'j0_ref': 0.02, 'Ea': 30000.0, 'R': 8.314462618, 'T': 333.0, 'T_ref': 298.0}"
Pt-ref,333.0,0.7373469387755103,η_act BV Pt-ref,j = j0[exp(α_a nFη/RT) - exp(-α_c nFη/RT)],0.0672618108022492,"{'alpha_a': 0.5, 'alpha_c': 0.5, 'n': 2, 'F': 96485.33212, 'R': 8.314462618, 'T': 333.0, 'beta_a': 34.84840276686443, 'beta_c': 34.84840276686443, 'j': 0.7373469387755103, 'j0': 0.07140302090715395, 'eta': 0.0672618108022492}"
Pt-ref,333.0,0.7373469387755103,R capa membrana,R = delta / kappa(T),0.026542967213653592,"{'delta': 0.005, 'kappa_ref': 0.1, 'Ea_kappa': 15000, 'T': 333.0, 'T_ref': 298.15, 'kappa(T)': 0.1883738151711999}"
Pt-ref,333.0,0.7373469387755103,R capa electrolito,R = delta / kappa(T),0.01205073589975269,"{'delta': 0.01, 'kappa_ref': 0.5, 'Ea_kappa': 12000, 'T': 333.0, 'T_ref': 298.15, 'kappa(T)': 0.8298248408385768}"
Pt-ref,333.0,0.7373469387755103,Perdida ohmica total,η_ohm = j · R_total,0.043203887622191205,"{'j': 0.7373469387755103, 'R_total': 0.05859370311340628}"
Pt-ref,333.0,0.7373469387755103,j_lim (Arrhenius),j_lim = j_lim_ref * exp(-Ea/R * (1/T - 1/Tref)),6.638598726708614,"{'j_lim_ref': 4.0, 'Ea': 12000.0, 'R': 8.314462618, 'T': 333.0, 'T_ref': 298.15}"
Pt-ref,333.0,0.7373469387755103,η_conc,η = -(RT/(nF))·ln(1 - j/j_lim),0.001689265516945971,"{'R': 8.314462618, 'T': 333.0, 'n': 2, 'F': 96485.33212, 'j': 0.7373469387755103, 'j_lim': 6.638598726708614, 'prefactor': 0.014347859881699497}"
Pt-ref,333.0,0.7373469387755103,V_cell,V = V_rev + η_act + η_ohm + η_conc,1.3715923399403362,"{'V_rev': 1.25943737599895, 'eta_act': 0.0672618108022492, 'eta_ohm': 0.043203887622191205, 'eta_conc': 0.001689265516945971}"
Pt-ref,333.0,0.7575510204081634,Potencial reversible (aprox. lineal),V_rev = V_ref + (ΔS/(nF))·(T - T_ref),1.25943737599895,"{'V_ref': 1.23, 'ΔS_ref': 163.0, 'n': 2, 'F': 96485.33212, 'T': 333.0, 'T_ref': 298.15, 'slope': 0.0008446879770143449}"
Pt-ref,333.0,0.7575510204081634,j0(T) Pt-ref,j0 = j0_ref * exp(-Ea/R * (1/T - 1/Tref)),0.07140302090715395,"{'j0_ref': 0.02, 'Ea': 30000.0, 'R': 8.314462618, 'T': 333.0, 'T_ref': 298.0}"
Pt-ref,333.0,0.7575510204081634,η_act BV Pt-ref,j = j0[exp(α_a nFη/RT) - exp(-α_c nFη/RT)],0.06802373811437276,"{'alpha_a': 0.5, 'alpha_c': 0.5, 'n': 2, 'F': 96485.33212, 'R': 8.314462618, 'T': 333.0, 'beta_a': 34.84840276686443, 'beta_c': 34.84840276686443, 'j': 0.7575510204081634, 'j0': 0.07140302090715395, 'eta': 0.06802373811437276}"
Pt-ref,333.0,0.7575510204081634,R capa membrana,R = delta / kappa(T),0.026542967213653592,"{'delta': 0.005, 'kappa_ref': 0.1, 'Ea_kappa': 15000, 'T': 333.0, 'T_ref': 298.15, 'kappa(T)': 0.1883738151711999}"
Pt-ref,333.0,0.7575510204081634,R capa electrolito,R = delta / kappa(T),0.01205073589975269,"{'delta': 0.01, 'kappa_ref': 0.5, 'Ea_kappa': 12000, 'T': 333.0, 'T_ref': 298.15, 'kappa(T)': 0.8298248408385768}"
Pt-ref,333.0,0.7575510204081634,Perdida ohmica total,η_ohm = j · R_total,0.04438771958305391,"{'j': 0.7575510204081634, 'R_total': 0.05859370311340628}"
Pt-ref,333.0,0.7575510204081634,j_lim (Arrhenius),j_lim = j_lim_ref * exp(-Ea/R * (1/T - 1/Tref)),6.638598726708614,"{'j_lim_ref': 4.0, 'Ea': 12000.0, 'R': 8.314462618, 'T': 333.0, 'T_ref': 298.15}"
Pt-ref,333.0,0.7575510204081634,η_conc,η = -(RT/(nF))·ln(1 - j/j_lim),0.001738472484835394,"{'R': 8.314462618, 'T': 333.0, 'n': 2, 'F': 96485.33212, 'j': 0.7575510204081634, 'j_lim': 6.638598726708614, 'prefactor': 0.014347859881699497}"
Pt-ref,333.0,0.7575510204081634,V_cell,V = V_rev + η_act + η_ohm + η_conc,1.373587306181212,"{'V_rev': 1.25943737599895, 'eta_act': 0.06802373811437276, 'eta_ohm': 0.04438771958305391, 'eta_conc': 0.001738472484835394}"
Pt-ref,333.0,0.7777551020408163,Potencial reversible (aprox. lineal),V_rev = V_ref + (ΔS/(nF))·(T - T_ref),1.25943737599895,"{'V_ref': 1.23, 'ΔS_ref': 163.0, 'n': 2, 'F': 96485.33212, 'T': 333.0, 'T_ref': 298.15, 'slope': 0.0008446879770143449}"
Pt-ref,333.0,0.7777551020408163,j0(T) Pt-ref,j0 = j0_ref * exp(-Ea/R * (1/T - 1/Tref)),0.07140302090715395,"{'j0_ref': 0.02, 'Ea': 30000.0, 'R': 8.314462618, 'T': 333.0, 'T_ref': 298.0}"
Pt-ref,333.0,0.7777551020408163,η_act BV Pt-ref,j = j0[exp(α_a nFη/RT) - exp(-α_c nFη/RT)],0.06876628960511216,"{'alpha_a': 0.5, 'alpha_c': 0.5, 'n': 2, 'F': 96485.33212, 'R': 8.314462618, 'T': 333.0, 'beta_a': 34.84840276686443, 'beta_c': 34.84840276686443, 'j': 0.7777551020408163, 'j0': 0.07140302090715395, 'eta': 0.06876628960511216}"
Pt-ref,333.0,0.7777551020408163,R capa membrana,R = delta / kappa(T),0.026542967213653592,"{'delta': 0.005, 'kappa_ref': 0.1, 'Ea_kappa': 15000, 'T': 333.0, 'T_ref': 298.15, 'kappa(T)': 0.1883738151711999}"
Pt-ref,333.0,0.7777551020408163,R capa electrolito,R = delta / kappa(T),0.01205073589975269,"{'delta': 0.01, 'kappa_ref': 0.5, 'Ea_kappa': 12000, 'T': 333.0, 'T_ref': 298.15, 'kappa(T)': 0.8298248408385768}"
Pt-ref,333.0,0.7777551020408163,Perdida ohmica total,η_ohm = j · R_total,0.0455715515439166,"{'j': 0.7777551020408163, 'R_total': 0.05859370311340628}"
Pt-ref,333.0,0.7777551020408163,j_lim (Arrhenius),j_lim = j_lim_ref * exp(-Ea/R * (1/T - 1/Tref)),6.638598726708614,"{'j_lim_ref': 4.0, 'Ea': 12000.0, 'R': 8.314462618, 'T': 333.0, 'T_ref': 298.15}"
Pt-ref,333.0,0.7777551020408163,η_conc,η = -(RT/(nF))·ln(1 - j/j_lim),0.001787848792318772,"{'R': 8.314462618, 'T': 333.0, 'n': 2, 'F': 96485.33212, 'j': 0.7777551020408163, 'j_lim': 6.638598726708614, 'prefactor': 0.014347859881699497}"
Pt-ref,333.0,0.7777551020408163,V_cell,V = V_rev + η_act + η_ohm + η_conc,1.3755630659402975,"{'V_rev': 1.25943737599895, 'eta_act': 0.06876628960511216, 'eta_ohm': 0.0455715515439166, 'eta_conc': 0.001787848792318772}"
Pt-ref,333.0,0.7979591836734694,Potencial reversible (aprox. lineal),V_rev = V_ref + (ΔS/(nF))·(T - T_ref),1.25943737599895,"{'V_ref': 1.23, 'ΔS_ref': 163.0, 'n': 2, 'F': 96485.33212, 'T': 333.0, 'T_ref': 298.15, 'slope': 0.0008446879770143449}"
Pt-ref,333.0,0.7979591836734694,j0(T) Pt-ref,j0 = j0_ref * exp(-Ea/R * (1/T - 1/Tref)),0.07140302090715395,"{'j0_ref': 0.02, 'Ea': 30000.0, 'R': 8.314462618, 'T': 333.0, 'T_ref': 298.0}"
Pt-ref,333.0,0.7979591836734694,η_act BV Pt-ref,j = j0[exp(α_a nFη/RT) - exp(-α_c nFη/RT)],0.06949041049963303,"{'alpha_a': 0.5, 'alpha_c': 0.5, 'n': 2, 'F': 96485.33212, 'R': 8.314462618, 'T': 333.0, 'beta_a': 34.84840276686443, 'beta_c': 34.84840276686443, 'j': 0.7979591836734694, 'j0': 0.07140302090715395, 'eta': 0.06949041049963303}"
Pt-ref,333.0,0.7979591836734694,R capa membrana,R = delta / kappa(T),0.026542967213653592,"{'delta': 0.005, 'kappa_ref': 0.1, 'Ea_kappa': 15000, 'T': 333.0, 'T_ref': 298.15, 'kappa(T)': 0.1883738151711999}"
Pt-ref,333.0,0.7979591836734694,R capa electrolito,R = delta / kappa(T),0.01205073589975269,"{'delta': 0.01, 'kappa_ref': 0.5, 'Ea_kappa': 12000, 'T': 333.0, 'T_ref': 298.15, 'kappa(T)': 0.8298248408385768}"
Pt-ref,333.0,0.7979591836734694,Perdida ohmica total,η_ohm = j · R_total,0.0467553835047793,"{'j': 0.7979591836734694, 'R_total': 0.05859370311340628}"
Pt-ref,333.0,0.7979591836734694,j_lim (Arrhenius),j_lim = j_lim_ref * exp(-Ea/R * (1/T - 1/Tref)),6.638598726708614,"{'j_lim_ref': 4.0, 'Ea': 12000.0, 'R': 8.314462618, 'T': 333.0, 'T_ref': 298.15}"
Pt-ref,333.0,0.7979591836734694,η_conc,η = -(RT/(nF))·ln(1 - j/j_lim),0.0018373956089439618,"{'R': 8.314462618, 'T': 333.0, 'n': 2, 'F': 96485.33212, 'j': 0.7979591836734694, 'j_lim': 6.638598726708614, 'prefactor': 0.014347859881699497}"
Pt-ref,333.0,0.7979591836734694,V_cell,V = V_rev + η_act + η_ohm + η_conc,1.3775205656123062,"{'V_rev': 1.25943737599895, 'eta_act': 0.06949041049963303, 'eta_ohm': 0.0467553835047793, 'eta_conc': 0.0018373956089439618}"
Pt-ref,333.0,0.8181632653061225,Potencial reversible (aprox. lineal),V_rev = V_ref + (ΔS/(nF))·(T - T_ref),1.25943737599895,"{'V_ref': 1.23, 'ΔS_ref': 163.0, 'n': 2, 'F': 96485.33212, 'T': 333.0, 'T_ref': 298.15, 'slope': 0.0008446879770143449}"
Pt-ref,333.0,0.8181632653061225,j0(T) Pt-ref,j0 = j0_ref * exp(-Ea/R * (1/T - 1/Tref)),0.07140302090715395,"{'j0_ref': 0.02, 'Ea': 30000.0, 'R': 8.314462618, 'T': 333.0, 'T_ref': 298.0}"
Pt-ref,333.0,0.8181632653061225,η_act BV Pt-ref,j = j0[exp(α_a nFη/RT) - exp(-α_c nFη/RT)],0.07019697961545043,"{'alpha_a': 0.5, 'alpha_c': 0.5, 'n': 2, 'F': 96485.33212, 'R': 8.314462618, 'T': 333.0, 'beta_a': 34.84840276686443, 'beta_c': 34.84840276686443, 'j': 0.8181632653061225, 'j0': 0.07140302090715395, 'eta': 0.07019697961545043}"
Pt-ref,333.0,0.8181632653061225,R capa membrana,R = delta / kappa(T),0.026542967213653592,"{'delta': 0.005, 'kappa_ref': 0.1, 'Ea_kappa': 15000, 'T': 333.0, 'T_ref': 298.15, 'kappa(T)': 0.1883738151711999}"
Pt-ref,333.0,0.8181632653061225,R capa electrolito,R = delta / kappa(T),0.01205073589975269,"{'delta': 0.01, 'kappa_ref': 0.5, 'Ea_kappa': 12000, 'T': 333.0, 'T_ref': 298.15, 'kappa(T)': 0.8298248408385768}"
Pt-ref,333.0,0.8181632653061225,Perdida ohmica total,η_ohm = j · R_total,0.047939215465642,"{'j': 0.8181632653061225, 'R_total': 0.05859370311340628}"
Pt-ref,333.0,0.8181632653061225,j_lim (Arrhenius),j_lim = j_lim_ref * exp(-Ea/R * (1/T - 1/Tref)),6.638598726708614,"{'j_lim_ref': 4.0, 'Ea': 12000.0, 'R': 8.314462618, 'T': 333.0, 'T_ref': 298.15}"
Pt-ref,333.0,0.8181632653061225,η_conc,η = -(RT/(nF))·ln(1 - j/j_lim),0.0018871141164170868,"{'R': 8.314462618, 'T': 333.0, 'n': 2, 'F': 96485.33212, 'j': 0.8181632653061225, 'j_lim': 6.638598726708614, 'prefactor': 0.014347859881699497}"
Pt-ref,333.0,0.8181632653061225,V_cell,V = V_rev + η_act + η_ohm + η_conc,1.3794606851964595,"{'V_rev': 1.25943737599895, 'eta_act': 0.07019697961545043, 'eta_ohm': 0.047939215465642, 'eta_conc': 0.0018871141164170868}"
Pt-ref,333.0,0.8383673469387755,Potencial reversible (aprox. lineal),V_rev = V_ref + (ΔS/(nF))·(T - T_ref),1.25943737599895,"{'V_ref': 1.23, 'ΔS_ref': 163.0, 'n': 2, 'F': 96485.33212, 'T': 333.0, 'T_ref': 298.15, 'slope': 0.0008446879770143449}"
Pt-ref,333.0,0.8383673469387755,j0(T) Pt-ref,j0 = j0_ref * exp(-Ea/R * (1/T - 1/Tref)),0.07140302090715395,"{'j0_ref': 0.02, 'Ea': 30000.0, 'R': 8.314462618, 'T': 333.0, 'T_ref': 298.0}"
Pt-ref,333.0,0.8383673469387755,η_act BV Pt-ref,j = j0[exp(α_a nFη/RT) - exp(-α_c nFη/RT)],0.07088681533759959,"{'alpha_a': 0.5, 'alpha_c': 0.5, 'n': 2, 'F': 96485.33212, 'R': 8.314462618, 'T': 333.0, 'beta_a': 34.84840276686443, 'beta_c': 34.84840276686443, 'j': 0.8383673469387755, 'j0': 0.07140302090715395, 'eta': 0.07088681533759959}"
Pt-ref,333.0,0.8383673469387755,R capa membrana,R = delta / kappa(T),0.026542967213653592,"{'delta': 0.005, 'kappa_ref': 0.1, 'Ea_kappa': 15000, 'T': 333.0, 'T_ref': 298.15, 'kappa(T)': 0.1883738151711999}"
Pt-ref,333.0,0.8383673469387755,R capa electrolito,R = delta / kappa(T),0.01205073589975269,"{'delta': 0.01, 'kappa_ref': 0.5, 'Ea_kappa': 12000, 'T': 333.0, 'T_ref': 298.15, 'kappa(T)': 0.8298248408385768}"
Pt-ref,333.0,0.8383673469387755,Perdida ohmica total,η_ohm = j · R_total,0.04912304742650469,"{'j': 0.8383673469387755, 'R_total': 0.05859370311340628}"
Pt-ref,333.0,0.8383673469387755,j_lim (Arrhenius),j_lim = j_lim_ref * exp(-Ea/R * (1/T - 1/Tref)),6.638598726708614,"{'j_lim_ref': 4.0, 'Ea': 12000.0, 'R': 8.314462618, 'T': 333.0, 'T_ref': 298.15}"
Pt-ref,333.0,0.8383673469387755,η_conc,η = -(RT/(nF))·ln(1 - j/j_lim),0.0019370055087716393,"{'R': 8.314462618, 'T': 333.0, 'n': 2, 'F': 96485.33212, 'j': 0.8383673469387755, 'j_lim': 6.638598726708614, 'prefactor': 0.014347859881699497}"
Pt-ref,333.0,0.8383673469387755,V_cell,V = V_rev + η_act + η_ohm + η_conc,1.381384244271826,"{'V_rev': 1.25943737599895, 'eta_act': 0.07088681533759959, 'eta_ohm': 0.04912304742650469, 'eta_conc': 0.0019370055087716393}"
Pt-ref,333.0,0.8585714285714285,Potencial reversible (aprox. lineal),V_rev = V_ref + (ΔS/(nF))·(T - T_ref),1.25943737599895,"{'V_ref': 1.23, 'ΔS_ref': 163.0, 'n': 2, 'F': 96485.33212, 'T': 333.0, 'T_ref': 298.15, 'slope': 0.0008446879770143449}"
Pt-ref,333.0,0.8585714285714285,j0(T) Pt-ref,j0 = j0_ref * exp(-Ea/R * (1/T - 1/Tref)),0.07140302090715395,"{'j0_ref': 0.02, 'Ea': 30000.0, 'R': 8.314462618, 'T': 333.0, 'T_ref': 298.0}"
Pt-ref,333.0,0.8585714285714285,η_act BV Pt-ref,j = j0[exp(α_a nFη/RT) - exp(-α_c nFη/RT)],0.07156068094836754,"{'alpha_a': 0.5, 'alpha_c': 0.5, 'n': 2, 'F': 96485.33212, 'R': 8.314462618, 'T': 333.0, 'beta_a': 34.84840276686443, 'beta_c': 34.84840276686443, 'j': 0.8585714285714285, 'j0': 0.07140302090715395, 'eta': 0.07156068094836754}"
Pt-ref,333.0,0.8585714285714285,R capa membrana,R = delta / kappa(T),0.026542967213653592,"{'delta': 0.005, 'kappa_ref': 0.1, 'Ea_kappa': 15000, 'T': 333.0, 'T_ref': 298.15, 'kappa(T)': 0.1883738151711999}"
Pt-ref,333.0,0.8585714285714285,R capa electrolito,R = delta / kappa(T),0.01205073589975269,"{'delta': 0.01, 'kappa_ref': 0.5, 'Ea_kappa': 12000, 'T': 333.0, 'T_ref': 298.15, 'kappa(T)': 0.8298248408385768}"
Pt-ref,333.0,0.8585714285714285,Perdida ohmica total,η_ohm = j · R_total,0.050306879387367394,"{'j': 0.8585714285714285, 'R_total': 0.05859370311340628}"
Pt-ref,333.0,0.8585714285714285,j_lim (Arrhenius),j_lim = j_lim_ref * exp(-Ea/R * (1/T - 1/Tref)),6.638598726708614,"{'j_lim_ref': 4.0, 'Ea': 12000.0, 'R': 8.314462618, 'T': 333.0, 'T_ref': 298.15}"
Pt-ref,333.0,0.8585714285714285,η_conc,η = -(RT/(nF))·ln(1 - j/j_lim),0.001987070992540546,"{'R': 8.314462618, 'T': 333.0, 'n': 2, 'F': 96485.33212, 'j': 0.8585714285714285, 'j_lim': 6.638598726708614, 'prefactor': 0.014347859881699497}"
Pt-ref,333.0,0.8585714285714285,V_cell,V = V_rev + η_act + η_ohm + η_conc,1.3832920073272252,"{'V_rev': 1.25943737599895, 'eta_act': 0.07156068094836754, 'eta_ohm': 0.050306879387367394, 'eta_conc': 0.001987070992540546}"
Pt-ref,333.0,0.8787755102040816,Potencial reversible (aprox. lineal),V_rev = V_ref + (ΔS/(nF))·(T - T_ref),1.25943737599895,"{'V_ref': 1.23, 'ΔS_ref': 163.0, 'n': 2, 'F': 96485.33212, 'T': 333.0, 'T_ref': 298.15, 'slope': 0.0008446879770143449}"
Pt-ref,333.0,0.8787755102040816,j0(T) Pt-ref,j0 = j0_ref * exp(-Ea/R * (1/T - 1/Tref)),0.07140302090715395,"{'j0_ref': 0.02, 'Ea': 30000.0, 'R': 8.314462618, 'T': 333.0, 'T_ref': 298.0}"
Pt-ref,333.0,0.8787755102040816,η_act BV Pt-ref,j = j0[exp(α_a nFη/RT) - exp(-α_c nFη/RT)],0.07221928939187586,"{'alpha_a': 0.5, 'alpha_c': 0.5, 'n': 2, 'F': 96485.33212, 'R': 8.314462618, 'T': 333.0, 'beta_a': 34.84840276686443, 'beta_c': 34.84840276686443, 'j': 0.8787755102040816, 'j0': 0.07140302090715395, 'eta': 0.07221928939187586}"
Pt-ref,333.0,0.8787755102040816,R capa membrana,R = delta / kappa(T),0.026542967213653592,"{'delta': 0.005, 'kappa_ref': 0.1, 'Ea_kappa': 15000, 'T': 333.0, 'T_ref': 298.15, 'kappa(T)': 0.1883738151711999}"
Pt-ref,333.0,0.8787755102040816,R capa electrolito,R = delta / kappa(T),0.01205073589975269,"{'delta': 0.01, 'kappa_ref': 0.5, 'Ea_kappa': 12000, 'T': 333.0, 'T_ref': 298.15, 'kappa(T)': 0.8298248408385768}"
Pt-ref,333.0,0.8787755102040816,Perdida ohmica total,η_ohm = j · R_total,0.05149071134823009,"{'j': 0.8787755102040816, 'R_total': 0.05859370311340628}"
Pt-ref,333.0,0.8787755102040816,j_lim (Arrhenius),j_lim = j_lim_ref * exp(-Ea/R * (1/T - 1/Tref)),6.638598726708614,"{'j_lim_ref': 4.0, 'Ea': 12000.0, 'R': 8.314462618, 'T': 333.0, 'T_ref': 298.15}"
Pt-ref,333.0,0.8787755102040816,η_conc,η = -(RT/(nF))·ln(1 - j/j_lim),0.0020373117869312463,"{'R': 8.314462618, 'T': 333.0, 'n': 2, 'F': 96485.33212, 'j': 0.8787755102040816, 'j_lim': 6.638598726708614, 'prefactor': 0.014347859881699497}"
Pt-ref,333.0,0.8787755102040816,V_cell,V = V_rev + η_act + η_ohm + η_conc,1.385184688525987,"{'V_rev': 1.25943737599895, 'eta_act': 0.07221928939187586, 'eta_ohm': 0.05149071134823009, 'eta_conc': 0.0020373117869312463}"
Pt-ref,333.0,0.8989795918367347,Potencial reversible (aprox. lineal),V_rev = V_ref + (ΔS/(nF))·(T - T_ref),1.25943737599895,"{'V_ref': 1.23, 'ΔS_ref': 163.0, 'n': 2, 'F': 96485.33212, 'T': 333.0, 'T_ref': 298.15, 'slope': 0.0008446879770143449}"
Pt-ref,333.0,0.8989795918367347,j0(T) Pt-ref,j0 = j0_ref * exp(-Ea/R * (1/T - 1/Tref)),0.07140302090715395,"{'j0_ref': 0.02, 'Ea': 30000.0, 'R': 8.314462618, 'T': 333.0, 'T_ref': 298.0}"
Pt-ref,333.0,0.8989795918367347,η_act BV Pt-ref,j = j0[exp(α_a nFη/RT) - exp(-α_c nFη/RT)],0.07286330754264193,"{'alpha_a': 0.5, 'alpha_c': 0.5, 'n': 2, 'F': 96485.33212, 'R': 8.314462618, 'T': 333.0, 'beta_a': 34.84840276686443, 'beta_c': 34.84840276686443, 'j': 0.8989795918367347, 'j0': 0.07140302090715395, 'eta': 0.07286330754264193}"
Pt-ref,333.0,0.8989795918367347,R capa membrana,R = delta / kappa(T),0.026542967213653592,"{'delta': 0.005, 'kappa_ref': 0.1, 'Ea_kappa': 15000, 'T': 333.0, 'T_ref': 298.15, 'kappa(T)': 0.1883738151711999}"
Pt-ref,333.0,0.8989795918367347,R capa electrolito,R = delta / kappa(T),0.01205073589975269,"{'delta': 0.01, 'kappa_ref': 0.5, 'Ea_kappa': 12000, 'T': 333.0, 'T_ref': 298.15, 'kappa(T)': 0.8298248408385768}"
Pt-ref,333.0,0.8989795918367347,Perdida ohmica total,η_ohm = j · R_total,0.05267454330909279,"{'j': 0.8989795918367347, 'R_total': 0.05859370311340628}"
Pt-ref,333.0,0.8989795918367347,j_lim (Arrhenius),j_lim = j_lim_ref * exp(-Ea/R * (1/T - 1/Tref)),6.638598726708614,"{'j_lim_ref': 4.0, 'Ea': 12000.0, 'R': 8.314462618, 'T': 333.0, 'T_ref': 298.15}"
Pt-ref,333.0,0.8989795918367347,η_conc,η = -(RT/(nF))·ln(1 - j/j_lim),0.002087729124003835,"{'R': 8.314462618, 'T': 333.0, 'n': 2, 'F': 96485.33212, 'j': 0.8989795918367347, 'j_lim': 6.638598726708614, 'prefactor': 0.014347859881699497}"
Pt-ref,333.0,0.8989795918367347,V_cell,V = V_rev + η_act + η_ohm + η_conc,1.3870629559746883,"{'V_rev': 1.25943737599895, 'eta_act': 0.07286330754264193, 'eta_ohm': 0.05267454330909279, 'eta_conc': 0.002087729124003835}"
Pt-ref,333.0,0.9191836734693877,Potencial reversible (aprox. lineal),V_rev = V_ref + (ΔS/(nF))·(T - T_ref),1.25943737599895,"{'V_ref': 1.23, 'ΔS_ref': 163.0, 'n': 2, 'F': 96485.33212, 'T': 333.0, 'T_ref': 298.15, 'slope': 0.0008446879770143449}"
Pt-ref,333.0,0.9191836734693877,j0(T) Pt-ref,j0 = j0_ref * exp(-Ea/R * (1/T - 1/Tref)),0.07140302090715395,"{'j0_ref': 0.02, 'Ea': 30000.0, 'R': 8.314462618, 'T': 333.0, 'T_ref': 298.0}"
Pt-ref,333.0,0.9191836734693877,η_act BV Pt-ref,j = j0[exp(α_a nFη/RT) - exp(-α_c nFη/RT)],0.07349336003777554,"{'alpha_a': 0.5, 'alpha_c': 0.5, 'n': 2, 'F': 96485.33212, 'R': 8.314462618, 'T': 333.0, 'beta_a': 34.84840276686443, 'beta_c': 34.84840276686443, 'j': 0.9191836734693877, 'j0': 0.07140302090715395, 'eta': 0.07349336003777554}"
Pt-ref,333.0,0.9191836734693877,R capa membrana,R = delta / kappa(T),0.026542967213653592,"{'delta': 0.005, 'kappa_ref': 0.1, 'Ea_kappa': 15000, 'T': 333.0, 'T_ref': 298.15, 'kappa(T)': 0.1883738151711999}"
Pt-ref,333.0,0.9191836734693877,R capa electrolito,R = delta / kappa(T),0.01205073589975269,"{'delta': 0.01, 'kappa_ref': 0.5, 'Ea_kappa': 12000, 'T': 333.0, 'T_ref': 298.15, 'kappa(T)': 0.8298248408385768}"
Pt-ref,333.0,0.9191836734693877,Perdida ohmica total,η_ohm = j · R_total,0.05385837526995548,"{'j': 0.9191836734693877, 'R_total': 0.05859370311340628}"
Pt-ref,333.0,0.9191836734693877,j_lim (Arrhenius),j_lim = j_lim_ref * exp(-Ea/R * (1/T - 1/Tref)),6.638598726708614,"{'j_lim_ref': 4.0, 'Ea': 12000.0, 'R': 8.314462618, 'T': 333.0, 'T_ref': 298.15}"
Pt-ref,333.0,0.9191836734693877,η_conc,η = -(RT/(nF))·ln(1 - j/j_lim),0.0021383242488523554,"{'R': 8.314462618, 'T': 333.0, 'n': 2, 'F': 96485.33212, 'j': 0.9191836734693877, 'j_lim': 6.638598726708614, 'prefactor': 0.014347859881699497}"
Pt-ref,333.0,0.9191836734693877,V_cell,V = V_rev + η_act + η_ohm + η_conc,1.3889274355555334,"{'V_rev': 1.25943737599895, 'eta_act': 0.07349336003777554, 'eta_ohm': 0.05385837526995548, 'eta_conc': 0.0021383242488523554}"
Pt-ref,333.0,0.9393877551020408,Potencial reversible (aprox. lineal),V_rev = V_ref + (ΔS/(nF))·(T - T_ref),1.25943737599895,"{'V_ref': 1.23, 'ΔS_ref': 163.0, 'n': 2, 'F': 96485.33212, 'T': 333.0, 'T_ref': 298.15, 'slope': 0.0008446879770143449}"
Pt-ref,333.0,0.9393877551020408,j0(T) Pt-ref,j0 = j0_ref * exp(-Ea/R * (1/T - 1/Tref)),0.07140302090715395,"{'j0_ref': 0.02, 'Ea': 30000.0, 'R': 8.314462618, 'T': 333.0, 'T_ref': 298.0}"
Pt-ref,333.0,0.9393877551020408,η_act BV Pt-ref,j = j0[exp(α_a nFη/RT) - exp(-α_c nFη/RT)],0.07411003272441868,"{'alpha_a': 0.5, 'alpha_c': 0.5, 'n': 2, 'F': 96485.33212, 'R': 8.314462618, 'T': 333.0, 'beta_a': 34.84840276686443, 'beta_c': 34.84840276686443, 'j': 0.9393877551020408, 'j0': 0.07140302090715395, 'eta': 0.07411003272441868}"
Pt-ref,333.0,0.9393877551020408,R capa membrana,R = delta / kappa(T),0.026542967213653592,"{'delta': 0.005, 'kappa_ref': 0.1, 'Ea_kappa': 15000, 'T': 333.0, 'T_ref': 298.15, 'kappa(T)': 0.1883738151711999}"
Pt-ref,333.0,0.9393877551020408,R capa electrolito,R = delta / kappa(T),0.01205073589975269,"{'delta': 0.01, 'kappa_ref': 0.5, 'Ea_kappa': 12000, 'T': 333.0, 'T_ref': 298.15, 'kappa(T)': 0.8298248408385768}"
Pt-ref,333.0,0.9393877551020408,Perdida ohmica total,η_ohm = j · R_total,0.05504220723081818,"{'j': 0.9393877551020408, 'R_total': 0.05859370311340628}"
Pt-ref,333.0,0.9393877551020408,j_lim (Arrhenius),j_lim = j_lim_ref * exp(-Ea/R * (1/T - 1/Tref)),6.638598726708614,"{'j_lim_ref': 4.0, 'Ea': 12000.0, 'R': 8.314462618, 'T': 333.0, 'T_ref': 298.15}"
Pt-ref,333.0,0.9393877551020408,η_conc,η = -(RT/(nF))·ln(1 - j/j_lim),0.002189098419789301,"{'R': 8.314462618, 'T': 333.0, 'n': 2, 'F': 96485.33212, 'j': 0.9393877551020408, 'j_lim': 6.638598726708614, 'prefactor': 0.014347859881699497}"
Pt-ref,333.0,0.9393877551020408,V_cell,V = V_rev + η_act + η_ohm + η_conc,1.3907787143739758,"{'V_rev': 1.25943737599895, 'eta_act': 0.07411003272441868, 'eta_ohm': 0.05504220723081818, 'eta_conc': 0.002189098419789301}"
Pt-ref,333.0,0.959591836734694,Potencial reversible (aprox. lineal),V_rev = V_ref + (ΔS/(nF))·(T - T_ref),1.25943737599895,"{'V_ref': 1.23, 'ΔS_ref': 163.0, 'n': 2, 'F': 96485.33212, 'T': 333.0, 'T_ref': 298.15, 'slope': 0.0008446879770143449}"
Pt-ref,333.0,0.959591836734694,j0(T) Pt-ref,j0 = j0_ref * exp(-Ea/R * (1/T - 1/Tref)),0.07140302090715395,"{'j0_ref': 0.02, 'Ea': 30000.0, 'R': 8.314462618, 'T': 333.0, 'T_ref': 298.0}"
Pt-ref,333.0,0.959591836734694,η_act BV Pt-ref,j = j0[exp(α_a nFη/RT) - exp(-α_c nFη/RT)],0.07471387576717758,"{'alpha_a': 0.5, 'alpha_c': 0.5, 'n': 2, 'F': 96485.33212, 'R': 8.314462618, 'T': 333.0, 'beta_a': 34.84840276686443, 'beta_c': 34.84840276686443, 'j': 0.959591836734694, 'j0': 0.07140302090715395, 'eta': 0.07471387576717758}"
Pt-ref,333.0,0.959591836734694,R capa membrana,R = delta / kappa(T),0.026542967213653592,"{'delta': 0.005, 'kappa_ref': 0.1, 'Ea_kappa': 15000, 'T': 333.0, 'T_ref': 298.15, 'kappa(T)': 0.1883738151711999}"
Pt-ref,333.0,0.959591836734694,R capa electrolito,R = delta / kappa(T),0.01205073589975269,"{'delta': 0.01, 'kappa_ref': 0.5, 'Ea_kappa': 12000, 'T': 333.0, 'T_ref': 298.15, 'kappa(T)': 0.8298248408385768}"
Pt-ref,333.0,0.959591836734694,Perdida ohmica total,η_ohm = j · R_total,0.05622603919168089,"{'j': 0.959591836734694, 'R_total': 0.05859370311340628}"
Pt-ref,333.0,0.959591836734694,j_lim (Arrhenius),j_lim = j_lim_ref * exp(-Ea/R * (1/T - 1/Tref)),6.638598726708614,"{'j_lim_ref': 4.0, 'Ea': 12000.0, 'R': 8.314462618, 'T': 333.0, 'T_ref': 298.15}"
Pt-ref,333.0,0.959591836734694,η_conc,η = -(RT/(nF))·ln(1 - j/j_lim),0.0022400529085333854,"{'R': 8.314462618, 'T': 333.0, 'n': 2, 'F': 96485.33212, 'j': 0.959591836734694, 'j_lim': 6.638598726708614, 'prefactor': 0.014347859881699497}"
Pt-ref,333.0,0.959591836734694,V_cell,V = V_rev + η_act + η_ohm + η_conc,1.3926173438663416,"{'V_rev': 1.25943737599895, 'eta_act': 0.07471387576717758, 'eta_ohm': 0.05622603919168089, 'eta_conc': 0.0022400529085333854}"
Pt-ref,333.0,0.9797959183673469,Potencial reversible (aprox. lineal),V_rev = V_ref + (ΔS/(nF))·(T - T_ref),1.25943737599895,"{'V_ref': 1.23, 'ΔS_ref': 163.0, 'n': 2, 'F': 96485.33212, 'T': 333.0, 'T_ref': 298.15, 'slope': 0.0008446879770143449}"
Pt-ref,333.0,0.9797959183673469,j0(T) Pt-ref,j0 = j0_ref * exp(-Ea/R * (1/T - 1/Tref)),0.07140302090715395,"{'j0_ref': 0.02, 'Ea': 30000.0, 'R': 8.314462618, 'T': 333.0, 'T_ref': 298.0}"
Pt-ref,333.0,0.9797959183673469,η_act BV Pt-ref,j = j0[exp(α_a nFη/RT) - exp(-α_c nFη/RT)],0.07530540645443917,"{'alpha_a': 0.5, 'alpha_c': 0.5, 'n': 2, 'F': 96485.33212, 'R': 8.314462618, 'T': 333.0, 'beta_a': 34.84840276686443, 'beta_c': 34.84840276686443, 'j': 0.9797959183673469, 'j0': 0.07140302090715395, 'eta': 0.07530540645443917}"
Pt-ref,333.0,0.9797959183673469,R capa membrana,R = delta / kappa(T),0.026542967213653592,"{'delta': 0.005, 'kappa_ref': 0.1, 'Ea_kappa': 15000, 'T': 333.0, 'T_ref': 298.15, 'kappa(T)': 0.1883738151711999}"
Pt-ref,333.0,0.9797959183673469,R capa electrolito,R = delta / kappa(T),0.01205073589975269,"{'delta': 0.01, 'kappa_ref': 0.5, 'Ea_kappa': 12000, 'T': 333.0, 'T_ref': 298.15, 'kappa(T)': 0.8298248408385768}"
Pt-ref,333.0,0.9797959183673469,Perdida ohmica total,η_ohm = j · R_total,0.05740987115254358,"{'j': 0.9797959183673469, 'R_total': 0.05859370311340628}"
Pt-ref,333.0,0.9797959183673469,j_lim (Arrhenius),j_lim = j_lim_ref * exp(-Ea/R * (1/T - 1/Tref)),6.638598726708614,"{'j_lim_ref': 4.0, 'Ea': 12000.0, 'R': 8.314462618, 'T': 333.0, 'T_ref': 298.15}"
Pt-ref,333.0,0.9797959183673469,η_conc,η = -(RT/(nF))·ln(1 - j/j_lim),0.0022911890004006738,"{'R': 8.314462618, 'T': 333.0, 'n': 2, 'F': 96485.33212, 'j': 0.9797959183673469, 'j_lim': 6.638598726708614, 'prefactor': 0.014347859881699497}"
Pt-ref,333.0,0.9797959183673469,V_cell,V = V_rev + η_act + η_ohm + η_conc,1.3944438426063333,"{'V_rev': 1.25943737599895, 'eta_act': 0.07530540645443917, 'eta_ohm': 0.05740987115254358, 'eta_conc': 0.0022911890004006738}"
Pt-ref,333.0,1.0,Potencial reversible (aprox. lineal),V_rev = V_ref + (ΔS/(nF))·(T - T_ref),1.25943737599895,"{'V_ref': 1.23, 'ΔS_ref': 163.0, 'n': 2, 'F': 96485.33212, 'T': 333.0, 'T_ref': 298.15, 'slope': 0.0008446879770143449}"
Pt-ref,333.0,1.0,j0(T) Pt-ref,j0 = j0_ref * exp(-Ea/R * (1/T - 1/Tref)),0.07140302090715395,"{'j0_ref': 0.02, 'Ea': 30000.0, 'R': 8.314462618, 'T': 333.0, 'T_ref': 298.0}"
Pt-ref,333.0,1.0,η_act BV Pt-ref,j = j0[exp(α_a nFη/RT) - exp(-α_c nFη/RT)],0.07588511173745072,"{'alpha_a': 0.5, 'alpha_c': 0.5, 'n': 2, 'F': 96485.33212, 'R': 8.314462618, 'T': 333.0, 'beta_a': 34.84840276686443, 'beta_c': 34.84840276686443, 'j': 1.0, 'j0': 0.07140302090715395, 'eta': 0.07588511173745072}"
Pt-ref,333.0,1.0,R capa membrana,R = delta / kappa(T),0.026542967213653592,"{'delta': 0.005, 'kappa_ref': 0.1, 'Ea_kappa': 15000, 'T': 333.0, 'T_ref': 298.15, 'kappa(T)': 0.1883738151711999}"
Pt-ref,333.0,1.0,R capa electrolito,R = delta / kappa(T),0.01205073589975269,"{'delta': 0.01, 'kappa_ref': 0.5, 'Ea_kappa': 12000, 'T': 333.0, 'T_ref': 298.15, 'kappa(T)': 0.8298248408385768}"
Pt-ref,333.0,1.0,Perdida ohmica total,η_ohm = j · R_total,0.05859370311340628,"{'j': 1.0, 'R_total': 0.05859370311340628}"
Pt-ref,333.0,1.0,j_lim (Arrhenius),j_lim = j_lim_ref * exp(-Ea/R * (1/T - 1/Tref)),6.638598726708614,"{'j_lim_ref': 4.0, 'Ea': 12000.0, 'R': 8.314462618, 'T': 333.0, 'T_ref': 298.15}"
Pt-ref,333.0,1.0,η_conc,η = -(RT/(nF))·ln(1 - j/j_lim),0.0023425079944991065,"{'R': 8.314462618, 'T': 333.0, 'n': 2, 'F': 96485.33212, 'j': 1.0, 'j_lim': 6.638598726708614, 'prefactor': 0.014347859881699497}"
Pt-ref,333.0,1.0,V_cell,V = V_rev + η_act + η_ohm + η_conc,1.3962586988443062,"{'V_rev': 1.25943737599895, 'eta_act': 0.07588511173745072, 'eta_ohm': 0.05859370311340628, 'eta_conc': 0.0023425079944991065}"
